year,london_county,district,sales,no_postcode,unmatched,no_grid_ref,matched_terminated
2015,true,BARKING AND DAGENHAM,2249,0,0,0,21
2016,true,BARKING AND DAGENHAM,2070,0,0,0,25
2017,true,BARKING AND DAGENHAM,1934,0,0,0,4
2018,true,BARKING AND DAGENHAM,1817,0,0,0,0
2019,true,BARKING AND DAGENHAM,1534,0,0,0,0
2020,true,BARKING AND DAGENHAM,1271,0,0,0,1
2021,true,BARKING AND DAGENHAM,1829,0,0,0,1
2022,true,BARKING AND DAGENHAM,1664,0,0,0,0
2023,true,BARKING AND DAGENHAM,1266,0,0,0,0
2024,true,BARKING AND DAGENHAM,1266,1,0,0,0
2025,true,BARKING AND DAGENHAM,1343,0,0,0,0
2015,true,BARNET,4973,1,0,0,0
2016,true,BARNET,4933,0,0,0,1
2017,true,BARNET,3905,0,1,0,0
2018,true,BARNET,3753,1,0,0,0
2019,true,BARNET,3674,2,0,0,0
2020,true,BARNET,3333,0,0,0,0
2021,true,BARNET,5027,0,0,0,0
2022,true,BARNET,4491,0,0,0,0
2023,true,BARNET,3126,0,0,0,0
2024,true,BARNET,3461,0,1,0,1
2025,true,BARNET,3567,0,0,0,0
2015,true,BEXLEY,3837,0,0,0,1
2016,true,BEXLEY,3378,0,0,0,0
2017,true,BEXLEY,3209,0,0,0,0
2018,true,BEXLEY,2994,0,0,0,1
2019,true,BEXLEY,2918,0,0,0,0
2020,true,BEXLEY,2749,0,0,0,0
2021,true,BEXLEY,4078,1,0,0,0
2022,true,BEXLEY,3246,0,0,0,0
2023,true,BEXLEY,2414,0,0,0,0
2024,true,BEXLEY,2716,0,0,0,0
2025,true,BEXLEY,2912,0,0,0,0
2015,true,BRENT,2922,1,0,0,4
2016,true,BRENT,2875,0,0,0,2
2017,true,BRENT,2088,2,0,0,0
2018,true,BRENT,1848,0,0,0,1
2019,true,BRENT,1635,1,0,0,0
2020,true,BRENT,1654,1,0,0,0
2021,true,BRENT,2447,0,0,0,0
2022,true,BRENT,2418,0,0,0,0
2023,true,BRENT,1661,0,0,0,0
2024,true,BRENT,1761,0,0,0,0
2025,true,BRENT,2057,0,0,0,0
2015,true,BROMLEY,5977,0,0,0,2
2016,true,BROMLEY,5264,0,0,0,0
2017,true,BROMLEY,4744,0,0,0,0
2018,true,BROMLEY,4624,0,0,0,0
2019,true,BROMLEY,4633,0,0,0,0
2020,true,BROMLEY,4337,1,0,0,0
2021,true,BROMLEY,6173,1,0,0,0
2022,true,BROMLEY,5009,0,0,0,0
2023,true,BROMLEY,3585,0,0,0,0
2024,true,BROMLEY,4294,0,0,0,0
2025,true,BROMLEY,4410,0,0,0,0
2015,true,CAMDEN,2472,5,0,0,2
2016,true,CAMDEN,2160,0,0,0,3
2017,true,CAMDEN,2163,1,0,0,0
2018,true,CAMDEN,1805,0,0,0,0
2019,true,CAMDEN,1619,0,0,0,0
2020,true,CAMDEN,1749,0,0,0,0
2021,true,CAMDEN,2441,1,0,0,0
2022,true,CAMDEN,2123,0,0,0,0
2023,true,CAMDEN,1917,1,0,0,0
2024,true,CAMDEN,2188,1,0,0,0
2025,true,CAMDEN,1944,1,0,0,0
2015,true,CITY OF LONDON,276,0,0,0,0
2016,true,CITY OF LONDON,137,0,0,0,0
2017,true,CITY OF LONDON,219,0,0,0,0
2018,true,CITY OF LONDON,364,0,0,0,0
2019,true,CITY OF LONDON,136,0,0,0,0
2020,true,CITY OF LONDON,187,0,0,0,0
2021,true,CITY OF LONDON,215,0,0,0,0
2022,true,CITY OF LONDON,181,0,0,0,0
2023,true,CITY OF LONDON,159,0,0,0,0
2024,true,CITY OF LONDON,216,1,0,0,0
2025,true,CITY OF LONDON,160,0,0,0,0
2015,true,CITY OF WESTMINSTER,2891,5,0,0,20
2016,true,CITY OF WESTMINSTER,2783,1,0,0,7
2017,true,CITY OF WESTMINSTER,2607,1,0,0,1
2018,true,CITY OF WESTMINSTER,2082,0,0,0,1
2019,true,CITY OF WESTMINSTER,2099,1,0,0,0
2020,true,CITY OF WESTMINSTER,1913,3,0,0,1
2021,true,CITY OF WESTMINSTER,2795,2,0,0,2
2022,true,CITY OF WESTMINSTER,2816,1,0,0,0
2023,true,CITY OF WESTMINSTER,2456,0,0,0,2
2024,true,CITY OF WESTMINSTER,2361,1,0,0,3
2025,true,CITY OF WESTMINSTER,2114,3,0,0,3
2015,true,CROYDON,5629,0,0,0,0
2016,true,CROYDON,5184,0,0,0,0
2017,true,CROYDON,4865,2,0,0,1
2018,true,CROYDON,4092,0,0,0,0
2019,true,CROYDON,4049,0,0,0,0
2020,true,CROYDON,3823,0,0,0,0
2021,true,CROYDON,5826,1,0,0,0
2022,true,CROYDON,4697,1,0,0,2
2023,true,CROYDON,3434,0,0,0,0
2024,true,CROYDON,3653,0,0,0,0
2025,true,CROYDON,3942,0,0,0,0
2015,true,EALING,3497,1,0,0,2
2016,true,EALING,3065,0,0,0,2
2017,true,EALING,2628,0,0,0,0
2018,true,EALING,2705,0,0,0,0
2019,true,EALING,2632,0,0,0,0
2020,true,EALING,2369,0,0,0,0
2021,true,EALING,3955,1,0,0,0
2022,true,EALING,3694,0,0,0,0
2023,true,EALING,2682,0,0,0,0
2024,true,EALING,2984,2,0,0,0
2025,true,EALING,2818,1,0,0,0
2015,true,ENFIELD,3522,2,0,0,1
2016,true,ENFIELD,3071,0,0,0,1
2017,true,ENFIELD,2651,1,0,0,0
2018,true,ENFIELD,2398,0,0,0,0
2019,true,ENFIELD,2366,1,0,0,0
2020,true,ENFIELD,2124,0,0,0,0
2021,true,ENFIELD,3521,0,0,0,1
2022,true,ENFIELD,2750,0,0,0,1
2023,true,ENFIELD,2094,0,0,0,0
2024,true,ENFIELD,2345,0,0,0,0
2025,true,ENFIELD,2580,0,0,0,0
2015,true,GREENWICH,4077,4,0,0,0
2016,true,GREENWICH,3791,3,0,0,0
2017,true,GREENWICH,3400,0,0,0,0
2018,true,GREENWICH,3394,0,0,0,0
2019,true,GREENWICH,3256,1,0,0,24
2020,true,GREENWICH,2803,1,0,0,0
2021,true,GREENWICH,3874,0,0,0,0
2022,true,GREENWICH,3315,0,0,0,0
2023,true,GREENWICH,2296,0,0,0,0
2024,true,GREENWICH,2881,0,0,0,0
2025,true,GREENWICH,2635,1,0,0,0
2015,true,HACKNEY,2847,2,0,0,2
2016,true,HACKNEY,2481,2,0,0,1
2017,true,HACKNEY,2255,1,0,0,0
2018,true,HACKNEY,2008,4,0,0,0
2019,true,HACKNEY,2355,2,0,0,1
2020,true,HACKNEY,1893,0,0,0,0
2021,true,HACKNEY,3166,0,0,0,0
2022,true,HACKNEY,2503,1,0,0,0
2023,true,HACKNEY,1925,3,0,0,0
2024,true,HACKNEY,2269,1,0,0,0
2025,true,HACKNEY,2227,4,0,0,0
2015,true,HAMMERSMITH AND FULHAM,2431,1,0,0,0
2016,true,HAMMERSMITH AND FULHAM,2178,3,0,0,2
2017,true,HAMMERSMITH AND FULHAM,2119,0,0,0,3
2018,true,HAMMERSMITH AND FULHAM,2171,1,0,0,0
2019,true,HAMMERSMITH AND FULHAM,1902,0,0,0,1
2020,true,HAMMERSMITH AND FULHAM,2103,2,0,0,0
2021,true,HAMMERSMITH AND FULHAM,2793,0,0,0,0
2022,true,HAMMERSMITH AND FULHAM,2411,1,0,0,0
2023,true,HAMMERSMITH AND FULHAM,2435,0,0,0,0
2024,true,HAMMERSMITH AND FULHAM,2450,1,0,0,0
2025,true,HAMMERSMITH AND FULHAM,2273,1,1,0,0
2015,true,HARINGEY,2696,1,0,0,1
2016,true,HARINGEY,2290,0,0,0,0
2017,true,HARINGEY,1912,0,0,0,0
2018,true,HARINGEY,1975,0,0,0,0
2019,true,HARINGEY,1921,0,0,0,0
2020,true,HARINGEY,1863,0,0,0,0
2021,true,HARINGEY,3152,0,0,0,0
2022,true,HARINGEY,2590,0,0,0,0
2023,true,HARINGEY,2107,0,0,0,0
2024,true,HARINGEY,2175,1,0,0,0
2025,true,HARINGEY,2388,0,0,0,0
2015,true,HARROW,2939,0,0,0,1
2016,true,HARROW,2245,0,0,0,0
2017,true,HARROW,1990,0,0,0,1
2018,true,HARROW,2112,0,0,0,0
2019,true,HARROW,2303,0,0,0,2
2020,true,HARROW,1875,0,0,0,0
2021,true,HARROW,2503,0,0,0,0
2022,true,HARROW,2090,0,0,0,0
2023,true,HARROW,1654,0,0,0,0
2024,true,HARROW,1704,0,0,0,0
2025,true,HARROW,1665,0,0,0,1
2015,true,HAVERING,4148,0,0,0,3
2016,true,HAVERING,3731,0,0,0,3
2017,true,HAVERING,3510,0,0,0,0
2018,true,HAVERING,3422,0,0,0,0
2019,true,HAVERING,3119,0,0,0,0
2020,true,HAVERING,2990,0,0,0,0
2021,true,HAVERING,4917,0,0,0,0
2022,true,HAVERING,3554,0,0,0,0
2023,true,HAVERING,2765,0,0,0,0
2024,true,HAVERING,3105,0,0,0,0
2025,true,HAVERING,3206,0,0,0,0
2015,true,HILLINGDON,3743,0,0,0,0
2016,true,HILLINGDON,3300,0,0,0,0
2017,true,HILLINGDON,3196,0,0,0,0
2018,true,HILLINGDON,2876,0,0,0,0
2019,true,HILLINGDON,2797,0,0,0,0
2020,true,HILLINGDON,2533,0,0,0,0
2021,true,HILLINGDON,3882,0,0,0,0
2022,true,HILLINGDON,3215,0,0,0,0
2023,true,HILLINGDON,2460,0,0,0,0
2024,true,HILLINGDON,2400,0,0,0,0
2025,true,HILLINGDON,2458,0,0,0,0
2015,true,HOUNSLOW,3205,1,0,0,15
2016,true,HOUNSLOW,2877,0,0,0,14
2017,true,HOUNSLOW,2527,0,0,0,2
2018,true,HOUNSLOW,2217,0,0,0,5
2019,true,HOUNSLOW,1924,0,0,0,3
2020,true,HOUNSLOW,1887,1,0,0,1
2021,true,HOUNSLOW,2588,0,0,0,4
2022,true,HOUNSLOW,2441,0,0,0,11
2023,true,HOUNSLOW,1925,0,0,0,0
2024,true,HOUNSLOW,2111,0,0,0,0
2025,true,HOUNSLOW,2110,1,0,0,0
2015,true,ISLINGTON,2337,2,0,0,0
2016,true,ISLINGTON,2318,0,0,0,0
2017,true,ISLINGTON,1687,1,0,0,1
2018,true,ISLINGTON,1751,1,0,0,0
2019,true,ISLINGTON,1873,1,0,0,0
2020,true,ISLINGTON,1874,1,0,0,0
2021,true,ISLINGTON,2443,1,0,0,1
2022,true,ISLINGTON,2226,0,0,0,1
2023,true,ISLINGTON,1992,0,0,0,1
2024,true,ISLINGTON,2214,2,0,0,0
2025,true,ISLINGTON,1980,0,0,0,0
2015,true,KENSINGTON AND CHELSEA,2176,3,0,0,1
2016,true,KENSINGTON AND CHELSEA,1810,1,0,0,1
2017,true,KENSINGTON AND CHELSEA,1573,1,0,0,0
2018,true,KENSINGTON AND CHELSEA,1317,0,0,0,0
2019,true,KENSINGTON AND CHELSEA,1400,1,0,0,0
2020,true,KENSINGTON AND CHELSEA,1349,1,0,0,1
2021,true,KENSINGTON AND CHELSEA,2002,1,0,0,1
2022,true,KENSINGTON AND CHELSEA,1957,0,0,0,0
2023,true,KENSINGTON AND CHELSEA,1619,0,0,0,0
2024,true,KENSINGTON AND CHELSEA,1743,1,0,0,0
2025,true,KENSINGTON AND CHELSEA,1697,1,0,0,1
2015,true,KINGSTON UPON THAMES,2565,1,0,0,1
2016,true,KINGSTON UPON THAMES,2170,0,0,0,1
2017,true,KINGSTON UPON THAMES,1951,0,0,0,0
2018,true,KINGSTON UPON THAMES,2058,0,0,0,0
2019,true,KINGSTON UPON THAMES,2149,0,0,0,0
2020,true,KINGSTON UPON THAMES,1810,0,0,0,0
2021,true,KINGSTON UPON THAMES,2874,1,0,0,0
2022,true,KINGSTON UPON THAMES,2449,0,0,0,0
2023,true,KINGSTON UPON THAMES,1945,0,0,0,0
2024,true,KINGSTON UPON THAMES,1937,0,0,0,0
2025,true,KINGSTON UPON THAMES,1946,0,0,0,0
2015,true,LAMBETH,4593,0,0,0,2
2016,true,LAMBETH,3975,2,0,0,1
2017,true,LAMBETH,3796,0,0,0,0
2018,true,LAMBETH,3328,0,1,0,1
2019,true,LAMBETH,3381,0,0,0,1
2020,true,LAMBETH,3508,0,0,0,1
2021,true,LAMBETH,4808,0,0,0,0
2022,true,LAMBETH,4088,0,0,0,1
2023,true,LAMBETH,3238,0,0,0,0
2024,true,LAMBETH,3632,0,0,0,0
2025,true,LAMBETH,3769,1,0,0,1
2015,true,LEWISHAM,4488,0,0,0,1
2016,true,LEWISHAM,4096,0,0,0,1
2017,true,LEWISHAM,3413,0,0,0,0
2018,true,LEWISHAM,3340,0,0,0,0
2019,true,LEWISHAM,3032,0,0,0,0
2020,true,LEWISHAM,2904,3,0,0,0
2021,true,LEWISHAM,4056,0,0,0,0
2022,true,LEWISHAM,3583,1,0,0,0
2023,true,LEWISHAM,2671,0,0,0,0
2024,true,LEWISHAM,2877,2,0,0,0
2025,true,LEWISHAM,3101,2,0,0,0
2015,true,MERTON,2912,3,0,0,0
2016,true,MERTON,2570,0,0,0,0
2017,true,MERTON,2458,1,0,0,0
2018,true,MERTON,2234,1,0,0,0
2019,true,MERTON,2166,1,0,0,0
2020,true,MERTON,2037,2,0,0,0
2021,true,MERTON,3311,0,0,0,0
2022,true,MERTON,2752,0,0,0,0
2023,true,MERTON,2048,0,0,0,0
2024,true,MERTON,2340,0,0,0,0
2025,true,MERTON,2307,0,0,0,0
2015,true,NEWHAM,2839,0,1,0,0
2016,true,NEWHAM,2739,0,0,0,0
2017,true,NEWHAM,3515,1,0,0,0
2018,true,NEWHAM,2942,0,0,0,0
2019,true,NEWHAM,1944,0,0,0,0
2020,true,NEWHAM,1927,1,0,0,0
2021,true,NEWHAM,2532,0,0,0,0
2022,true,NEWHAM,2549,0,0,0,0
2023,true,NEWHAM,1752,0,0,0,0
2024,true,NEWHAM,1999,1,0,0,0
2025,true,NEWHAM,1998,1,0,0,0
2015,true,REDBRIDGE,3298,0,0,0,0
2016,true,REDBRIDGE,2963,0,0,0,1
2017,true,REDBRIDGE,2614,0,0,0,0
2018,true,REDBRIDGE,2384,0,0,0,0
2019,true,REDBRIDGE,2253,0,0,0,0
2020,true,REDBRIDGE,1865,0,0,0,0
2021,true,REDBRIDGE,3023,0,0,0,0
2022,true,REDBRIDGE,2384,1,0,0,0
2023,true,REDBRIDGE,1806,0,0,0,0
2024,true,REDBRIDGE,2030,1,0,0,0
2025,true,REDBRIDGE,2217,0,0,0,0
2015,true,RICHMOND UPON THAMES,3246,0,0,0,0
2016,true,RICHMOND UPON THAMES,2892,0,0,0,0
2017,true,RICHMOND UPON THAMES,2723,2,0,0,0
2018,true,RICHMOND UPON THAMES,2605,0,0,0,0
2019,true,RICHMOND UPON THAMES,2498,0,0,0,0
2020,true,RICHMOND UPON THAMES,2436,0,0,0,0
2021,true,RICHMOND UPON THAMES,3634,0,0,0,0
2022,true,RICHMOND UPON THAMES,3011,0,0,0,0
2023,true,RICHMOND UPON THAMES,2330,0,0,0,0
2024,true,RICHMOND UPON THAMES,2625,0,0,0,0
2025,true,RICHMOND UPON THAMES,2715,0,0,0,0
2015,true,SOUTHWARK,4054,1,1,0,1
2016,true,SOUTHWARK,3631,0,0,0,1
2017,true,SOUTHWARK,3504,2,0,0,0
2018,true,SOUTHWARK,3527,0,0,0,0
2019,true,SOUTHWARK,3156,3,0,0,0
2020,true,SOUTHWARK,2373,1,0,0,1
2021,true,SOUTHWARK,3558,1,0,0,1
2022,true,SOUTHWARK,3388,1,0,0,0
2023,true,SOUTHWARK,2700,0,0,0,0
2024,true,SOUTHWARK,3084,2,0,0,0
2025,true,SOUTHWARK,3093,1,0,0,0
2015,true,SUTTON,3263,0,0,0,2
2016,true,SUTTON,3220,0,0,0,0
2017,true,SUTTON,2977,0,0,0,1
2018,true,SUTTON,2643,0,0,0,0
2019,true,SUTTON,2522,0,0,0,0
2020,true,SUTTON,2400,0,0,0,0
2021,true,SUTTON,3435,0,0,0,0
2022,true,SUTTON,2913,0,0,0,0
2023,true,SUTTON,2243,0,0,0,0
2024,true,SUTTON,2293,0,0,0,0
2025,true,SUTTON,2390,0,0,0,0
2015,true,TOWER HAMLETS,4083,0,0,0,1
2016,true,TOWER HAMLETS,4572,3,0,0,1
2017,true,TOWER HAMLETS,3476,2,0,0,0
2018,true,TOWER HAMLETS,3165,0,0,0,1
2019,true,TOWER HAMLETS,3233,2,0,0,0
2020,true,TOWER HAMLETS,3305,1,0,0,0
2021,true,TOWER HAMLETS,4737,0,0,0,0
2022,true,TOWER HAMLETS,3909,0,0,0,0
2023,true,TOWER HAMLETS,2562,1,0,0,2
2024,true,TOWER HAMLETS,2978,2,0,0,1
2025,true,TOWER HAMLETS,2685,3,0,0,0
2015,true,WALTHAM FOREST,3398,0,0,0,0
2016,true,WALTHAM FOREST,3032,2,0,0,0
2017,true,WALTHAM FOREST,2762,0,0,0,0
2018,true,WALTHAM FOREST,2850,4,0,0,0
2019,true,WALTHAM FOREST,2791,1,0,0,0
2020,true,WALTHAM FOREST,2406,1,0,0,0
2021,true,WALTHAM FOREST,3871,0,0,0,0
2022,true,WALTHAM FOREST,3087,0,0,0,0
2023,true,WALTHAM FOREST,2513,0,0,0,0
2024,true,WALTHAM FOREST,2779,0,0,0,0
2025,true,WALTHAM FOREST,2946,2,0,0,0
2015,true,WANDSWORTH,5892,1,0,0,429
2016,true,WANDSWORTH,5554,2,0,0,146
2017,true,WANDSWORTH,5034,2,0,0,3
2018,true,WANDSWORTH,4700,1,0,0,0
2019,true,WANDSWORTH,4558,1,0,0,0
2020,true,WANDSWORTH,4344,1,0,0,1
2021,true,WANDSWORTH,6328,1,0,0,0
2022,true,WANDSWORTH,6043,0,0,0,0
2023,true,WANDSWORTH,4570,0,0,0,1
2024,true,WANDSWORTH,5011,2,0,0,0
2025,true,WANDSWORTH,4980,1,0,0,0
2015,false,ADUR,1088,0,0,0,0
2016,false,ADUR,1097,0,0,0,0
2017,false,ADUR,1041,0,0,0,0
2018,false,ADUR,987,0,0,0,0
2019,false,ADUR,1000,0,0,0,0
2020,false,ADUR,890,0,0,0,0
2021,false,ADUR,1303,0,0,0,0
2022,false,ADUR,1035,0,0,0,0
2023,false,ADUR,838,0,0,0,0
2024,false,ADUR,882,0,0,0,0
2025,false,ADUR,952,0,0,0,0
2015,false,ALLERDALE,1542,0,0,0,6
2016,false,ALLERDALE,1469,0,0,0,0
2017,false,ALLERDALE,1566,0,0,0,2
2018,false,ALLERDALE,1537,0,0,0,0
2019,false,ALLERDALE,1609,1,0,0,0
2020,false,ALLERDALE,1387,0,0,0,0
2021,false,ALLERDALE,1805,1,0,0,0
2022,false,ALLERDALE,1296,1,0,0,0
2023,false,ALLERDALE,159,0,0,0,0
2015,false,AMBER VALLEY,2240,0,0,0,1
2016,false,AMBER VALLEY,2391,0,0,0,0
2017,false,AMBER VALLEY,2299,1,0,0,1
2018,false,AMBER VALLEY,2287,0,0,0,0
2019,false,AMBER VALLEY,2280,0,0,0,0
2020,false,AMBER VALLEY,1937,2,0,0,0
2021,false,AMBER VALLEY,2577,0,0,0,0
2022,false,AMBER VALLEY,2502,0,0,0,0
2023,false,AMBER VALLEY,1935,0,0,0,0
2024,false,AMBER VALLEY,2057,0,0,0,0
2025,false,AMBER VALLEY,2134,0,0,0,0
2015,false,ARUN,3565,0,0,0,1
2016,false,ARUN,3407,0,0,0,2
2017,false,ARUN,3490,0,0,0,0
2018,false,ARUN,3158,0,0,0,0
2019,false,ARUN,2962,0,0,0,0
2020,false,ARUN,2728,0,0,0,0
2021,false,ARUN,3797,0,0,0,0
2022,false,ARUN,3367,0,0,0,0
2023,false,ARUN,2645,0,0,0,1
2024,false,ARUN,2746,0,0,0,0
2025,false,ARUN,2953,0,0,0,0
2015,false,ASHFIELD,1982,0,0,0,0
2016,false,ASHFIELD,2386,1,0,0,0
2017,false,ASHFIELD,2272,0,0,0,0
2018,false,ASHFIELD,1954,0,0,0,0
2019,false,ASHFIELD,1981,0,0,0,0
2020,false,ASHFIELD,1748,0,0,0,0
2021,false,ASHFIELD,2323,0,0,0,0
2022,false,ASHFIELD,2007,0,0,0,0
2023,false,ASHFIELD,1494,0,0,0,0
2024,false,ASHFIELD,1862,0,0,0,0
2025,false,ASHFIELD,1901,1,0,0,0
2015,false,ASHFORD,2361,0,0,0,0
2016,false,ASHFORD,2444,0,0,0,0
2017,false,ASHFORD,2291,2,0,0,1
2018,false,ASHFORD,2095,0,0,0,0
2019,false,ASHFORD,2016,0,0,0,1
2020,false,ASHFORD,2072,0,0,0,0
2021,false,ASHFORD,2978,0,0,0,0
2022,false,ASHFORD,2298,0,0,0,0
2023,false,ASHFORD,1706,1,0,0,0
2024,false,ASHFORD,1758,0,0,0,0
2025,false,ASHFORD,1853,1,0,0,0
2015,false,AYLESBURY VALE,4101,0,0,0,0
2016,false,AYLESBURY VALE,3905,0,0,0,0
2017,false,AYLESBURY VALE,3404,0,1,0,0
2018,false,AYLESBURY VALE,3529,0,0,0,0
2019,false,AYLESBURY VALE,3277,0,0,0,0
2020,false,AYLESBURY VALE,348,0,0,0,0
2015,false,BABERGH,1459,0,0,0,0
2016,false,BABERGH,1478,0,0,0,0
2017,false,BABERGH,1536,0,0,0,0
2018,false,BABERGH,1475,0,0,0,0
2019,false,BABERGH,1493,0,0,0,0
2020,false,BABERGH,1436,1,0,0,0
2021,false,BABERGH,2170,1,0,0,0
2022,false,BABERGH,1730,0,0,0,0
2023,false,BABERGH,1293,0,0,0,0
2024,false,BABERGH,1410,0,0,0,0
2025,false,BABERGH,1517,0,0,0,0
2015,false,BARNSLEY,3189,1,0,0,0
2016,false,BARNSLEY,3544,1,0,0,0
2017,false,BARNSLEY,3836,1,0,0,0
2018,false,BARNSLEY,3919,1,0,0,0
2019,false,BARNSLEY,3841,0,0,0,1
2020,false,BARNSLEY,3190,0,0,0,0
2021,false,BARNSLEY,4336,2,0,0,0
2022,false,BARNSLEY,4044,0,0,0,0
2023,false,BARNSLEY,3207,0,0,0,0
2024,false,BARNSLEY,3454,1,0,0,1
2025,false,BARNSLEY,3350,0,0,0,0
2015,false,BARROW-IN-FURNESS,1295,0,0,0,0
2016,false,BARROW-IN-FURNESS,1274,0,0,0,0
2017,false,BARROW-IN-FURNESS,1227,0,0,0,0
2018,false,BARROW-IN-FURNESS,1171,0,0,0,0
2019,false,BARROW-IN-FURNESS,1196,0,0,0,0
2020,false,BARROW-IN-FURNESS,998,0,0,0,0
2021,false,BARROW-IN-FURNESS,1489,0,0,0,0
2022,false,BARROW-IN-FURNESS,1080,0,0,0,0
2023,false,BARROW-IN-FURNESS,141,0,0,0,0
2015,false,BASILDON,3354,0,0,0,12
2016,false,BASILDON,2921,0,0,0,5
2017,false,BASILDON,2921,0,0,0,0
2018,false,BASILDON,2677,0,0,0,0
2019,false,BASILDON,2487,0,0,0,0
2020,false,BASILDON,2143,0,0,0,0
2021,false,BASILDON,3370,0,0,0,0
2022,false,BASILDON,2681,0,0,0,0
2023,false,BASILDON,1947,0,0,0,0
2024,false,BASILDON,2266,0,0,0,0
2025,false,BASILDON,2591,0,0,0,0
2015,false,BASINGSTOKE AND DEANE,3049,0,0,0,0
2016,false,BASINGSTOKE AND DEANE,3018,0,0,0,0
2017,false,BASINGSTOKE AND DEANE,2892,0,0,0,0
2018,false,BASINGSTOKE AND DEANE,3037,0,0,0,0
2019,false,BASINGSTOKE AND DEANE,3015,0,0,0,0
2020,false,BASINGSTOKE AND DEANE,2645,0,0,0,0
2021,false,BASINGSTOKE AND DEANE,3684,1,0,0,0
2022,false,BASINGSTOKE AND DEANE,2755,0,0,0,0
2023,false,BASINGSTOKE AND DEANE,2309,1,0,0,0
2024,false,BASINGSTOKE AND DEANE,2596,1,0,0,0
2025,false,BASINGSTOKE AND DEANE,2658,1,0,0,0
2015,false,BASSETLAW,1756,0,0,0,0
2016,false,BASSETLAW,1970,1,0,0,0
2017,false,BASSETLAW,1994,1,0,0,0
2018,false,BASSETLAW,1907,0,0,0,0
2019,false,BASSETLAW,1991,0,0,0,1
2020,false,BASSETLAW,1903,0,0,0,0
2021,false,BASSETLAW,2443,0,0,0,0
2022,false,BASSETLAW,2296,0,0,0,0
2023,false,BASSETLAW,1848,0,0,0,0
2024,false,BASSETLAW,1902,1,0,0,0
2025,false,BASSETLAW,1979,2,0,0,0
2015,false,BATH AND NORTH EAST SOMERSET,3393,1,0,0,1
2016,false,BATH AND NORTH EAST SOMERSET,3302,1,0,0,1
2017,false,BATH AND NORTH EAST SOMERSET,3012,0,0,0,0
2018,false,BATH AND NORTH EAST SOMERSET,3092,0,0,0,0
2019,false,BATH AND NORTH EAST SOMERSET,2872,1,0,0,0
2020,false,BATH AND NORTH EAST SOMERSET,2566,1,0,0,0
2021,false,BATH AND NORTH EAST SOMERSET,3724,0,0,0,0
2022,false,BATH AND NORTH EAST SOMERSET,2943,0,0,0,0
2023,false,BATH AND NORTH EAST SOMERSET,2442,0,0,0,0
2024,false,BATH AND NORTH EAST SOMERSET,2568,1,0,0,0
2025,false,BATH AND NORTH EAST SOMERSET,2774,3,0,0,0
2015,false,BEDFORD,3120,0,0,0,0
2016,false,BEDFORD,3175,0,0,0,0
2017,false,BEDFORD,3085,0,0,0,0
2018,false,BEDFORD,2884,1,0,0,0
2019,false,BEDFORD,2806,0,0,0,0
2020,false,BEDFORD,2664,1,0,0,0
2021,false,BEDFORD,3639,1,0,0,0
2022,false,BEDFORD,2891,0,0,0,0
2023,false,BEDFORD,2125,0,0,0,0
2024,false,BEDFORD,2410,0,0,0,0
2025,false,BEDFORD,2531,0,0,0,1
2015,false,BIRMINGHAM,12601,6,1,0,3
2016,false,BIRMINGHAM,13110,5,0,0,0
2017,false,BIRMINGHAM,12833,3,0,0,3
2018,false,BIRMINGHAM,13163,3,0,0,0
2019,false,BIRMINGHAM,12232,3,0,0,1
2020,false,BIRMINGHAM,9784,0,0,0,0
2021,false,BIRMINGHAM,13148,0,0,0,0
2022,false,BIRMINGHAM,11842,1,0,0,0
2023,false,BIRMINGHAM,8962,0,0,0,0
2024,false,BIRMINGHAM,9460,1,0,0,1
2025,false,BIRMINGHAM,9767,0,0,0,0
2015,false,BLABY,1833,0,0,0,1
2016,false,BLABY,2006,0,0,0,1
2017,false,BLABY,2033,1,0,0,0
2018,false,BLABY,1848,0,0,0,0
2019,false,BLABY,1701,0,0,0,0
2020,false,BLABY,1516,0,0,0,0
2021,false,BLABY,2064,0,0,0,0
2022,false,BLABY,1569,0,0,0,0
2023,false,BLABY,1262,0,0,0,0
2024,false,BLABY,1431,0,0,0,0
2025,false,BLABY,1504,0,0,0,0
2015,false,BLACKBURN WITH DARWEN,1653,0,0,0,0
2016,false,BLACKBURN WITH DARWEN,1677,0,0,0,0
2017,false,BLACKBURN WITH DARWEN,1771,0,0,0,0
2018,false,BLACKBURN WITH DARWEN,1847,0,0,0,0
2019,false,BLACKBURN WITH DARWEN,1905,0,0,0,0
2020,false,BLACKBURN WITH DARWEN,1730,0,0,0,0
2021,false,BLACKBURN WITH DARWEN,2300,0,0,0,0
2022,false,BLACKBURN WITH DARWEN,2082,0,0,0,0
2023,false,BLACKBURN WITH DARWEN,1840,0,0,0,0
2024,false,BLACKBURN WITH DARWEN,2066,0,0,0,0
2025,false,BLACKBURN WITH DARWEN,1974,0,0,0,0
2015,false,BLACKPOOL,1828,0,0,0,0
2016,false,BLACKPOOL,2051,0,0,0,0
2017,false,BLACKPOOL,2029,0,0,0,0
2018,false,BLACKPOOL,2137,0,0,0,1
2019,false,BLACKPOOL,2058,0,0,0,0
2020,false,BLACKPOOL,1795,0,0,0,0
2021,false,BLACKPOOL,2720,0,0,0,0
2022,false,BLACKPOOL,2604,0,0,0,0
2023,false,BLACKPOOL,1978,0,0,0,0
2024,false,BLACKPOOL,2015,1,0,0,0
2025,false,BLACKPOOL,2071,0,0,0,0
2015,false,BLAENAU GWENT,753,0,0,0,1
2016,false,BLAENAU GWENT,766,0,0,0,1
2017,false,BLAENAU GWENT,856,0,0,0,0
2018,false,BLAENAU GWENT,936,0,0,0,0
2019,false,BLAENAU GWENT,869,1,0,0,0
2020,false,BLAENAU GWENT,755,0,0,0,0
2021,false,BLAENAU GWENT,1122,0,0,0,1
2022,false,BLAENAU GWENT,1041,0,0,0,0
2023,false,BLAENAU GWENT,728,1,0,0,0
2024,false,BLAENAU GWENT,690,0,0,0,0
2025,false,BLAENAU GWENT,786,1,0,0,0
2015,false,BOLSOVER,1214,0,0,0,0
2016,false,BOLSOVER,1448,0,0,0,0
2017,false,BOLSOVER,1346,0,0,0,0
2018,false,BOLSOVER,1341,1,0,0,0
2019,false,BOLSOVER,1402,0,2,0,0
2020,false,BOLSOVER,1305,0,0,0,0
2021,false,BOLSOVER,1774,0,0,0,0
2022,false,BOLSOVER,1597,0,0,0,0
2023,false,BOLSOVER,1215,0,0,0,0
2024,false,BOLSOVER,1315,0,0,0,0
2025,false,BOLSOVER,1326,0,0,0,0
2015,false,BOLTON,3642,0,0,0,0
2016,false,BOLTON,4002,0,0,0,0
2017,false,BOLTON,4028,0,0,0,0
2018,false,BOLTON,3877,0,0,0,0
2019,false,BOLTON,3783,0,0,0,0
2020,false,BOLTON,3518,0,0,0,0
2021,false,BOLTON,4505,0,0,0,0
2022,false,BOLTON,4016,0,0,0,0
2023,false,BOLTON,3062,0,0,0,0
2024,false,BOLTON,3280,0,0,0,0
2025,false,BOLTON,3496,0,0,0,0
2015,false,BOSTON,1005,0,0,0,0
2016,false,BOSTON,1028,1,0,0,0
2017,false,BOSTON,1074,0,0,0,0
2018,false,BOSTON,1077,1,0,0,1
2019,false,BOSTON,996,0,0,0,0
2020,false,BOSTON,786,1,0,0,0
2021,false,BOSTON,1373,0,0,0,0
2022,false,BOSTON,1104,0,0,0,0
2023,false,BOSTON,923,0,0,0,0
2024,false,BOSTON,937,0,0,0,0
2025,false,BOSTON,926,1,0,0,0
2015,false,BOURNEMOUTH,4039,2,0,0,1
2016,false,BOURNEMOUTH,3993,1,1,0,0
2017,false,BOURNEMOUTH,3592,2,0,0,1
2018,false,BOURNEMOUTH,3306,2,0,0,0
2019,false,BOURNEMOUTH,509,0,0,0,0
2015,false,"BOURNEMOUTH, CHRISTCHURCH AND POOLE",63,0,0,0,0
2016,false,"BOURNEMOUTH, CHRISTCHURCH AND POOLE",46,0,0,0,0
2017,false,"BOURNEMOUTH, CHRISTCHURCH AND POOLE",46,0,0,0,0
2018,false,"BOURNEMOUTH, CHRISTCHURCH AND POOLE",195,0,0,0,0
2019,false,"BOURNEMOUTH, CHRISTCHURCH AND POOLE",5723,0,0,0,0
2020,false,"BOURNEMOUTH, CHRISTCHURCH AND POOLE",6258,0,0,0,0
2021,false,"BOURNEMOUTH, CHRISTCHURCH AND POOLE",9214,1,0,0,0
2022,false,"BOURNEMOUTH, CHRISTCHURCH AND POOLE",7070,2,0,0,0
2023,false,"BOURNEMOUTH, CHRISTCHURCH AND POOLE",5418,0,0,0,1
2024,false,"BOURNEMOUTH, CHRISTCHURCH AND POOLE",5699,1,0,0,0
2025,false,"BOURNEMOUTH, CHRISTCHURCH AND POOLE",5761,1,0,0,0
2015,false,BRACKNELL FOREST,2168,0,0,0,0
2016,false,BRACKNELL FOREST,2061,1,0,0,0
2017,false,BRACKNELL FOREST,1877,0,0,0,0
2018,false,BRACKNELL FOREST,1942,0,0,0,0
2019,false,BRACKNELL FOREST,2311,1,0,0,1
2020,false,BRACKNELL FOREST,2008,0,0,0,0
2021,false,BRACKNELL FOREST,2756,1,0,0,0
2022,false,BRACKNELL FOREST,2100,0,0,0,0
2023,false,BRACKNELL FOREST,1840,0,0,0,0
2024,false,BRACKNELL FOREST,1841,0,0,0,0
2025,false,BRACKNELL FOREST,1818,0,0,0,0
2015,false,BRADFORD,6906,1,0,0,43
2016,false,BRADFORD,7033,2,0,0,2
2017,false,BRADFORD,7517,0,0,0,6
2018,false,BRADFORD,7363,1,0,0,32
2019,false,BRADFORD,7394,1,0,0,66
2020,false,BRADFORD,6183,2,0,0,16
2021,false,BRADFORD,8677,0,0,0,1
2022,false,BRADFORD,7483,2,0,0,9
2023,false,BRADFORD,5867,0,0,0,0
2024,false,BRADFORD,6442,0,0,0,0
2025,false,BRADFORD,6757,4,0,0,0
2015,false,BRAINTREE,2881,0,0,0,1
2016,false,BRAINTREE,2750,1,0,0,0
2017,false,BRAINTREE,2408,1,0,0,0
2018,false,BRAINTREE,2407,3,0,0,1
2019,false,BRAINTREE,2507,0,0,0,0
2020,false,BRAINTREE,2373,0,0,0,0
2021,false,BRAINTREE,3626,0,0,0,0
2022,false,BRAINTREE,2955,0,0,0,0
2023,false,BRAINTREE,2221,0,0,0,0
2024,false,BRAINTREE,2373,0,0,0,0
2025,false,BRAINTREE,2477,1,0,0,0
2015,false,BRECKLAND,2655,2,0,0,0
2016,false,BRECKLAND,2633,1,0,0,0
2017,false,BRECKLAND,2516,0,0,0,2
2018,false,BRECKLAND,2384,1,0,0,0
2019,false,BRECKLAND,2302,0,0,0,0
2020,false,BRECKLAND,2101,2,0,0,0
2021,false,BRECKLAND,3232,0,0,0,0
2022,false,BRECKLAND,2622,2,0,0,0
2023,false,BRECKLAND,2151,1,0,0,0
2024,false,BRECKLAND,2241,0,0,0,1
2025,false,BRECKLAND,2254,1,0,0,0
2015,false,BRENTWOOD,1493,2,0,0,0
2016,false,BRENTWOOD,1278,0,0,0,1
2017,false,BRENTWOOD,1298,0,0,0,0
2018,false,BRENTWOOD,1296,0,0,0,1
2019,false,BRENTWOOD,1188,0,0,0,0
2020,false,BRENTWOOD,1089,0,0,0,0
2021,false,BRENTWOOD,1719,0,0,0,0
2022,false,BRENTWOOD,1571,1,0,0,0
2023,false,BRENTWOOD,1100,0,0,0,0
2024,false,BRENTWOOD,1197,1,0,0,0
2025,false,BRENTWOOD,1344,0,0,0,0
2015,false,BRIDGEND,2320,4,0,0,0
2016,false,BRIDGEND,2211,0,0,0,0
2017,false,BRIDGEND,2357,2,0,0,0
2018,false,BRIDGEND,2499,1,0,0,0
2019,false,BRIDGEND,2383,1,0,0,1
2020,false,BRIDGEND,1855,0,0,0,0
2021,false,BRIDGEND,2572,2,0,0,1
2022,false,BRIDGEND,2327,0,0,0,0
2023,false,BRIDGEND,1819,2,0,0,0
2024,false,BRIDGEND,1940,0,0,0,0
2025,false,BRIDGEND,2026,1,0,0,0
2015,false,BRIGHTON AND HOVE,5235,1,0,0,2
2016,false,BRIGHTON AND HOVE,4783,3,0,0,3
2017,false,BRIGHTON AND HOVE,4359,2,0,0,2
2018,false,BRIGHTON AND HOVE,3820,1,0,0,2
2019,false,BRIGHTON AND HOVE,3678,1,0,0,0
2020,false,BRIGHTON AND HOVE,3409,1,0,0,1
2021,false,BRIGHTON AND HOVE,5475,1,0,0,2
2022,false,BRIGHTON AND HOVE,4439,1,0,0,1
2023,false,BRIGHTON AND HOVE,3223,0,0,0,1
2024,false,BRIGHTON AND HOVE,3718,1,0,0,1
2025,false,BRIGHTON AND HOVE,3794,1,0,0,1
2015,false,BROADLAND,2301,0,0,0,0
2016,false,BROADLAND,2489,0,0,0,0
2017,false,BROADLAND,2442,0,0,0,1
2018,false,BROADLAND,2339,1,0,0,0
2019,false,BROADLAND,2405,1,0,0,0
2020,false,BROADLAND,2159,2,0,0,0
2021,false,BROADLAND,3001,0,0,0,0
2022,false,BROADLAND,2631,0,0,0,0
2023,false,BROADLAND,2073,0,0,0,0
2024,false,BROADLAND,2237,2,0,0,0
2025,false,BROADLAND,2421,0,0,0,0
2015,false,BROMSGROVE,1720,0,0,0,0
2016,false,BROMSGROVE,1831,0,0,0,0
2017,false,BROMSGROVE,1799,0,0,0,0
2018,false,BROMSGROVE,1754,0,0,0,0
2019,false,BROMSGROVE,1589,0,0,0,0
2020,false,BROMSGROVE,1436,1,0,0,0
2021,false,BROMSGROVE,1872,0,0,0,0
2022,false,BROMSGROVE,1508,0,0,0,0
2023,false,BROMSGROVE,1207,0,0,0,0
2024,false,BROMSGROVE,1381,0,0,0,0
2025,false,BROMSGROVE,1431,0,0,0,0
2015,false,BROXBOURNE,1574,0,0,0,0
2016,false,BROXBOURNE,1508,0,0,0,0
2017,false,BROXBOURNE,1514,0,0,0,0
2018,false,BROXBOURNE,1405,0,0,0,0
2019,false,BROXBOURNE,1208,0,0,0,0
2020,false,BROXBOURNE,1190,0,0,0,0
2021,false,BROXBOURNE,1848,0,0,0,0
2022,false,BROXBOURNE,1442,0,0,0,0
2023,false,BROXBOURNE,1214,0,0,0,0
2024,false,BROXBOURNE,1275,0,0,0,0
2025,false,BROXBOURNE,1387,0,0,0,0
2015,false,BROXTOWE,1798,0,0,0,0
2016,false,BROXTOWE,1957,0,0,0,0
2017,false,BROXTOWE,1880,0,0,0,0
2018,false,BROXTOWE,1987,0,0,0,0
2019,false,BROXTOWE,1697,0,0,0,0
2020,false,BROXTOWE,1475,0,0,0,0
2021,false,BROXTOWE,2108,0,0,0,0
2022,false,BROXTOWE,1779,0,0,0,0
2023,false,BROXTOWE,1470,1,0,0,0
2024,false,BROXTOWE,1608,0,0,0,0
2025,false,BROXTOWE,1675,0,0,0,0
2015,false,BUCKINGHAMSHIRE,31,0,0,0,0
2016,false,BUCKINGHAMSHIRE,38,0,0,0,0
2017,false,BUCKINGHAMSHIRE,23,0,0,0,0
2018,false,BUCKINGHAMSHIRE,50,0,0,0,0
2019,false,BUCKINGHAMSHIRE,372,0,0,0,0
2020,false,BUCKINGHAMSHIRE,6634,1,0,0,1
2021,false,BUCKINGHAMSHIRE,11574,3,0,0,0
2022,false,BUCKINGHAMSHIRE,9009,0,0,0,2
2023,false,BUCKINGHAMSHIRE,6485,0,0,0,0
2024,false,BUCKINGHAMSHIRE,7309,3,0,0,0
2025,false,BUCKINGHAMSHIRE,7939,2,0,0,2
2015,false,BURNLEY,1318,0,0,0,0
2016,false,BURNLEY,1470,0,0,0,0
2017,false,BURNLEY,1589,0,0,0,0
2018,false,BURNLEY,1538,0,1,0,0
2019,false,BURNLEY,1425,0,0,0,0
2020,false,BURNLEY,1231,0,0,0,0
2021,false,BURNLEY,1811,1,0,0,0
2022,false,BURNLEY,1716,0,0,0,0
2023,false,BURNLEY,1341,0,0,0,0
2024,false,BURNLEY,1483,0,0,0,0
2025,false,BURNLEY,1371,0,0,0,0
2015,false,BURY,2912,0,0,0,0
2016,false,BURY,3128,0,0,0,0
2017,false,BURY,3013,0,0,0,0
2018,false,BURY,2898,0,0,0,0
2019,false,BURY,2721,0,0,0,0
2020,false,BURY,2233,0,0,0,0
2021,false,BURY,3233,0,0,0,0
2022,false,BURY,2765,0,0,0,1
2023,false,BURY,2124,0,0,0,0
2024,false,BURY,2380,0,0,0,0
2025,false,BURY,2439,0,0,0,1
2015,false,CAERPHILLY,2127,2,0,0,0
2016,false,CAERPHILLY,2270,0,0,0,2
2017,false,CAERPHILLY,2620,2,0,0,1
2018,false,CAERPHILLY,2309,0,0,0,1
2019,false,CAERPHILLY,2436,1,0,0,0
2020,false,CAERPHILLY,1856,0,0,0,1
2021,false,CAERPHILLY,2834,0,0,0,1
2022,false,CAERPHILLY,2478,0,0,0,0
2023,false,CAERPHILLY,1858,1,0,0,0
2024,false,CAERPHILLY,2163,0,0,0,0
2025,false,CAERPHILLY,2186,1,0,0,0
2015,false,CALDERDALE,3199,1,0,0,1
2016,false,CALDERDALE,3192,0,0,0,0
2017,false,CALDERDALE,3279,0,0,0,0
2018,false,CALDERDALE,3436,0,0,0,2
2019,false,CALDERDALE,3148,1,0,0,0
2020,false,CALDERDALE,2670,2,0,0,0
2021,false,CALDERDALE,4055,0,0,0,0
2022,false,CALDERDALE,3252,1,0,0,1
2023,false,CALDERDALE,2720,1,0,0,0
2024,false,CALDERDALE,2845,1,0,0,0
2025,false,CALDERDALE,3137,1,0,0,0
2015,false,CAMBRIDGE,1658,0,0,0,0
2016,false,CAMBRIDGE,1640,0,0,0,0
2017,false,CAMBRIDGE,1644,0,0,0,0
2018,false,CAMBRIDGE,1373,0,0,0,0
2019,false,CAMBRIDGE,1390,0,0,0,0
2020,false,CAMBRIDGE,1222,0,0,0,0
2021,false,CAMBRIDGE,1721,1,0,0,0
2022,false,CAMBRIDGE,1663,0,0,0,0
2023,false,CAMBRIDGE,1375,0,0,0,0
2024,false,CAMBRIDGE,1234,0,0,0,0
2025,false,CAMBRIDGE,1336,0,0,0,0
2015,false,CANNOCK CHASE,1412,0,0,0,0
2016,false,CANNOCK CHASE,1682,1,0,0,0
2017,false,CANNOCK CHASE,1841,0,0,0,0
2018,false,CANNOCK CHASE,1592,1,0,0,1
2019,false,CANNOCK CHASE,1695,0,0,0,1
2020,false,CANNOCK CHASE,1475,0,0,0,0
2021,false,CANNOCK CHASE,1964,0,0,0,0
2022,false,CANNOCK CHASE,1672,0,0,0,0
2023,false,CANNOCK CHASE,1184,0,0,0,0
2024,false,CANNOCK CHASE,1299,0,0,0,0
2025,false,CANNOCK CHASE,1495,0,0,0,0
2015,false,CANTERBURY,2818,0,0,0,1
2016,false,CANTERBURY,2598,0,0,0,0
2017,false,CANTERBURY,2379,1,0,0,0
2018,false,CANTERBURY,2301,0,0,0,0
2019,false,CANTERBURY,2285,2,0,0,0
2020,false,CANTERBURY,2097,0,0,0,0
2021,false,CANTERBURY,3170,0,0,0,1
2022,false,CANTERBURY,2541,0,0,0,0
2023,false,CANTERBURY,1934,1,0,0,0
2024,false,CANTERBURY,2134,1,0,0,0
2025,false,CANTERBURY,2206,0,0,0,1
2015,false,CARDIFF,5413,3,0,0,0
2016,false,CARDIFF,5533,2,0,0,2
2017,false,CARDIFF,5472,2,0,0,1
2018,false,CARDIFF,5617,1,0,0,0
2019,false,CARDIFF,5446,1,0,0,0
2020,false,CARDIFF,3987,4,0,0,1
2021,false,CARDIFF,5735,2,0,0,2
2022,false,CARDIFF,5490,2,0,0,0
2023,false,CARDIFF,4196,0,0,0,0
2024,false,CARDIFF,4484,2,0,0,0
2025,false,CARDIFF,4554,1,0,0,0
2015,false,CARLISLE,1895,0,0,0,0
2016,false,CARLISLE,1901,0,0,0,0
2017,false,CARLISLE,2083,0,0,0,0
2018,false,CARLISLE,2076,0,0,0,0
2019,false,CARLISLE,1936,0,0,0,0
2020,false,CARLISLE,1820,0,0,0,0
2021,false,CARLISLE,2498,1,0,0,0
2022,false,CARLISLE,1717,0,0,0,0
2023,false,CARLISLE,208,0,0,0,0
2015,false,CARMARTHENSHIRE,2489,2,1,0,0
2016,false,CARMARTHENSHIRE,2799,2,0,0,0
2017,false,CARMARTHENSHIRE,2963,4,0,0,0
2018,false,CARMARTHENSHIRE,2900,2,0,0,1
2019,false,CARMARTHENSHIRE,2768,7,0,0,1
2020,false,CARMARTHENSHIRE,2322,3,0,0,0
2021,false,CARMARTHENSHIRE,3399,4,0,0,1
2022,false,CARMARTHENSHIRE,2769,6,0,0,0
2023,false,CARMARTHENSHIRE,2136,2,0,0,1
2024,false,CARMARTHENSHIRE,2148,3,0,0,1
2025,false,CARMARTHENSHIRE,2372,2,0,0,0
2015,false,CASTLE POINT,1599,0,0,0,0
2016,false,CASTLE POINT,1519,0,0,0,0
2017,false,CASTLE POINT,1438,0,0,0,0
2018,false,CASTLE POINT,1315,0,0,0,0
2019,false,CASTLE POINT,1365,0,0,0,0
2020,false,CASTLE POINT,1271,0,0,0,0
2021,false,CASTLE POINT,1860,0,0,0,0
2022,false,CASTLE POINT,1336,0,0,0,0
2023,false,CASTLE POINT,1078,0,0,0,0
2024,false,CASTLE POINT,1237,0,0,0,0
2025,false,CASTLE POINT,1355,0,0,0,0
2015,false,CENTRAL BEDFORDSHIRE,5938,1,0,0,2
2016,false,CENTRAL BEDFORDSHIRE,5787,0,0,0,1
2017,false,CENTRAL BEDFORDSHIRE,5510,0,0,0,1
2018,false,CENTRAL BEDFORDSHIRE,5240,0,0,0,2
2019,false,CENTRAL BEDFORDSHIRE,5234,1,0,0,1
2020,false,CENTRAL BEDFORDSHIRE,4868,0,0,0,0
2021,false,CENTRAL BEDFORDSHIRE,7490,0,0,0,1
2022,false,CENTRAL BEDFORDSHIRE,5931,0,0,0,0
2023,false,CENTRAL BEDFORDSHIRE,4206,0,0,0,0
2024,false,CENTRAL BEDFORDSHIRE,4727,0,0,0,1
2025,false,CENTRAL BEDFORDSHIRE,5119,0,0,0,1
2015,false,CEREDIGION,849,3,0,0,0
2016,false,CEREDIGION,859,1,0,0,0
2017,false,CEREDIGION,1035,1,0,0,1
2018,false,CEREDIGION,998,0,0,0,2
2019,false,CEREDIGION,1007,0,0,0,0
2020,false,CEREDIGION,877,2,0,0,0
2021,false,CEREDIGION,1243,1,0,0,3
2022,false,CEREDIGION,1047,2,0,0,0
2023,false,CEREDIGION,739,0,0,0,0
2024,false,CEREDIGION,845,3,0,0,0
2025,false,CEREDIGION,868,2,0,0,2
2015,false,CHARNWOOD,2900,0,0,0,0
2016,false,CHARNWOOD,3040,1,0,0,0
2017,false,CHARNWOOD,3092,0,0,0,0
2018,false,CHARNWOOD,3231,0,0,0,0
2019,false,CHARNWOOD,2931,1,0,0,0
2020,false,CHARNWOOD,2398,1,0,0,0
2021,false,CHARNWOOD,3190,1,0,0,0
2022,false,CHARNWOOD,2627,0,0,0,0
2023,false,CHARNWOOD,2318,0,0,0,0
2024,false,CHARNWOOD,2392,0,0,0,0
2025,false,CHARNWOOD,2672,0,0,0,0
2015,false,CHELMSFORD,3226,0,0,0,0
2016,false,CHELMSFORD,3291,0,0,0,0
2017,false,CHELMSFORD,2950,0,0,0,0
2018,false,CHELMSFORD,2866,0,0,0,0
2019,false,CHELMSFORD,2777,0,0,0,0
2020,false,CHELMSFORD,2479,0,0,0,0
2021,false,CHELMSFORD,3671,0,0,0,0
2022,false,CHELMSFORD,3146,1,0,0,0
2023,false,CHELMSFORD,2316,0,0,0,0
2024,false,CHELMSFORD,2415,0,0,0,0
2025,false,CHELMSFORD,2690,0,0,0,0
2015,false,CHELTENHAM,2477,1,0,0,1
2016,false,CHELTENHAM,2668,1,0,0,0
2017,false,CHELTENHAM,2443,0,0,0,1
2018,false,CHELTENHAM,2359,1,0,0,1
2019,false,CHELTENHAM,1983,0,0,0,0
2020,false,CHELTENHAM,1854,0,0,0,0
2021,false,CHELTENHAM,2773,1,1,0,0
2022,false,CHELTENHAM,2185,0,0,0,0
2023,false,CHELTENHAM,1642,0,0,0,0
2024,false,CHELTENHAM,1931,0,0,0,0
2025,false,CHELTENHAM,2108,1,0,0,0
2015,false,CHERWELL,2708,1,0,0,5
2016,false,CHERWELL,2921,1,0,0,0
2017,false,CHERWELL,2736,0,0,0,1
2018,false,CHERWELL,2622,0,0,0,0
2019,false,CHERWELL,2486,1,0,0,1
2020,false,CHERWELL,2309,1,0,0,0
2021,false,CHERWELL,3774,0,0,0,0
2022,false,CHERWELL,2978,0,0,0,0
2023,false,CHERWELL,2089,1,0,0,0
2024,false,CHERWELL,2233,0,0,0,0
2025,false,CHERWELL,2409,1,0,0,0
2015,false,CHESHIRE EAST,7287,1,0,0,6
2016,false,CHESHIRE EAST,7475,2,0,0,6
2017,false,CHESHIRE EAST,7595,0,0,0,5
2018,false,CHESHIRE EAST,7566,0,1,0,7
2019,false,CHESHIRE EAST,7695,0,1,0,5
2020,false,CHESHIRE EAST,7150,1,0,0,0
2021,false,CHESHIRE EAST,9913,3,0,0,0
2022,false,CHESHIRE EAST,7979,0,0,0,0
2023,false,CHESHIRE EAST,6497,0,0,0,0
2024,false,CHESHIRE EAST,6770,0,0,0,2
2025,false,CHESHIRE EAST,7396,0,0,0,0
2015,false,CHESHIRE WEST AND CHESTER,5997,1,0,0,0
2016,false,CHESHIRE WEST AND CHESTER,6192,1,0,0,0
2017,false,CHESHIRE WEST AND CHESTER,6601,0,0,0,1
2018,false,CHESHIRE WEST AND CHESTER,6097,0,0,0,1
2019,false,CHESHIRE WEST AND CHESTER,5783,0,0,0,1
2020,false,CHESHIRE WEST AND CHESTER,5126,0,0,0,0
2021,false,CHESHIRE WEST AND CHESTER,7346,2,0,0,0
2022,false,CHESHIRE WEST AND CHESTER,6035,1,0,0,0
2023,false,CHESHIRE WEST AND CHESTER,4856,1,0,0,1
2024,false,CHESHIRE WEST AND CHESTER,5166,0,0,0,0
2025,false,CHESHIRE WEST AND CHESTER,5522,1,0,0,0
2015,false,CHESTERFIELD,1591,0,0,0,0
2016,false,CHESTERFIELD,1539,0,0,0,0
2017,false,CHESTERFIELD,1602,0,0,0,0
2018,false,CHESTERFIELD,1523,0,0,0,0
2019,false,CHESTERFIELD,1529,0,0,0,0
2020,false,CHESTERFIELD,1410,0,0,0,0
2021,false,CHESTERFIELD,1963,0,0,0,0
2022,false,CHESTERFIELD,1675,0,0,0,0
2023,false,CHESTERFIELD,1436,0,0,0,0
2024,false,CHESTERFIELD,1488,0,0,0,0
2025,false,CHESTERFIELD,1545,1,0,0,0
2015,false,CHICHESTER,2179,0,0,0,1
2016,false,CHICHESTER,2104,0,0,0,1
2017,false,CHICHESTER,2088,0,0,0,1
2018,false,CHICHESTER,1971,0,0,0,1
2019,false,CHICHESTER,1811,0,0,0,1
2020,false,CHICHESTER,1932,0,1,0,0
2021,false,CHICHESTER,2899,0,0,0,0
2022,false,CHICHESTER,2257,0,0,0,0
2023,false,CHICHESTER,1755,0,0,0,0
2024,false,CHICHESTER,1805,0,0,0,0
2025,false,CHICHESTER,1792,0,0,0,0
2015,false,CHILTERN,1600,0,0,0,0
2016,false,CHILTERN,1439,0,0,0,0
2017,false,CHILTERN,1448,0,0,0,1
2018,false,CHILTERN,1251,0,0,0,0
2019,false,CHILTERN,1268,0,0,0,0
2020,false,CHILTERN,162,0,0,0,0
2015,false,CHORLEY,2084,0,0,0,0
2016,false,CHORLEY,2143,0,0,0,0
2017,false,CHORLEY,2083,0,0,0,0
2018,false,CHORLEY,2139,0,0,0,0
2019,false,CHORLEY,2024,0,0,0,0
2020,false,CHORLEY,1745,1,0,0,0
2021,false,CHORLEY,2298,0,0,0,0
2022,false,CHORLEY,1937,0,0,0,0
2023,false,CHORLEY,1444,0,0,0,0
2024,false,CHORLEY,1627,1,0,0,0
2025,false,CHORLEY,1755,0,0,0,0
2015,false,CHRISTCHURCH,1154,0,0,0,0
2016,false,CHRISTCHURCH,1060,0,0,0,0
2017,false,CHRISTCHURCH,1022,0,0,0,0
2018,false,CHRISTCHURCH,995,0,0,0,0
2019,false,CHRISTCHURCH,134,0,0,0,0
2015,false,CITY OF BRISTOL,7993,2,0,0,0
2016,false,CITY OF BRISTOL,7693,10,0,0,5
2017,false,CITY OF BRISTOL,7691,0,0,0,0
2018,false,CITY OF BRISTOL,7185,3,0,0,1
2019,false,CITY OF BRISTOL,6585,3,0,0,1
2020,false,CITY OF BRISTOL,5675,2,0,0,0
2021,false,CITY OF BRISTOL,8488,1,0,0,1
2022,false,CITY OF BRISTOL,7021,0,1,0,0
2023,false,CITY OF BRISTOL,5767,1,0,0,0
2024,false,CITY OF BRISTOL,5889,4,0,0,0
2025,false,CITY OF BRISTOL,6201,5,0,0,0
2015,false,CITY OF DERBY,3652,0,0,0,0
2016,false,CITY OF DERBY,3728,1,0,0,3
2017,false,CITY OF DERBY,3735,0,0,0,0
2018,false,CITY OF DERBY,3585,0,0,0,0
2019,false,CITY OF DERBY,3236,0,0,0,0
2020,false,CITY OF DERBY,2773,0,0,0,0
2021,false,CITY OF DERBY,3968,1,0,0,0
2022,false,CITY OF DERBY,3285,0,0,0,0
2023,false,CITY OF DERBY,2841,1,0,0,0
2024,false,CITY OF DERBY,2897,1,0,0,0
2025,false,CITY OF DERBY,3093,1,0,0,0
2015,false,CITY OF KINGSTON UPON HULL,3382,1,0,0,1
2016,false,CITY OF KINGSTON UPON HULL,2863,1,0,0,1
2017,false,CITY OF KINGSTON UPON HULL,3181,0,0,0,0
2018,false,CITY OF KINGSTON UPON HULL,3403,0,0,0,1
2019,false,CITY OF KINGSTON UPON HULL,3289,0,0,0,0
2020,false,CITY OF KINGSTON UPON HULL,2778,0,0,0,0
2021,false,CITY OF KINGSTON UPON HULL,3829,1,0,0,0
2022,false,CITY OF KINGSTON UPON HULL,3619,0,0,0,0
2023,false,CITY OF KINGSTON UPON HULL,2702,0,0,0,0
2024,false,CITY OF KINGSTON UPON HULL,2783,1,0,0,0
2025,false,CITY OF KINGSTON UPON HULL,2949,1,0,0,0
2015,false,CITY OF NOTTINGHAM,3829,0,0,0,1
2016,false,CITY OF NOTTINGHAM,3947,0,0,0,0
2017,false,CITY OF NOTTINGHAM,3811,0,0,0,1
2018,false,CITY OF NOTTINGHAM,3876,0,0,0,0
2019,false,CITY OF NOTTINGHAM,3754,0,0,0,2
2020,false,CITY OF NOTTINGHAM,2710,0,0,0,0
2021,false,CITY OF NOTTINGHAM,3555,0,0,0,0
2022,false,CITY OF NOTTINGHAM,3493,0,0,0,0
2023,false,CITY OF NOTTINGHAM,2711,1,0,0,0
2024,false,CITY OF NOTTINGHAM,2739,0,0,0,0
2025,false,CITY OF NOTTINGHAM,2870,0,0,0,0
2015,false,CITY OF PETERBOROUGH,3134,0,0,0,1
2016,false,CITY OF PETERBOROUGH,3322,1,0,0,0
2017,false,CITY OF PETERBOROUGH,3262,0,0,0,0
2018,false,CITY OF PETERBOROUGH,3157,0,0,0,0
2019,false,CITY OF PETERBOROUGH,3069,0,0,0,0
2020,false,CITY OF PETERBOROUGH,2510,0,0,0,0
2021,false,CITY OF PETERBOROUGH,3437,1,0,0,0
2022,false,CITY OF PETERBOROUGH,2961,0,0,0,0
2023,false,CITY OF PETERBOROUGH,2198,0,0,0,0
2024,false,CITY OF PETERBOROUGH,2400,0,0,0,0
2025,false,CITY OF PETERBOROUGH,2429,0,0,0,0
2015,false,CITY OF PLYMOUTH,4374,2,0,0,1
2016,false,CITY OF PLYMOUTH,4494,0,0,0,1
2017,false,CITY OF PLYMOUTH,4359,0,0,0,2
2018,false,CITY OF PLYMOUTH,4225,1,0,0,0
2019,false,CITY OF PLYMOUTH,4100,1,0,0,0
2020,false,CITY OF PLYMOUTH,3444,0,0,0,0
2021,false,CITY OF PLYMOUTH,4629,1,0,0,0
2022,false,CITY OF PLYMOUTH,4382,1,0,0,0
2023,false,CITY OF PLYMOUTH,3402,0,0,0,0
2024,false,CITY OF PLYMOUTH,3673,0,0,0,1
2025,false,CITY OF PLYMOUTH,3846,0,0,0,0
2015,false,COLCHESTER,3731,1,0,0,0
2016,false,COLCHESTER,3877,0,0,0,1
2017,false,COLCHESTER,3632,0,0,0,0
2018,false,COLCHESTER,3682,0,0,0,0
2019,false,COLCHESTER,3158,0,0,0,0
2020,false,COLCHESTER,2786,0,0,0,0
2021,false,COLCHESTER,4218,1,0,0,0
2022,false,COLCHESTER,3334,0,0,0,1
2023,false,COLCHESTER,2476,0,0,0,0
2024,false,COLCHESTER,2599,0,0,0,0
2025,false,COLCHESTER,2877,0,0,0,0
2015,false,CONWY,1876,0,0,0,0
2016,false,CONWY,2065,4,0,0,1
2017,false,CONWY,2359,1,0,0,0
2018,false,CONWY,2228,0,0,0,0
2019,false,CONWY,2014,2,0,0,0
2020,false,CONWY,1659,0,0,0,1
2021,false,CONWY,2490,3,0,0,0
2022,false,CONWY,2107,0,0,0,0
2023,false,CONWY,1626,0,0,0,0
2024,false,CONWY,1807,0,0,0,0
2025,false,CONWY,1915,4,0,0,0
2015,false,COPELAND,1076,0,0,0,0
2016,false,COPELAND,1036,0,0,0,0
2017,false,COPELAND,1028,1,0,0,0
2018,false,COPELAND,991,0,0,0,0
2019,false,COPELAND,1030,0,0,0,1
2020,false,COPELAND,1038,0,0,0,0
2021,false,COPELAND,1429,1,0,0,1
2022,false,COPELAND,959,0,0,0,1
2023,false,COPELAND,117,0,0,0,0
2015,false,CORBY,1193,0,0,0,0
2016,false,CORBY,1336,0,0,0,0
2017,false,CORBY,1432,0,0,0,0
2018,false,CORBY,1457,0,0,0,0
2019,false,CORBY,1249,1,0,0,0
2020,false,CORBY,771,1,0,0,0
2021,false,CORBY,32,0,0,0,0
2015,false,CORNWALL,10504,6,0,0,1
2016,false,CORNWALL,10948,6,0,0,7
2017,false,CORNWALL,11146,6,0,0,4
2018,false,CORNWALL,10360,4,0,0,1
2019,false,CORNWALL,10267,3,1,0,2
2020,false,CORNWALL,9361,2,0,0,1
2021,false,CORNWALL,12639,3,0,0,1
2022,false,CORNWALL,9916,2,0,0,1
2023,false,CORNWALL,7873,0,0,0,0
2024,false,CORNWALL,8275,0,0,0,2
2025,false,CORNWALL,8541,5,0,0,0
2015,false,COTSWOLD,1744,3,0,0,0
2016,false,COTSWOLD,1853,3,0,0,0
2017,false,COTSWOLD,1866,1,0,0,0
2018,false,COTSWOLD,1646,4,0,0,0
2019,false,COTSWOLD,1497,2,0,0,0
2020,false,COTSWOLD,1530,1,0,0,0
2021,false,COTSWOLD,2098,0,0,0,1
2022,false,COTSWOLD,1560,4,0,0,0
2023,false,COTSWOLD,1357,3,1,0,0
2024,false,COTSWOLD,1325,1,0,0,0
2025,false,COTSWOLD,1456,1,0,0,0
2015,false,COUNTY DURHAM,7248,3,0,0,1
2016,false,COUNTY DURHAM,7461,1,0,0,1
2017,false,COUNTY DURHAM,8038,2,0,0,0
2018,false,COUNTY DURHAM,7868,1,0,0,0
2019,false,COUNTY DURHAM,7785,1,0,0,2
2020,false,COUNTY DURHAM,6932,0,1,0,0
2021,false,COUNTY DURHAM,9807,0,0,0,0
2022,false,COUNTY DURHAM,8855,0,0,0,0
2023,false,COUNTY DURHAM,7129,1,0,0,1
2024,false,COUNTY DURHAM,7606,2,0,0,0
2025,false,COUNTY DURHAM,7852,0,0,0,0
2015,false,COVENTRY,4669,0,0,0,0
2016,false,COVENTRY,4884,1,0,0,0
2017,false,COVENTRY,4581,0,0,0,0
2018,false,COVENTRY,4314,0,0,0,0
2019,false,COVENTRY,4041,0,0,0,0
2020,false,COVENTRY,3388,0,0,0,0
2021,false,COVENTRY,4767,0,0,0,1
2022,false,COVENTRY,4328,0,0,0,0
2023,false,COVENTRY,3150,0,0,0,0
2024,false,COVENTRY,3594,0,0,0,0
2025,false,COVENTRY,3676,0,0,0,0
2015,false,CRAVEN,1096,0,0,0,0
2016,false,CRAVEN,1065,0,0,0,0
2017,false,CRAVEN,1118,1,0,0,1
2018,false,CRAVEN,1085,2,0,0,1
2019,false,CRAVEN,1138,0,0,0,1
2020,false,CRAVEN,1090,0,0,0,0
2021,false,CRAVEN,1236,0,0,0,0
2022,false,CRAVEN,819,0,0,0,0
2023,false,CRAVEN,99,0,0,0,0
2015,false,CRAWLEY,1680,1,0,0,0
2016,false,CRAWLEY,1597,0,0,0,0
2017,false,CRAWLEY,1490,0,0,0,0
2018,false,CRAWLEY,1545,0,0,0,0
2019,false,CRAWLEY,1403,0,0,0,0
2020,false,CRAWLEY,1082,0,0,0,0
2021,false,CRAWLEY,1735,0,0,0,0
2022,false,CRAWLEY,1474,0,0,0,0
2023,false,CRAWLEY,1183,0,0,0,0
2024,false,CRAWLEY,1198,0,0,0,0
2025,false,CRAWLEY,1226,0,0,0,0
2015,false,CUMBERLAND,9,0,0,0,0
2016,false,CUMBERLAND,4,0,0,0,0
2017,false,CUMBERLAND,2,0,0,0,0
2018,false,CUMBERLAND,1,0,0,0,0
2019,false,CUMBERLAND,12,0,0,0,0
2020,false,CUMBERLAND,56,0,0,0,0
2021,false,CUMBERLAND,306,0,0,0,0
2022,false,CUMBERLAND,1032,0,0,0,0
2023,false,CUMBERLAND,3725,0,0,0,0
2024,false,CUMBERLAND,4455,2,0,0,1
2025,false,CUMBERLAND,4566,1,0,0,0
2015,false,DACORUM,2827,0,0,0,0
2016,false,DACORUM,2549,0,0,0,0
2017,false,DACORUM,2306,0,0,0,0
2018,false,DACORUM,2205,2,0,0,1
2019,false,DACORUM,2000,0,0,0,0
2020,false,DACORUM,1951,2,0,0,1
2021,false,DACORUM,3211,0,0,0,0
2022,false,DACORUM,2560,0,0,0,0
2023,false,DACORUM,1809,0,0,0,0
2024,false,DACORUM,1887,0,0,0,2
2025,false,DACORUM,2086,0,0,0,0
2015,false,DARLINGTON,1693,0,0,0,0
2016,false,DARLINGTON,1636,0,0,0,0
2017,false,DARLINGTON,1688,0,0,0,0
2018,false,DARLINGTON,1602,0,0,0,0
2019,false,DARLINGTON,1664,0,0,0,0
2020,false,DARLINGTON,1618,0,0,0,0
2021,false,DARLINGTON,2400,0,0,0,0
2022,false,DARLINGTON,1951,0,0,0,0
2023,false,DARLINGTON,1606,0,0,0,0
2024,false,DARLINGTON,1712,0,0,0,0
2025,false,DARLINGTON,1740,0,0,0,0
2015,false,DARTFORD,2200,0,0,0,1
2016,false,DARTFORD,2363,0,0,0,0
2017,false,DARTFORD,2466,0,0,0,0
2018,false,DARTFORD,2478,0,0,0,0
2019,false,DARTFORD,1997,0,0,0,0
2020,false,DARTFORD,1639,1,0,0,0
2021,false,DARTFORD,2239,0,0,0,0
2022,false,DARTFORD,1981,0,0,0,0
2023,false,DARTFORD,1626,0,0,0,0
2024,false,DARTFORD,1590,0,0,0,0
2025,false,DARTFORD,1631,0,0,0,0
2015,false,DAVENTRY,1624,0,0,0,1
2016,false,DAVENTRY,1731,0,0,0,1
2017,false,DAVENTRY,1756,1,0,0,1
2018,false,DAVENTRY,1670,0,0,0,0
2019,false,DAVENTRY,1487,0,0,0,1
2020,false,DAVENTRY,1085,0,0,0,0
2021,false,DAVENTRY,85,0,0,0,1
2015,false,DENBIGHSHIRE,1338,0,0,0,0
2016,false,DENBIGHSHIRE,1293,1,0,0,0
2017,false,DENBIGHSHIRE,1478,1,0,0,0
2018,false,DENBIGHSHIRE,1445,0,0,0,0
2019,false,DENBIGHSHIRE,1442,0,0,0,0
2020,false,DENBIGHSHIRE,1267,1,0,0,0
2021,false,DENBIGHSHIRE,1746,2,0,0,0
2022,false,DENBIGHSHIRE,1632,0,0,0,0
2023,false,DENBIGHSHIRE,1247,0,0,0,0
2024,false,DENBIGHSHIRE,1239,0,0,0,0
2025,false,DENBIGHSHIRE,1320,1,0,0,0
2015,false,DERBYSHIRE DALES,1190,0,0,0,0
2016,false,DERBYSHIRE DALES,1290,1,0,0,0
2017,false,DERBYSHIRE DALES,1196,0,0,0,0
2018,false,DERBYSHIRE DALES,1206,0,0,0,0
2019,false,DERBYSHIRE DALES,1212,0,0,0,0
2020,false,DERBYSHIRE DALES,1165,0,0,0,0
2021,false,DERBYSHIRE DALES,1563,0,0,0,1
2022,false,DERBYSHIRE DALES,1204,0,0,0,0
2023,false,DERBYSHIRE DALES,1000,0,0,0,0
2024,false,DERBYSHIRE DALES,1019,0,0,0,0
2025,false,DERBYSHIRE DALES,1087,0,0,0,0
2015,false,DONCASTER,4120,0,0,0,0
2016,false,DONCASTER,4339,0,0,0,0
2017,false,DONCASTER,4502,0,0,0,0
2018,false,DONCASTER,4593,0,0,0,0
2019,false,DONCASTER,4516,0,0,0,0
2020,false,DONCASTER,3924,0,0,0,0
2021,false,DONCASTER,5340,0,0,0,1
2022,false,DONCASTER,4963,0,0,0,0
2023,false,DONCASTER,3863,0,0,0,0
2024,false,DONCASTER,3878,0,0,0,0
2025,false,DONCASTER,4158,0,0,0,0
2015,false,DORSET,41,0,0,0,0
2016,false,DORSET,38,0,0,0,0
2017,false,DORSET,45,0,0,0,0
2018,false,DORSET,239,0,0,0,0
2019,false,DORSET,5461,0,0,0,0
2020,false,DORSET,6178,2,0,0,0
2021,false,DORSET,8853,2,0,0,0
2022,false,DORSET,7005,0,0,0,1
2023,false,DORSET,5738,1,0,0,0
2024,false,DORSET,6039,0,0,0,1
2025,false,DORSET,6556,3,0,0,0
2015,false,DOVER,2347,0,0,0,0
2016,false,DOVER,2326,0,0,0,0
2017,false,DOVER,2228,0,0,0,0
2018,false,DOVER,1982,0,0,0,1
2019,false,DOVER,1902,0,0,0,1
2020,false,DOVER,1709,1,0,0,0
2021,false,DOVER,2686,1,0,0,0
2022,false,DOVER,2056,0,0,0,0
2023,false,DOVER,1448,0,0,0,0
2024,false,DOVER,1742,0,0,0,0
2025,false,DOVER,1873,0,0,0,0
2015,false,DUDLEY,4227,0,0,0,0
2016,false,DUDLEY,4482,0,0,0,0
2017,false,DUDLEY,4323,1,0,0,0
2018,false,DUDLEY,4434,0,0,0,0
2019,false,DUDLEY,4377,0,0,0,1
2020,false,DUDLEY,3615,0,0,0,0
2021,false,DUDLEY,5123,2,0,0,0
2022,false,DUDLEY,4076,0,0,0,0
2023,false,DUDLEY,3202,2,0,0,0
2024,false,DUDLEY,3647,0,0,0,0
2025,false,DUDLEY,3816,3,0,0,0
2015,false,EAST CAMBRIDGESHIRE,1416,0,0,0,1
2016,false,EAST CAMBRIDGESHIRE,1390,0,0,0,2
2017,false,EAST CAMBRIDGESHIRE,1373,1,0,0,3
2018,false,EAST CAMBRIDGESHIRE,1400,0,0,0,0
2019,false,EAST CAMBRIDGESHIRE,1280,1,0,0,0
2020,false,EAST CAMBRIDGESHIRE,1195,0,0,0,1
2021,false,EAST CAMBRIDGESHIRE,2024,0,0,0,2
2022,false,EAST CAMBRIDGESHIRE,1826,0,0,0,0
2023,false,EAST CAMBRIDGESHIRE,1264,0,0,0,0
2024,false,EAST CAMBRIDGESHIRE,1292,0,0,0,0
2025,false,EAST CAMBRIDGESHIRE,1327,0,0,0,1
2015,false,EAST DEVON,3330,0,0,0,1
2016,false,EAST DEVON,3352,1,0,0,0
2017,false,EAST DEVON,3250,1,0,0,0
2018,false,EAST DEVON,3056,1,0,0,0
2019,false,EAST DEVON,3110,1,0,0,0
2020,false,EAST DEVON,2726,0,1,0,0
2021,false,EAST DEVON,4054,1,0,0,0
2022,false,EAST DEVON,3123,1,0,0,0
2023,false,EAST DEVON,2434,0,0,0,0
2024,false,EAST DEVON,2566,0,0,0,0
2025,false,EAST DEVON,2580,2,0,0,0
2015,false,EAST DORSET,1832,0,0,0,17
2016,false,EAST DORSET,1738,0,0,0,0
2017,false,EAST DORSET,1737,1,0,0,0
2018,false,EAST DORSET,1501,0,0,0,0
2019,false,EAST DORSET,188,0,0,0,0
2015,false,EAST HAMPSHIRE,2426,0,0,0,0
2016,false,EAST HAMPSHIRE,2095,0,0,0,0
2017,false,EAST HAMPSHIRE,2135,0,0,0,0
2018,false,EAST HAMPSHIRE,2172,0,0,0,0
2019,false,EAST HAMPSHIRE,2220,0,0,0,0
2020,false,EAST HAMPSHIRE,1881,0,0,0,0
2021,false,EAST HAMPSHIRE,2994,0,0,0,0
2022,false,EAST HAMPSHIRE,2139,0,0,0,0
2023,false,EAST HAMPSHIRE,1494,0,0,0,0
2024,false,EAST HAMPSHIRE,1820,0,0,0,0
2025,false,EAST HAMPSHIRE,1967,0,0,0,0
2015,false,EAST HERTFORDSHIRE,2962,1,0,0,0
2016,false,EAST HERTFORDSHIRE,2741,0,0,0,0
2017,false,EAST HERTFORDSHIRE,2489,1,1,0,0
2018,false,EAST HERTFORDSHIRE,2614,0,0,0,0
2019,false,EAST HERTFORDSHIRE,2376,0,0,0,0
2020,false,EAST HERTFORDSHIRE,2297,1,0,0,0
2021,false,EAST HERTFORDSHIRE,3388,0,0,0,0
2022,false,EAST HERTFORDSHIRE,2918,0,0,0,0
2023,false,EAST HERTFORDSHIRE,2082,0,0,0,0
2024,false,EAST HERTFORDSHIRE,2275,0,0,0,0
2025,false,EAST HERTFORDSHIRE,2434,1,0,0,0
2015,false,EAST LINDSEY,2378,3,0,0,0
2016,false,EAST LINDSEY,2642,3,0,0,0
2017,false,EAST LINDSEY,2670,1,0,0,0
2018,false,EAST LINDSEY,2601,1,0,0,0
2019,false,EAST LINDSEY,2517,1,0,0,0
2020,false,EAST LINDSEY,2254,2,0,0,0
2021,false,EAST LINDSEY,3537,5,0,0,0
2022,false,EAST LINDSEY,2680,0,0,0,0
2023,false,EAST LINDSEY,2061,1,0,0,0
2024,false,EAST LINDSEY,2171,5,0,0,0
2025,false,EAST LINDSEY,2287,0,0,0,0
2015,false,EAST NORTHAMPTONSHIRE,1867,0,0,0,0
2016,false,EAST NORTHAMPTONSHIRE,2010,0,0,0,0
2017,false,EAST NORTHAMPTONSHIRE,1912,0,0,0,0
2018,false,EAST NORTHAMPTONSHIRE,1701,0,0,0,0
2019,false,EAST NORTHAMPTONSHIRE,1706,1,0,0,0
2020,false,EAST NORTHAMPTONSHIRE,1190,0,0,0,0
2021,false,EAST NORTHAMPTONSHIRE,86,0,0,0,0
2015,false,EAST RIDING OF YORKSHIRE,6133,1,0,0,0
2016,false,EAST RIDING OF YORKSHIRE,6510,0,0,0,1
2017,false,EAST RIDING OF YORKSHIRE,6748,1,0,0,0
2018,false,EAST RIDING OF YORKSHIRE,6667,0,0,0,0
2019,false,EAST RIDING OF YORKSHIRE,6485,3,0,0,2
2020,false,EAST RIDING OF YORKSHIRE,5790,1,0,0,1
2021,false,EAST RIDING OF YORKSHIRE,8297,0,0,0,0
2022,false,EAST RIDING OF YORKSHIRE,7057,0,0,0,1
2023,false,EAST RIDING OF YORKSHIRE,5747,1,0,0,0
2024,false,EAST RIDING OF YORKSHIRE,6063,1,0,0,1
2025,false,EAST RIDING OF YORKSHIRE,6340,3,1,0,0
2015,false,EAST STAFFORDSHIRE,1889,1,0,0,0
2016,false,EAST STAFFORDSHIRE,2023,0,0,0,0
2017,false,EAST STAFFORDSHIRE,1997,1,0,0,0
2018,false,EAST STAFFORDSHIRE,2164,1,0,0,0
2019,false,EAST STAFFORDSHIRE,2170,0,0,0,0
2020,false,EAST STAFFORDSHIRE,1759,0,0,0,0
2021,false,EAST STAFFORDSHIRE,2607,1,0,0,0
2022,false,EAST STAFFORDSHIRE,2321,0,0,0,0
2023,false,EAST STAFFORDSHIRE,1837,0,0,0,0
2024,false,EAST STAFFORDSHIRE,1914,1,0,0,0
2025,false,EAST STAFFORDSHIRE,1930,0,0,0,0
2015,false,EAST SUFFOLK,22,0,0,0,0
2016,false,EAST SUFFOLK,22,0,0,0,0
2017,false,EAST SUFFOLK,26,0,0,0,0
2018,false,EAST SUFFOLK,92,0,0,0,0
2019,false,EAST SUFFOLK,3411,0,0,0,0
2020,false,EAST SUFFOLK,3813,2,0,0,0
2021,false,EAST SUFFOLK,5295,1,0,0,0
2022,false,EAST SUFFOLK,4294,0,0,0,0
2023,false,EAST SUFFOLK,3411,1,0,0,0
2024,false,EAST SUFFOLK,3720,1,0,0,0
2025,false,EAST SUFFOLK,3946,2,1,0,0
2015,false,EASTBOURNE,2251,2,0,0,0
2016,false,EASTBOURNE,2269,0,0,0,0
2017,false,EASTBOURNE,2024,0,0,0,0
2018,false,EASTBOURNE,1811,0,0,0,0
2019,false,EASTBOURNE,1654,0,0,0,0
2020,false,EASTBOURNE,1495,0,0,0,0
2021,false,EASTBOURNE,2342,0,0,0,0
2022,false,EASTBOURNE,1934,0,0,0,1
2023,false,EASTBOURNE,1448,0,0,0,0
2024,false,EASTBOURNE,1555,0,0,0,0
2025,false,EASTBOURNE,1601,0,0,0,0
2015,false,EASTLEIGH,2423,0,0,0,0
2016,false,EASTLEIGH,2368,0,0,0,0
2017,false,EASTLEIGH,2505,0,0,0,0
2018,false,EASTLEIGH,2526,0,0,0,0
2019,false,EASTLEIGH,2414,1,0,0,0
2020,false,EASTLEIGH,2219,0,0,0,1
2021,false,EASTLEIGH,2925,1,0,0,0
2022,false,EASTLEIGH,2455,0,0,0,0
2023,false,EASTLEIGH,1942,0,0,0,0
2024,false,EASTLEIGH,2083,0,0,0,0
2025,false,EASTLEIGH,2135,0,0,0,0
2015,false,EDEN,845,1,0,0,0
2016,false,EDEN,852,0,0,0,0
2017,false,EDEN,954,1,0,0,0
2018,false,EDEN,998,0,0,0,1
2019,false,EDEN,973,1,0,0,0
2020,false,EDEN,868,0,0,0,0
2021,false,EDEN,1157,0,0,0,0
2022,false,EDEN,810,0,0,0,0
2023,false,EDEN,92,0,0,0,0
2015,false,ELMBRIDGE,2390,1,0,0,1
2016,false,ELMBRIDGE,2291,1,0,0,1
2017,false,ELMBRIDGE,2056,0,0,0,0
2018,false,ELMBRIDGE,2084,0,0,0,0
2019,false,ELMBRIDGE,2071,2,0,0,0
2020,false,ELMBRIDGE,2178,2,0,0,0
2021,false,ELMBRIDGE,3306,3,0,0,0
2022,false,ELMBRIDGE,2569,1,0,0,0
2023,false,ELMBRIDGE,1790,0,0,0,0
2024,false,ELMBRIDGE,2077,1,0,0,0
2025,false,ELMBRIDGE,2193,2,0,0,0
2015,false,EPPING FOREST,2335,0,0,0,1
2016,false,EPPING FOREST,2014,0,0,0,0
2017,false,EPPING FOREST,1990,0,0,0,0
2018,false,EPPING FOREST,1888,1,0,0,0
2019,false,EPPING FOREST,1753,1,0,0,0
2020,false,EPPING FOREST,1721,0,0,0,0
2021,false,EPPING FOREST,2581,2,0,0,1
2022,false,EPPING FOREST,1929,0,0,0,0
2023,false,EPPING FOREST,1430,0,0,0,0
2024,false,EPPING FOREST,1692,0,0,0,0
2025,false,EPPING FOREST,1880,0,0,0,0
2015,false,EPSOM AND EWELL,1349,0,0,0,0
2016,false,EPSOM AND EWELL,1318,0,0,0,1
2017,false,EPSOM AND EWELL,1164,0,0,0,0
2018,false,EPSOM AND EWELL,1044,0,0,0,0
2019,false,EPSOM AND EWELL,1086,0,0,0,0
2020,false,EPSOM AND EWELL,1049,0,0,0,0
2021,false,EPSOM AND EWELL,1525,0,0,0,0
2022,false,EPSOM AND EWELL,1266,0,0,0,0
2023,false,EPSOM AND EWELL,1042,0,0,0,0
2024,false,EPSOM AND EWELL,967,0,0,0,0
2025,false,EPSOM AND EWELL,1080,0,0,0,0
2015,false,EREWASH,1994,0,0,0,0
2016,false,EREWASH,1881,0,0,0,0
2017,false,EREWASH,1929,0,0,0,0
2018,false,EREWASH,1913,0,0,0,0
2019,false,EREWASH,1897,0,0,0,0
2020,false,EREWASH,1674,0,0,0,0
2021,false,EREWASH,2152,0,0,0,0
2022,false,EREWASH,1879,0,0,0,0
2023,false,EREWASH,1310,0,0,0,0
2024,false,EREWASH,1502,0,0,0,0
2025,false,EREWASH,1684,0,0,0,0
2015,false,EXETER,2395,1,0,0,3
2016,false,EXETER,2404,1,0,0,0
2017,false,EXETER,2074,0,0,0,0
2018,false,EXETER,2037,1,0,0,0
2019,false,EXETER,1885,0,0,0,0
2020,false,EXETER,1556,0,0,0,0
2021,false,EXETER,2342,1,0,0,0
2022,false,EXETER,2025,0,0,0,0
2023,false,EXETER,1655,0,0,0,0
2024,false,EXETER,1695,1,0,0,0
2025,false,EXETER,1718,0,0,0,0
2015,false,FAREHAM,2189,0,0,0,1
2016,false,FAREHAM,2127,0,0,0,0
2017,false,FAREHAM,2044,2,0,0,0
2018,false,FAREHAM,1984,0,0,0,0
2019,false,FAREHAM,1854,0,0,0,0
2020,false,FAREHAM,1593,1,0,0,0
2021,false,FAREHAM,2469,0,0,0,0
2022,false,FAREHAM,1809,0,0,0,0
2023,false,FAREHAM,1429,0,0,0,0
2024,false,FAREHAM,1746,0,0,0,0
2025,false,FAREHAM,1957,0,0,0,1
2015,false,FENLAND,1776,2,0,0,1
2016,false,FENLAND,1999,0,0,0,0
2017,false,FENLAND,1995,1,0,0,0
2018,false,FENLAND,1813,2,0,0,0
2019,false,FENLAND,1710,1,0,0,0
2020,false,FENLAND,1445,0,0,0,0
2021,false,FENLAND,2355,1,0,0,0
2022,false,FENLAND,2006,1,0,0,0
2023,false,FENLAND,1456,0,0,0,0
2024,false,FENLAND,1552,1,0,0,0
2025,false,FENLAND,1626,2,0,0,1
2015,false,FLINTSHIRE,2363,3,0,0,0
2016,false,FLINTSHIRE,2477,2,0,0,0
2017,false,FLINTSHIRE,2332,1,0,0,0
2018,false,FLINTSHIRE,2379,1,0,0,0
2019,false,FLINTSHIRE,2418,0,0,0,0
2020,false,FLINTSHIRE,1975,2,0,0,0
2021,false,FLINTSHIRE,2893,0,0,0,0
2022,false,FLINTSHIRE,2380,0,0,0,0
2023,false,FLINTSHIRE,1845,0,0,0,0
2024,false,FLINTSHIRE,1987,1,0,0,0
2025,false,FLINTSHIRE,2173,4,0,0,0
2015,false,FOLKESTONE AND HYTHE,12,0,0,0,0
2016,false,FOLKESTONE AND HYTHE,5,0,0,0,0
2017,false,FOLKESTONE AND HYTHE,15,0,0,0,0
2018,false,FOLKESTONE AND HYTHE,17,0,0,0,0
2019,false,FOLKESTONE AND HYTHE,1028,0,0,0,0
2020,false,FOLKESTONE AND HYTHE,1662,0,0,0,0
2021,false,FOLKESTONE AND HYTHE,2625,1,0,0,0
2022,false,FOLKESTONE AND HYTHE,2006,0,0,0,0
2023,false,FOLKESTONE AND HYTHE,1640,2,0,0,0
2024,false,FOLKESTONE AND HYTHE,1650,0,0,0,0
2025,false,FOLKESTONE AND HYTHE,1878,0,0,0,0
2015,false,FOREST HEATH,1319,0,0,0,1
2016,false,FOREST HEATH,1329,0,0,0,1
2017,false,FOREST HEATH,1316,1,0,0,0
2018,false,FOREST HEATH,1188,0,0,0,0
2019,false,FOREST HEATH,167,0,0,0,0
2015,false,FOREST OF DEAN,1352,2,0,0,0
2016,false,FOREST OF DEAN,1483,0,0,0,0
2017,false,FOREST OF DEAN,1413,1,0,0,0
2018,false,FOREST OF DEAN,1281,1,0,0,0
2019,false,FOREST OF DEAN,1268,1,0,0,1
2020,false,FOREST OF DEAN,1175,0,0,0,0
2021,false,FOREST OF DEAN,1951,0,0,0,0
2022,false,FOREST OF DEAN,1471,1,0,0,0
2023,false,FOREST OF DEAN,1048,0,0,0,0
2024,false,FOREST OF DEAN,1134,1,0,0,0
2025,false,FOREST OF DEAN,1179,1,0,0,0
2015,false,FYLDE,1523,0,0,0,0
2016,false,FYLDE,1767,0,0,0,0
2017,false,FYLDE,1732,0,0,0,0
2018,false,FYLDE,1598,0,0,0,0
2019,false,FYLDE,1622,1,0,0,1
2020,false,FYLDE,1484,0,0,0,0
2021,false,FYLDE,2101,0,0,0,0
2022,false,FYLDE,1852,0,0,0,0
2023,false,FYLDE,1336,0,2,0,0
2024,false,FYLDE,1447,0,0,0,0
2025,false,FYLDE,1464,0,0,0,0
2015,false,GATESHEAD,2521,0,0,0,0
2016,false,GATESHEAD,2625,0,0,0,0
2017,false,GATESHEAD,2650,0,0,0,0
2018,false,GATESHEAD,2656,1,0,0,1
2019,false,GATESHEAD,2463,1,0,0,0
2020,false,GATESHEAD,2356,0,0,0,0
2021,false,GATESHEAD,3147,1,0,0,0
2022,false,GATESHEAD,2893,0,0,0,0
2023,false,GATESHEAD,2479,1,0,0,0
2024,false,GATESHEAD,2641,0,0,0,0
2025,false,GATESHEAD,2587,0,0,0,0
2015,false,GEDLING,2049,0,0,0,0
2016,false,GEDLING,1988,1,0,0,0
2017,false,GEDLING,2021,0,0,0,0
2018,false,GEDLING,2059,0,0,0,0
2019,false,GEDLING,2203,0,0,0,0
2020,false,GEDLING,1845,0,0,0,0
2021,false,GEDLING,2472,0,0,0,0
2022,false,GEDLING,2218,0,0,0,0
2023,false,GEDLING,1738,0,0,0,0
2024,false,GEDLING,1925,0,0,0,0
2025,false,GEDLING,1946,0,0,0,0
2015,false,GLOUCESTER,2392,1,0,0,0
2016,false,GLOUCESTER,2449,0,0,0,0
2017,false,GLOUCESTER,2347,1,0,0,0
2018,false,GLOUCESTER,2214,0,0,0,0
2019,false,GLOUCESTER,2122,1,0,0,0
2020,false,GLOUCESTER,1766,1,0,0,0
2021,false,GLOUCESTER,2477,1,0,0,0
2022,false,GLOUCESTER,2110,0,0,0,0
2023,false,GLOUCESTER,1705,0,0,0,0
2024,false,GLOUCESTER,1794,0,0,0,0
2025,false,GLOUCESTER,1962,0,0,0,0
2015,false,GOSPORT,1521,0,0,0,0
2016,false,GOSPORT,1437,0,0,0,1
2017,false,GOSPORT,1547,1,0,0,0
2018,false,GOSPORT,1291,0,0,0,0
2019,false,GOSPORT,1321,0,0,0,0
2020,false,GOSPORT,1156,0,0,0,0
2021,false,GOSPORT,1675,1,0,0,0
2022,false,GOSPORT,1272,0,0,0,0
2023,false,GOSPORT,989,0,0,0,0
2024,false,GOSPORT,1130,0,0,0,0
2025,false,GOSPORT,1185,0,0,0,0
2015,false,GRAVESHAM,1431,0,0,0,0
2016,false,GRAVESHAM,1335,1,0,0,0
2017,false,GRAVESHAM,1382,0,0,0,0
2018,false,GRAVESHAM,1367,0,0,0,0
2019,false,GRAVESHAM,1196,1,0,0,0
2020,false,GRAVESHAM,1017,0,0,0,0
2021,false,GRAVESHAM,1588,0,0,0,0
2022,false,GRAVESHAM,1383,0,0,0,0
2023,false,GRAVESHAM,954,0,0,0,0
2024,false,GRAVESHAM,1003,0,0,0,0
2025,false,GRAVESHAM,1213,0,0,0,0
2015,false,GREAT YARMOUTH,1691,0,0,0,0
2016,false,GREAT YARMOUTH,1705,1,0,0,0
2017,false,GREAT YARMOUTH,1648,0,0,0,0
2018,false,GREAT YARMOUTH,1568,0,0,0,0
2019,false,GREAT YARMOUTH,1778,0,0,0,0
2020,false,GREAT YARMOUTH,1557,0,0,0,0
2021,false,GREAT YARMOUTH,2080,0,0,0,0
2022,false,GREAT YARMOUTH,1748,0,0,0,0
2023,false,GREAT YARMOUTH,1176,0,0,0,0
2024,false,GREAT YARMOUTH,1437,0,0,0,0
2025,false,GREAT YARMOUTH,1466,0,0,0,0
2015,false,GUILDFORD,2274,0,0,0,0
2016,false,GUILDFORD,2091,0,0,0,0
2017,false,GUILDFORD,1984,0,0,0,0
2018,false,GUILDFORD,1911,1,0,0,0
2019,false,GUILDFORD,1740,2,0,0,0
2020,false,GUILDFORD,1702,0,0,0,0
2021,false,GUILDFORD,2779,0,0,0,0
2022,false,GUILDFORD,2381,0,0,0,0
2023,false,GUILDFORD,1765,1,0,0,0
2024,false,GUILDFORD,1886,0,0,0,0
2025,false,GUILDFORD,2028,0,0,0,1
2015,false,GWYNEDD,1690,8,0,0,0
2016,false,GWYNEDD,1769,4,0,0,1
2017,false,GWYNEDD,1775,3,0,0,0
2018,false,GWYNEDD,1854,2,0,0,0
2019,false,GWYNEDD,1805,5,0,0,0
2020,false,GWYNEDD,1486,3,0,0,0
2021,false,GWYNEDD,2075,2,0,0,1
2022,false,GWYNEDD,1785,3,0,0,0
2023,false,GWYNEDD,1441,1,0,0,0
2024,false,GWYNEDD,1489,6,0,0,0
2025,false,GWYNEDD,1534,3,0,0,0
2015,false,HALTON,1541,8,0,0,0
2016,false,HALTON,1720,1,0,0,0
2017,false,HALTON,1882,0,0,0,22
2018,false,HALTON,1808,0,0,0,10
2019,false,HALTON,1595,0,0,0,0
2020,false,HALTON,1405,1,0,0,0
2021,false,HALTON,1807,0,0,0,0
2022,false,HALTON,1585,0,0,0,0
2023,false,HALTON,1288,0,0,0,0
2024,false,HALTON,1490,0,0,0,0
2025,false,HALTON,1574,0,0,0,0
2015,false,HAMBLETON,1445,0,0,0,0
2016,false,HAMBLETON,1412,1,0,0,0
2017,false,HAMBLETON,1503,0,0,0,1
2018,false,HAMBLETON,1469,0,0,0,0
2019,false,HAMBLETON,1534,0,0,0,0
2020,false,HAMBLETON,1395,1,0,0,0
2021,false,HAMBLETON,1913,0,0,0,0
2022,false,HAMBLETON,1097,0,0,0,0
2023,false,HAMBLETON,120,0,0,0,0
2015,false,HARBOROUGH,1813,1,0,0,0
2016,false,HARBOROUGH,1737,2,0,0,0
2017,false,HARBOROUGH,1811,0,0,0,0
2018,false,HARBOROUGH,1760,0,0,0,0
2019,false,HARBOROUGH,1717,0,0,0,0
2020,false,HARBOROUGH,1929,0,0,0,0
2021,false,HARBOROUGH,2655,0,0,0,0
2022,false,HARBOROUGH,2001,0,0,0,0
2023,false,HARBOROUGH,1556,0,0,0,0
2024,false,HARBOROUGH,1705,0,0,0,0
2025,false,HARBOROUGH,1836,0,0,0,0
2015,false,HARLOW,1330,0,0,0,0
2016,false,HARLOW,1285,0,0,0,0
2017,false,HARLOW,1229,0,0,0,0
2018,false,HARLOW,1228,0,0,0,0
2019,false,HARLOW,1347,0,0,0,0
2020,false,HARLOW,1058,0,0,0,0
2021,false,HARLOW,1569,0,0,0,1
2022,false,HARLOW,1319,0,0,0,1
2023,false,HARLOW,1015,0,0,0,0
2024,false,HARLOW,1042,0,0,0,0
2025,false,HARLOW,1103,0,0,0,0
2015,false,HARROGATE,2916,2,0,0,0
2016,false,HARROGATE,2956,3,1,0,0
2017,false,HARROGATE,2953,1,0,0,4
2018,false,HARROGATE,2846,2,0,0,3
2019,false,HARROGATE,2742,1,0,0,6
2020,false,HARROGATE,2564,1,0,0,2
2021,false,HARROGATE,4112,1,0,0,1
2022,false,HARROGATE,2472,1,0,0,2
2023,false,HARROGATE,245,0,0,0,0
2015,false,HART,1754,0,0,0,0
2016,false,HART,1818,1,0,0,0
2017,false,HART,1698,0,0,0,0
2018,false,HART,1723,1,0,0,0
2019,false,HART,1604,0,0,0,0
2020,false,HART,1511,0,0,0,0
2021,false,HART,2311,0,0,0,0
2022,false,HART,1821,0,0,0,0
2023,false,HART,1378,0,0,0,0
2024,false,HART,1436,1,0,0,0
2025,false,HART,1600,1,0,0,0
2015,false,HARTLEPOOL,1226,0,0,0,0
2016,false,HARTLEPOOL,1239,0,0,0,0
2017,false,HARTLEPOOL,1257,0,0,0,0
2018,false,HARTLEPOOL,1277,0,0,0,0
2019,false,HARTLEPOOL,1211,0,0,0,0
2020,false,HARTLEPOOL,1160,0,0,0,0
2021,false,HARTLEPOOL,1738,0,0,0,0
2022,false,HARTLEPOOL,1673,0,0,0,0
2023,false,HARTLEPOOL,1309,0,0,0,0
2024,false,HARTLEPOOL,1433,0,0,0,0
2025,false,HARTLEPOOL,1396,0,0,0,0
2015,false,HASTINGS,1953,0,0,0,0
2016,false,HASTINGS,1906,0,0,0,0
2017,false,HASTINGS,1869,1,0,0,0
2018,false,HASTINGS,1698,0,0,0,0
2019,false,HASTINGS,1493,2,0,0,0
2020,false,HASTINGS,1346,0,0,0,0
2021,false,HASTINGS,2064,0,1,0,0
2022,false,HASTINGS,1671,0,0,0,0
2023,false,HASTINGS,1274,0,0,0,0
2024,false,HASTINGS,1311,0,0,0,0
2025,false,HASTINGS,1326,0,0,0,0
2015,false,HAVANT,2262,0,0,0,0
2016,false,HAVANT,2258,0,0,0,0
2017,false,HAVANT,2075,0,0,0,0
2018,false,HAVANT,1875,0,0,0,0
2019,false,HAVANT,1719,0,0,0,0
2020,false,HAVANT,1603,0,0,0,0
2021,false,HAVANT,2451,0,0,0,0
2022,false,HAVANT,2039,0,0,0,0
2023,false,HAVANT,1519,0,0,0,0
2024,false,HAVANT,1687,1,0,0,0
2025,false,HAVANT,1755,0,0,0,0
2015,false,HEREFORDSHIRE,2851,2,0,0,1
2016,false,HEREFORDSHIRE,3034,0,0,0,1
2017,false,HEREFORDSHIRE,3039,0,0,0,0
2018,false,HEREFORDSHIRE,2963,2,0,0,0
2019,false,HEREFORDSHIRE,2833,0,0,0,0
2020,false,HEREFORDSHIRE,2626,0,0,0,1
2021,false,HEREFORDSHIRE,3925,4,0,0,1
2022,false,HEREFORDSHIRE,2916,1,0,0,1
2023,false,HEREFORDSHIRE,2384,0,0,0,0
2024,false,HEREFORDSHIRE,2616,0,0,0,0
2025,false,HEREFORDSHIRE,2722,1,0,0,0
2015,false,HERTSMERE,1744,0,0,0,0
2016,false,HERTSMERE,1550,0,0,0,0
2017,false,HERTSMERE,1518,0,1,0,7
2018,false,HERTSMERE,1318,0,2,0,3
2019,false,HERTSMERE,1402,0,0,0,0
2020,false,HERTSMERE,1317,0,0,0,0
2021,false,HERTSMERE,1778,0,1,0,0
2022,false,HERTSMERE,1338,0,0,0,1
2023,false,HERTSMERE,999,0,0,0,1
2024,false,HERTSMERE,1124,0,0,0,2
2025,false,HERTSMERE,1229,0,0,0,1
2015,false,HIGH PEAK,1581,0,0,0,0
2016,false,HIGH PEAK,1610,0,0,0,0
2017,false,HIGH PEAK,1675,1,0,0,0
2018,false,HIGH PEAK,1657,0,0,0,0
2019,false,HIGH PEAK,1568,0,0,0,0
2020,false,HIGH PEAK,1367,1,0,0,0
2021,false,HIGH PEAK,1985,0,0,0,0
2022,false,HIGH PEAK,1701,0,0,0,0
2023,false,HIGH PEAK,1254,0,0,0,0
2024,false,HIGH PEAK,1446,1,0,0,0
2025,false,HIGH PEAK,1485,0,0,0,0
2015,false,HINCKLEY AND BOSWORTH,2281,0,0,0,0
2016,false,HINCKLEY AND BOSWORTH,2377,0,0,0,0
2017,false,HINCKLEY AND BOSWORTH,2209,0,0,0,0
2018,false,HINCKLEY AND BOSWORTH,2033,0,0,0,0
2019,false,HINCKLEY AND BOSWORTH,1936,0,0,0,0
2020,false,HINCKLEY AND BOSWORTH,1670,0,0,0,0
2021,false,HINCKLEY AND BOSWORTH,2400,0,0,0,0
2022,false,HINCKLEY AND BOSWORTH,2050,0,0,0,0
2023,false,HINCKLEY AND BOSWORTH,1531,1,0,0,0
2024,false,HINCKLEY AND BOSWORTH,1847,0,0,0,0
2025,false,HINCKLEY AND BOSWORTH,2000,0,0,0,0
2015,false,HORSHAM,2918,0,0,0,0
2016,false,HORSHAM,2866,0,0,0,0
2017,false,HORSHAM,2575,2,0,0,1
2018,false,HORSHAM,2555,0,0,0,0
2019,false,HORSHAM,2628,0,0,0,0
2020,false,HORSHAM,2400,0,0,0,0
2021,false,HORSHAM,3344,1,0,0,0
2022,false,HORSHAM,2508,0,0,0,0
2023,false,HORSHAM,1993,0,0,0,0
2024,false,HORSHAM,2235,0,0,0,0
2025,false,HORSHAM,2305,0,0,0,0
2015,false,HUNTINGDONSHIRE,3336,0,0,0,1
2016,false,HUNTINGDONSHIRE,3389,2,0,0,0
2017,false,HUNTINGDONSHIRE,3189,2,0,0,0
2018,false,HUNTINGDONSHIRE,3039,0,0,0,0
2019,false,HUNTINGDONSHIRE,2967,1,0,0,0
2020,false,HUNTINGDONSHIRE,2718,0,0,0,0
2021,false,HUNTINGDONSHIRE,4301,2,0,0,1
2022,false,HUNTINGDONSHIRE,3446,0,0,0,0
2023,false,HUNTINGDONSHIRE,2596,0,0,0,0
2024,false,HUNTINGDONSHIRE,2907,0,0,0,0
2025,false,HUNTINGDONSHIRE,3054,0,0,0,0
2015,false,HYNDBURN,1108,0,0,0,0
2016,false,HYNDBURN,1236,0,0,0,1
2017,false,HYNDBURN,1269,0,0,0,1
2018,false,HYNDBURN,1136,0,0,0,0
2019,false,HYNDBURN,1252,0,0,0,0
2020,false,HYNDBURN,1139,0,0,0,0
2021,false,HYNDBURN,1443,0,0,0,0
2022,false,HYNDBURN,1349,0,0,0,0
2023,false,HYNDBURN,1056,0,0,0,0
2024,false,HYNDBURN,1140,0,0,0,0
2025,false,HYNDBURN,1170,0,0,0,0
2015,false,IPSWICH,2271,1,0,0,2
2016,false,IPSWICH,2308,0,0,0,0
2017,false,IPSWICH,2105,0,0,0,0
2018,false,IPSWICH,2048,0,0,0,0
2019,false,IPSWICH,1875,1,0,0,0
2020,false,IPSWICH,1636,0,0,0,0
2021,false,IPSWICH,2421,0,0,0,0
2022,false,IPSWICH,1970,1,0,0,0
2023,false,IPSWICH,1509,0,0,0,0
2024,false,IPSWICH,1655,0,0,0,0
2025,false,IPSWICH,1550,0,0,0,0
2015,false,ISLE OF ANGLESEY,962,1,0,0,0
2016,false,ISLE OF ANGLESEY,1027,1,0,0,1
2017,false,ISLE OF ANGLESEY,1041,0,0,0,0
2018,false,ISLE OF ANGLESEY,1091,0,0,0,0
2019,false,ISLE OF ANGLESEY,1092,1,0,0,0
2020,false,ISLE OF ANGLESEY,965,3,0,0,2
2021,false,ISLE OF ANGLESEY,1338,0,0,0,0
2022,false,ISLE OF ANGLESEY,1091,1,0,0,0
2023,false,ISLE OF ANGLESEY,727,0,1,0,1
2024,false,ISLE OF ANGLESEY,775,3,0,0,0
2025,false,ISLE OF ANGLESEY,833,1,0,0,1
2015,false,ISLE OF WIGHT,3080,0,0,0,1
2016,false,ISLE OF WIGHT,3144,0,0,0,1
2017,false,ISLE OF WIGHT,3146,0,0,0,5
2018,false,ISLE OF WIGHT,2834,2,0,0,0
2019,false,ISLE OF WIGHT,2713,1,0,0,1
2020,false,ISLE OF WIGHT,2587,1,0,0,0
2021,false,ISLE OF WIGHT,3452,1,0,0,0
2022,false,ISLE OF WIGHT,2782,0,0,0,0
2023,false,ISLE OF WIGHT,2060,1,0,0,1
2024,false,ISLE OF WIGHT,2102,1,0,0,1
2025,false,ISLE OF WIGHT,2201,0,0,0,0
2015,false,ISLES OF SCILLY,16,0,0,0,0
2016,false,ISLES OF SCILLY,24,0,0,0,0
2017,false,ISLES OF SCILLY,23,0,0,0,0
2018,false,ISLES OF SCILLY,32,0,0,0,0
2019,false,ISLES OF SCILLY,19,0,0,0,0
2020,false,ISLES OF SCILLY,17,0,0,0,0
2021,false,ISLES OF SCILLY,25,0,0,0,0
2022,false,ISLES OF SCILLY,7,0,0,0,0
2023,false,ISLES OF SCILLY,12,0,0,0,0
2024,false,ISLES OF SCILLY,17,0,0,0,0
2025,false,ISLES OF SCILLY,18,0,0,0,0
2015,false,KETTERING,2085,0,0,0,0
2016,false,KETTERING,2276,2,0,0,0
2017,false,KETTERING,2115,0,0,0,0
2018,false,KETTERING,1880,0,0,0,0
2019,false,KETTERING,1642,1,0,0,0
2020,false,KETTERING,1259,2,0,0,0
2021,false,KETTERING,71,0,0,0,0
2015,false,KING'S LYNN AND WEST NORFOLK,2825,4,0,0,3
2016,false,KING'S LYNN AND WEST NORFOLK,2893,3,0,0,4
2017,false,KING'S LYNN AND WEST NORFOLK,2728,4,0,0,3
2018,false,KING'S LYNN AND WEST NORFOLK,2484,4,0,0,1
2019,false,KING'S LYNN AND WEST NORFOLK,2638,5,0,0,0
2020,false,KING'S LYNN AND WEST NORFOLK,2357,5,0,0,2
2021,false,KING'S LYNN AND WEST NORFOLK,3462,6,0,0,1
2022,false,KING'S LYNN AND WEST NORFOLK,2616,1,0,0,2
2023,false,KING'S LYNN AND WEST NORFOLK,1979,1,0,0,1
2024,false,KING'S LYNN AND WEST NORFOLK,2153,1,0,0,1
2025,false,KING'S LYNN AND WEST NORFOLK,2307,1,1,0,0
2015,false,KIRKLEES,5688,4,0,0,1
2016,false,KIRKLEES,6048,2,0,0,0
2017,false,KIRKLEES,6219,0,0,0,0
2018,false,KIRKLEES,6212,3,0,0,2
2019,false,KIRKLEES,6179,0,0,0,18
2020,false,KIRKLEES,5681,1,0,0,1
2021,false,KIRKLEES,7366,2,0,0,0
2022,false,KIRKLEES,6120,0,0,0,0
2023,false,KIRKLEES,5201,0,0,0,0
2024,false,KIRKLEES,5570,0,0,0,1
2025,false,KIRKLEES,5672,0,0,0,1
2015,false,KNOWSLEY,1502,0,0,0,0
2016,false,KNOWSLEY,1719,0,0,0,2
2017,false,KNOWSLEY,1892,0,0,0,0
2018,false,KNOWSLEY,2005,0,0,0,0
2019,false,KNOWSLEY,2210,0,0,0,0
2020,false,KNOWSLEY,1894,0,0,0,0
2021,false,KNOWSLEY,2237,0,0,0,0
2022,false,KNOWSLEY,2080,0,0,0,0
2023,false,KNOWSLEY,1806,1,0,0,0
2024,false,KNOWSLEY,1895,0,0,0,0
2025,false,KNOWSLEY,1914,0,0,0,0
2015,false,LANCASTER,2381,1,0,0,0
2016,false,LANCASTER,2423,0,0,0,0
2017,false,LANCASTER,2517,0,0,0,0
2018,false,LANCASTER,2442,0,0,0,0
2019,false,LANCASTER,2350,0,0,0,0
2020,false,LANCASTER,2003,0,0,0,0
2021,false,LANCASTER,2889,0,0,0,0
2022,false,LANCASTER,2308,1,0,0,0
2023,false,LANCASTER,1850,0,0,0,0
2024,false,LANCASTER,1924,0,0,0,0
2025,false,LANCASTER,2044,0,0,0,0
2015,false,LEEDS,11982,1,0,0,5
2016,false,LEEDS,12501,1,1,0,1
2017,false,LEEDS,12451,0,2,0,3
2018,false,LEEDS,12055,3,0,0,0
2019,false,LEEDS,11765,0,0,0,0
2020,false,LEEDS,10177,0,0,0,0
2021,false,LEEDS,13179,0,0,0,0
2022,false,LEEDS,11122,1,0,0,0
2023,false,LEEDS,9325,0,0,0,1
2024,false,LEEDS,10086,1,0,0,0
2025,false,LEEDS,10169,2,0,0,0
2015,false,LEICESTER,3506,1,0,0,0
2016,false,LEICESTER,3651,1,0,0,0
2017,false,LEICESTER,3333,0,0,0,1
2018,false,LEICESTER,3312,0,0,0,0
2019,false,LEICESTER,2828,0,0,0,0
2020,false,LEICESTER,2090,0,0,0,0
2021,false,LEICESTER,3111,0,0,0,0
2022,false,LEICESTER,2809,1,0,0,0
2023,false,LEICESTER,2194,0,0,0,0
2024,false,LEICESTER,2169,0,0,0,0
2025,false,LEICESTER,2319,1,0,0,0
2015,false,LEWES,1832,1,0,0,1
2016,false,LEWES,1731,1,0,0,0
2017,false,LEWES,1607,1,0,0,0
2018,false,LEWES,1590,0,0,0,0
2019,false,LEWES,1632,0,0,0,0
2020,false,LEWES,1473,0,0,0,0
2021,false,LEWES,2183,0,0,0,0
2022,false,LEWES,1817,0,0,0,0
2023,false,LEWES,1296,0,0,0,0
2024,false,LEWES,1512,0,0,0,0
2025,false,LEWES,1642,1,0,0,0
2015,false,LICHFIELD,1642,1,0,0,0
2016,false,LICHFIELD,1790,0,0,0,0
2017,false,LICHFIELD,1892,1,0,0,0
2018,false,LICHFIELD,1977,0,0,0,0
2019,false,LICHFIELD,1828,0,0,0,0
2020,false,LICHFIELD,1592,0,0,0,0
2021,false,LICHFIELD,2353,1,0,0,0
2022,false,LICHFIELD,2026,0,0,0,0
2023,false,LICHFIELD,1543,0,0,0,0
2024,false,LICHFIELD,1721,0,0,0,0
2025,false,LICHFIELD,1823,1,0,0,0
2015,false,LINCOLN,1740,0,0,0,0
2016,false,LINCOLN,1668,0,0,0,0
2017,false,LINCOLN,1589,0,0,0,0
2018,false,LINCOLN,1604,0,0,0,0
2019,false,LINCOLN,1483,0,0,0,0
2020,false,LINCOLN,1181,1,0,0,0
2021,false,LINCOLN,1671,1,0,0,0
2022,false,LINCOLN,1541,0,0,0,0
2023,false,LINCOLN,1062,0,0,0,0
2024,false,LINCOLN,1146,0,0,0,0
2025,false,LINCOLN,1272,0,0,0,0
2015,false,LIVERPOOL,5767,0,2,0,2
2016,false,LIVERPOOL,6303,1,8,0,11
2017,false,LIVERPOOL,6816,2,0,0,10
2018,false,LIVERPOOL,6972,1,1,0,24
2019,false,LIVERPOOL,6559,3,0,0,81
2020,false,LIVERPOOL,4597,0,0,0,1
2021,false,LIVERPOOL,6250,0,12,0,1
2022,false,LIVERPOOL,5741,0,2,0,3
2023,false,LIVERPOOL,5047,0,0,0,3
2024,false,LIVERPOOL,4829,1,0,0,2
2025,false,LIVERPOOL,4785,1,0,0,0
2015,false,LUTON,2607,0,0,0,0
2016,false,LUTON,2530,0,0,0,0
2017,false,LUTON,2607,0,0,0,0
2018,false,LUTON,2355,0,0,0,0
2019,false,LUTON,2184,0,0,0,0
2020,false,LUTON,1637,0,0,0,0
2021,false,LUTON,2611,0,0,0,0
2022,false,LUTON,2237,0,0,0,0
2023,false,LUTON,1596,0,0,0,0
2024,false,LUTON,1623,0,0,0,0
2025,false,LUTON,1750,0,0,0,0
2015,false,MAIDSTONE,2836,1,0,0,0
2016,false,MAIDSTONE,3078,0,0,0,0
2017,false,MAIDSTONE,3278,0,0,0,0
2018,false,MAIDSTONE,2764,0,0,0,0
2019,false,MAIDSTONE,2397,0,0,0,0
2020,false,MAIDSTONE,2712,0,0,0,0
2021,false,MAIDSTONE,4287,1,0,0,0
2022,false,MAIDSTONE,3053,0,0,0,0
2023,false,MAIDSTONE,2302,0,0,0,0
2024,false,MAIDSTONE,2372,1,0,0,0
2025,false,MAIDSTONE,2570,0,0,0,0
2015,false,MALDON,1101,0,0,0,0
2016,false,MALDON,1280,0,0,0,0
2017,false,MALDON,1075,0,0,0,0
2018,false,MALDON,1067,0,0,0,0
2019,false,MALDON,1089,0,0,0,0
2020,false,MALDON,1144,0,0,0,0
2021,false,MALDON,1512,0,0,0,0
2022,false,MALDON,1214,0,0,0,0
2023,false,MALDON,886,0,0,0,0
2024,false,MALDON,969,0,0,0,0
2025,false,MALDON,1155,0,0,0,0
2015,false,MALVERN HILLS,1218,0,0,0,0
2016,false,MALVERN HILLS,1283,0,0,0,0
2017,false,MALVERN HILLS,1378,1,0,0,0
2018,false,MALVERN HILLS,1304,1,0,0,1
2019,false,MALVERN HILLS,1276,1,0,0,0
2020,false,MALVERN HILLS,1123,0,0,0,0
2021,false,MALVERN HILLS,1724,2,0,0,0
2022,false,MALVERN HILLS,1369,1,0,0,0
2023,false,MALVERN HILLS,1096,1,0,0,0
2024,false,MALVERN HILLS,1288,0,0,0,0
2025,false,MALVERN HILLS,1323,0,0,0,0
2015,false,MANCHESTER,7078,0,0,0,1
2016,false,MANCHESTER,7315,1,0,0,1
2017,false,MANCHESTER,6731,0,0,0,0
2018,false,MANCHESTER,6254,2,0,0,0
2019,false,MANCHESTER,5718,0,0,0,0
2020,false,MANCHESTER,5580,0,0,0,0
2021,false,MANCHESTER,6736,0,0,0,1
2022,false,MANCHESTER,6038,0,0,0,0
2023,false,MANCHESTER,4558,1,0,0,0
2024,false,MANCHESTER,4993,0,0,0,0
2025,false,MANCHESTER,4799,0,0,0,0
2015,false,MANSFIELD,1718,1,0,0,0
2016,false,MANSFIELD,1824,0,0,0,0
2017,false,MANSFIELD,1703,0,0,0,0
2018,false,MANSFIELD,1752,0,0,0,0
2019,false,MANSFIELD,1821,0,0,0,1
2020,false,MANSFIELD,1674,0,0,0,0
2021,false,MANSFIELD,2055,0,0,0,0
2022,false,MANSFIELD,1826,1,0,0,0
2023,false,MANSFIELD,1340,0,0,0,0
2024,false,MANSFIELD,1452,0,0,0,0
2025,false,MANSFIELD,1582,0,0,0,0
2015,false,MEDWAY,4758,0,0,0,0
2016,false,MEDWAY,4593,0,0,0,0
2017,false,MEDWAY,4460,0,0,0,1
2018,false,MEDWAY,4026,0,0,0,1
2019,false,MEDWAY,3991,0,0,0,1
2020,false,MEDWAY,3423,0,0,0,1
2021,false,MEDWAY,5393,0,0,0,2
2022,false,MEDWAY,4153,0,0,0,1
2023,false,MEDWAY,3432,0,0,0,0
2024,false,MEDWAY,3462,0,0,0,0
2025,false,MEDWAY,3641,0,0,0,0
2015,false,MELTON,888,0,0,0,0
2016,false,MELTON,778,0,0,0,0
2017,false,MELTON,815,0,0,0,0
2018,false,MELTON,840,0,0,0,0
2019,false,MELTON,831,0,0,0,0
2020,false,MELTON,798,0,0,0,0
2021,false,MELTON,1163,0,0,0,0
2022,false,MELTON,1006,0,0,0,0
2023,false,MELTON,848,0,0,0,0
2024,false,MELTON,964,0,0,0,0
2025,false,MELTON,1024,0,0,0,0
2015,false,MENDIP,2089,0,0,0,0
2016,false,MENDIP,2155,0,0,0,0
2017,false,MENDIP,2199,0,0,0,0
2018,false,MENDIP,1999,0,0,0,0
2019,false,MENDIP,1796,0,0,0,0
2020,false,MENDIP,1739,3,0,0,0
2021,false,MENDIP,2253,0,0,0,0
2022,false,MENDIP,1566,0,0,0,0
2023,false,MENDIP,173,0,0,0,0
2015,false,MERTHYR TYDFIL,714,0,0,0,0
2016,false,MERTHYR TYDFIL,744,1,1,0,0
2017,false,MERTHYR TYDFIL,795,0,0,0,0
2018,false,MERTHYR TYDFIL,666,0,1,0,0
2019,false,MERTHYR TYDFIL,765,1,0,0,0
2020,false,MERTHYR TYDFIL,562,0,0,0,0
2021,false,MERTHYR TYDFIL,824,0,0,0,0
2022,false,MERTHYR TYDFIL,781,0,0,0,0
2023,false,MERTHYR TYDFIL,564,1,0,0,0
2024,false,MERTHYR TYDFIL,558,0,0,0,0
2025,false,MERTHYR TYDFIL,634,0,0,0,0
2015,false,MID DEVON,1394,0,1,0,0
2016,false,MID DEVON,1425,0,0,0,0
2017,false,MID DEVON,1483,1,0,0,0
2018,false,MID DEVON,1396,0,0,0,0
2019,false,MID DEVON,1316,0,0,0,0
2020,false,MID DEVON,1303,0,0,0,1
2021,false,MID DEVON,1695,0,0,0,0
2022,false,MID DEVON,1251,0,0,0,0
2023,false,MID DEVON,1099,0,0,0,0
2024,false,MID DEVON,1190,0,0,0,1
2025,false,MID DEVON,1181,0,0,0,0
2015,false,MID SUFFOLK,1830,1,0,0,0
2016,false,MID SUFFOLK,1821,2,1,0,0
2017,false,MID SUFFOLK,1767,2,0,0,0
2018,false,MID SUFFOLK,1840,1,0,0,0
2019,false,MID SUFFOLK,1722,0,0,0,0
2020,false,MID SUFFOLK,1703,0,0,0,0
2021,false,MID SUFFOLK,2795,0,0,0,0
2022,false,MID SUFFOLK,2216,0,0,0,0
2023,false,MID SUFFOLK,1695,0,0,0,0
2024,false,MID SUFFOLK,1934,0,0,0,0
2025,false,MID SUFFOLK,2007,1,0,0,1
2015,false,MID SUSSEX,2933,0,0,0,0
2016,false,MID SUSSEX,2845,1,0,0,0
2017,false,MID SUSSEX,2666,0,0,0,0
2018,false,MID SUSSEX,2574,0,0,0,0
2019,false,MID SUSSEX,2692,0,0,0,0
2020,false,MID SUSSEX,2524,0,0,0,0
2021,false,MID SUSSEX,3694,0,0,0,0
2022,false,MID SUSSEX,3079,0,1,0,0
2023,false,MID SUSSEX,2264,0,0,0,0
2024,false,MID SUSSEX,2448,0,0,0,0
2025,false,MID SUSSEX,2571,0,0,0,0
2015,false,MIDDLESBROUGH,1802,0,0,0,0
2016,false,MIDDLESBROUGH,1797,0,0,0,0
2017,false,MIDDLESBROUGH,1733,0,0,0,0
2018,false,MIDDLESBROUGH,1837,0,0,0,0
2019,false,MIDDLESBROUGH,1882,0,0,0,0
2020,false,MIDDLESBROUGH,1576,0,0,0,0
2021,false,MIDDLESBROUGH,2316,0,0,0,0
2022,false,MIDDLESBROUGH,2091,0,0,0,0
2023,false,MIDDLESBROUGH,1602,0,0,0,0
2024,false,MIDDLESBROUGH,1694,0,0,0,0
2025,false,MIDDLESBROUGH,1738,0,0,0,0
2015,false,MILTON KEYNES,4734,2,0,0,2
2016,false,MILTON KEYNES,4765,0,0,0,3
2017,false,MILTON KEYNES,4678,0,0,0,0
2018,false,MILTON KEYNES,4443,0,2,0,1
2019,false,MILTON KEYNES,4285,0,0,0,0
2020,false,MILTON KEYNES,3655,1,0,0,1
2021,false,MILTON KEYNES,5638,1,0,0,1
2022,false,MILTON KEYNES,5000,1,0,0,0
2023,false,MILTON KEYNES,3765,0,0,0,0
2024,false,MILTON KEYNES,3753,1,0,0,0
2025,false,MILTON KEYNES,3479,1,0,0,0
2015,false,MOLE VALLEY,1481,2,0,0,0
2016,false,MOLE VALLEY,1318,1,0,0,0
2017,false,MOLE VALLEY,1226,3,0,0,0
2018,false,MOLE VALLEY,1225,0,0,0,0
2019,false,MOLE VALLEY,1242,0,0,0,1
2020,false,MOLE VALLEY,1255,0,0,0,0
2021,false,MOLE VALLEY,1831,0,0,0,0
2022,false,MOLE VALLEY,1388,1,0,0,0
2023,false,MOLE VALLEY,1054,0,0,0,0
2024,false,MOLE VALLEY,1200,0,0,0,0
2025,false,MOLE VALLEY,1180,1,0,0,0
2015,false,MONMOUTHSHIRE,1452,4,0,0,1
2016,false,MONMOUTHSHIRE,1596,3,0,0,1
2017,false,MONMOUTHSHIRE,1562,1,0,0,0
2018,false,MONMOUTHSHIRE,1451,0,0,0,0
2019,false,MONMOUTHSHIRE,1288,2,0,0,0
2020,false,MONMOUTHSHIRE,1133,1,0,0,0
2021,false,MONMOUTHSHIRE,2009,0,0,0,0
2022,false,MONMOUTHSHIRE,1568,0,0,0,0
2023,false,MONMOUTHSHIRE,1156,1,0,0,0
2024,false,MONMOUTHSHIRE,1318,1,0,0,0
2025,false,MONMOUTHSHIRE,1319,2,0,0,0
2015,false,NEATH PORT TALBOT,1885,0,0,0,1
2016,false,NEATH PORT TALBOT,1832,2,0,0,0
2017,false,NEATH PORT TALBOT,1978,0,0,0,0
2018,false,NEATH PORT TALBOT,1919,0,0,0,0
2019,false,NEATH PORT TALBOT,1924,1,0,0,0
2020,false,NEATH PORT TALBOT,1555,3,0,0,0
2021,false,NEATH PORT TALBOT,2185,1,0,0,0
2022,false,NEATH PORT TALBOT,1968,1,0,0,0
2023,false,NEATH PORT TALBOT,1659,0,0,0,0
2024,false,NEATH PORT TALBOT,1762,1,0,0,0
2025,false,NEATH PORT TALBOT,1840,1,0,0,0
2015,false,NEW FOREST,3334,0,0,0,0
2016,false,NEW FOREST,3277,0,0,0,0
2017,false,NEW FOREST,3063,0,0,0,0
2018,false,NEW FOREST,2852,0,0,0,0
2019,false,NEW FOREST,2750,1,0,0,0
2020,false,NEW FOREST,2661,0,0,0,0
2021,false,NEW FOREST,3889,0,0,0,1
2022,false,NEW FOREST,2731,0,0,0,0
2023,false,NEW FOREST,2088,0,0,0,0
2024,false,NEW FOREST,2447,0,0,0,1
2025,false,NEW FOREST,2745,0,0,0,0
2015,false,NEWARK AND SHERWOOD,2005,2,0,0,0
2016,false,NEWARK AND SHERWOOD,2269,0,0,0,0
2017,false,NEWARK AND SHERWOOD,2157,1,0,0,0
2018,false,NEWARK AND SHERWOOD,2170,0,0,0,0
2019,false,NEWARK AND SHERWOOD,2166,1,0,0,0
2020,false,NEWARK AND SHERWOOD,2122,0,0,0,0
2021,false,NEWARK AND SHERWOOD,2872,1,0,0,0
2022,false,NEWARK AND SHERWOOD,2377,0,0,0,0
2023,false,NEWARK AND SHERWOOD,1847,0,0,0,0
2024,false,NEWARK AND SHERWOOD,2019,0,0,0,0
2025,false,NEWARK AND SHERWOOD,2117,1,0,0,0
2015,false,NEWCASTLE UPON TYNE,3787,0,0,0,0
2016,false,NEWCASTLE UPON TYNE,3797,0,0,0,0
2017,false,NEWCASTLE UPON TYNE,3930,0,0,0,0
2018,false,NEWCASTLE UPON TYNE,3712,0,0,0,0
2019,false,NEWCASTLE UPON TYNE,3663,1,0,0,0
2020,false,NEWCASTLE UPON TYNE,3435,0,0,0,0
2021,false,NEWCASTLE UPON TYNE,4887,0,0,0,0
2022,false,NEWCASTLE UPON TYNE,4268,0,0,0,0
2023,false,NEWCASTLE UPON TYNE,3752,0,0,0,0
2024,false,NEWCASTLE UPON TYNE,3611,0,0,0,0
2025,false,NEWCASTLE UPON TYNE,3553,1,0,0,0
2015,false,NEWCASTLE-UNDER-LYME,1792,0,0,0,0
2016,false,NEWCASTLE-UNDER-LYME,1868,0,0,0,0
2017,false,NEWCASTLE-UNDER-LYME,2047,0,0,0,0
2018,false,NEWCASTLE-UNDER-LYME,1812,1,0,0,0
2019,false,NEWCASTLE-UNDER-LYME,1839,0,0,0,0
2020,false,NEWCASTLE-UNDER-LYME,1805,1,0,0,0
2021,false,NEWCASTLE-UNDER-LYME,2437,0,0,0,0
2022,false,NEWCASTLE-UNDER-LYME,1923,0,0,0,0
2023,false,NEWCASTLE-UNDER-LYME,1633,0,0,0,0
2024,false,NEWCASTLE-UNDER-LYME,1738,0,0,0,0
2025,false,NEWCASTLE-UNDER-LYME,1694,0,0,0,0
2015,false,NEWPORT,2340,2,0,0,0
2016,false,NEWPORT,2786,0,0,0,0
2017,false,NEWPORT,3093,1,0,0,0
2018,false,NEWPORT,2780,0,0,0,0
2019,false,NEWPORT,2397,0,0,0,0
2020,false,NEWPORT,1881,1,0,0,0
2021,false,NEWPORT,2668,0,0,0,0
2022,false,NEWPORT,2476,0,0,0,0
2023,false,NEWPORT,2093,2,0,0,0
2024,false,NEWPORT,2142,1,0,0,0
2025,false,NEWPORT,2331,0,0,0,0
2015,false,NORTH DEVON,1793,1,0,0,0
2016,false,NORTH DEVON,1833,1,0,0,0
2017,false,NORTH DEVON,1993,1,0,0,0
2018,false,NORTH DEVON,1955,0,0,0,2
2019,false,NORTH DEVON,1873,0,0,0,2
2020,false,NORTH DEVON,1816,0,0,0,0
2021,false,NORTH DEVON,2431,1,0,0,0
2022,false,NORTH DEVON,1747,0,0,0,0
2023,false,NORTH DEVON,1361,2,0,0,0
2024,false,NORTH DEVON,1480,1,0,0,0
2025,false,NORTH DEVON,1525,0,0,0,0
2015,false,NORTH DORSET,1355,1,0,0,0
2016,false,NORTH DORSET,1370,0,0,0,0
2017,false,NORTH DORSET,1274,1,0,0,0
2018,false,NORTH DORSET,1202,0,0,0,0
2019,false,NORTH DORSET,149,0,0,0,0
2015,false,NORTH EAST DERBYSHIRE,1414,0,0,0,0
2016,false,NORTH EAST DERBYSHIRE,1439,0,0,0,1
2017,false,NORTH EAST DERBYSHIRE,1493,0,0,0,0
2018,false,NORTH EAST DERBYSHIRE,1681,0,0,0,0
2019,false,NORTH EAST DERBYSHIRE,1632,0,0,0,0
2020,false,NORTH EAST DERBYSHIRE,1561,1,0,0,0
2021,false,NORTH EAST DERBYSHIRE,2096,0,0,0,0
2022,false,NORTH EAST DERBYSHIRE,1868,0,0,0,0
2023,false,NORTH EAST DERBYSHIRE,1473,0,0,0,0
2024,false,NORTH EAST DERBYSHIRE,1563,0,0,0,0
2025,false,NORTH EAST DERBYSHIRE,1532,0,0,0,0
2015,false,NORTH EAST LINCOLNSHIRE,2222,1,0,0,0
2016,false,NORTH EAST LINCOLNSHIRE,2362,5,0,0,1
2017,false,NORTH EAST LINCOLNSHIRE,2533,1,0,0,0
2018,false,NORTH EAST LINCOLNSHIRE,2357,1,0,0,0
2019,false,NORTH EAST LINCOLNSHIRE,2469,2,0,0,0
2020,false,NORTH EAST LINCOLNSHIRE,2159,0,0,0,1
2021,false,NORTH EAST LINCOLNSHIRE,3211,1,0,0,0
2022,false,NORTH EAST LINCOLNSHIRE,2858,0,0,0,1
2023,false,NORTH EAST LINCOLNSHIRE,2025,0,0,0,0
2024,false,NORTH EAST LINCOLNSHIRE,2275,0,0,0,1
2025,false,NORTH EAST LINCOLNSHIRE,2341,0,0,0,4
2015,false,NORTH HERTFORDSHIRE,2414,0,0,0,0
2016,false,NORTH HERTFORDSHIRE,2282,0,0,0,0
2017,false,NORTH HERTFORDSHIRE,2143,0,0,0,0
2018,false,NORTH HERTFORDSHIRE,1816,0,0,0,0
2019,false,NORTH HERTFORDSHIRE,1850,0,0,0,0
2020,false,NORTH HERTFORDSHIRE,1811,0,0,0,1
2021,false,NORTH HERTFORDSHIRE,2670,0,0,0,0
2022,false,NORTH HERTFORDSHIRE,2111,0,0,0,1
2023,false,NORTH HERTFORDSHIRE,1715,1,0,0,0
2024,false,NORTH HERTFORDSHIRE,2017,0,0,0,0
2025,false,NORTH HERTFORDSHIRE,2071,0,0,0,0
2015,false,NORTH KESTEVEN,2374,1,0,0,0
2016,false,NORTH KESTEVEN,2470,2,0,0,0
2017,false,NORTH KESTEVEN,2391,0,0,0,0
2018,false,NORTH KESTEVEN,2234,1,0,0,0
2019,false,NORTH KESTEVEN,2236,0,0,0,0
2020,false,NORTH KESTEVEN,1981,0,0,0,0
2021,false,NORTH KESTEVEN,2861,1,0,0,0
2022,false,NORTH KESTEVEN,2258,0,0,0,0
2023,false,NORTH KESTEVEN,1710,0,0,0,0
2024,false,NORTH KESTEVEN,1857,0,0,0,0
2025,false,NORTH KESTEVEN,2046,1,0,0,0
2015,false,NORTH LINCOLNSHIRE,2449,2,0,0,0
2016,false,NORTH LINCOLNSHIRE,2566,1,0,0,0
2017,false,NORTH LINCOLNSHIRE,2770,0,0,0,0
2018,false,NORTH LINCOLNSHIRE,2624,2,0,0,0
2019,false,NORTH LINCOLNSHIRE,2456,0,0,0,0
2020,false,NORTH LINCOLNSHIRE,2182,0,0,0,0
2021,false,NORTH LINCOLNSHIRE,3022,5,0,0,0
2022,false,NORTH LINCOLNSHIRE,2810,1,0,0,0
2023,false,NORTH LINCOLNSHIRE,2145,1,0,0,0
2024,false,NORTH LINCOLNSHIRE,2292,0,0,0,0
2025,false,NORTH LINCOLNSHIRE,2457,0,0,0,0
2015,false,NORTH NORFOLK,2346,2,0,0,0
2016,false,NORTH NORFOLK,2368,4,0,0,0
2017,false,NORTH NORFOLK,2184,2,0,0,0
2018,false,NORTH NORFOLK,2134,1,1,0,0
2019,false,NORTH NORFOLK,2088,3,0,0,0
2020,false,NORTH NORFOLK,1931,0,0,0,0
2021,false,NORTH NORFOLK,2690,1,0,0,0
2022,false,NORTH NORFOLK,1900,0,0,0,0
2023,false,NORTH NORFOLK,1568,0,0,0,0
2024,false,NORTH NORFOLK,1673,2,0,0,0
2025,false,NORTH NORFOLK,1620,2,0,0,0
2015,false,NORTH NORTHAMPTONSHIRE,19,0,0,0,0
2016,false,NORTH NORTHAMPTONSHIRE,12,0,0,0,0
2017,false,NORTH NORTHAMPTONSHIRE,10,0,0,0,0
2018,false,NORTH NORTHAMPTONSHIRE,13,0,0,0,0
2019,false,NORTH NORTHAMPTONSHIRE,69,0,0,0,0
2020,false,NORTH NORTHAMPTONSHIRE,926,1,0,0,0
2021,false,NORTH NORTHAMPTONSHIRE,7015,3,0,0,1
2022,false,NORTH NORTHAMPTONSHIRE,6393,0,0,0,0
2023,false,NORTH NORTHAMPTONSHIRE,4795,0,0,0,0
2024,false,NORTH NORTHAMPTONSHIRE,5256,1,0,0,0
2025,false,NORTH NORTHAMPTONSHIRE,5644,3,0,0,0
2015,false,NORTH SOMERSET,4403,1,1,0,0
2016,false,NORTH SOMERSET,4430,2,0,0,0
2017,false,NORTH SOMERSET,4001,4,1,0,0
2018,false,NORTH SOMERSET,4088,1,0,0,0
2019,false,NORTH SOMERSET,3783,1,0,0,0
2020,false,NORTH SOMERSET,3439,1,0,0,0
2021,false,NORTH SOMERSET,5361,0,0,0,0
2022,false,NORTH SOMERSET,4347,0,0,0,0
2023,false,NORTH SOMERSET,3257,0,0,0,0
2024,false,NORTH SOMERSET,3626,0,0,0,0
2025,false,NORTH SOMERSET,3857,0,0,0,0
2015,false,NORTH TYNESIDE,3465,0,0,0,0
2016,false,NORTH TYNESIDE,3441,1,0,0,0
2017,false,NORTH TYNESIDE,3708,0,0,0,0
2018,false,NORTH TYNESIDE,3730,0,0,0,0
2019,false,NORTH TYNESIDE,3436,0,0,0,0
2020,false,NORTH TYNESIDE,2997,0,0,0,0
2021,false,NORTH TYNESIDE,3945,0,0,0,0
2022,false,NORTH TYNESIDE,3389,0,0,0,0
2023,false,NORTH TYNESIDE,3077,0,0,0,0
2024,false,NORTH TYNESIDE,3197,0,0,0,0
2025,false,NORTH TYNESIDE,3181,0,0,0,0
2015,false,NORTH WARWICKSHIRE,1008,0,0,0,0
2016,false,NORTH WARWICKSHIRE,1034,0,0,0,0
2017,false,NORTH WARWICKSHIRE,1032,0,0,0,0
2018,false,NORTH WARWICKSHIRE,1029,0,0,0,0
2019,false,NORTH WARWICKSHIRE,983,0,0,0,0
2020,false,NORTH WARWICKSHIRE,814,0,0,0,0
2021,false,NORTH WARWICKSHIRE,1317,0,0,0,0
2022,false,NORTH WARWICKSHIRE,1041,0,0,0,0
2023,false,NORTH WARWICKSHIRE,701,0,0,0,0
2024,false,NORTH WARWICKSHIRE,767,0,0,0,0
2025,false,NORTH WARWICKSHIRE,1023,0,0,0,0
2015,false,NORTH WEST LEICESTERSHIRE,1925,1,0,0,0
2016,false,NORTH WEST LEICESTERSHIRE,2031,1,0,0,0
2017,false,NORTH WEST LEICESTERSHIRE,2253,0,0,0,1
2018,false,NORTH WEST LEICESTERSHIRE,2201,1,0,0,0
2019,false,NORTH WEST LEICESTERSHIRE,2032,0,0,0,0
2020,false,NORTH WEST LEICESTERSHIRE,1889,0,0,0,0
2021,false,NORTH WEST LEICESTERSHIRE,2449,0,0,0,0
2022,false,NORTH WEST LEICESTERSHIRE,2234,0,0,0,0
2023,false,NORTH WEST LEICESTERSHIRE,1572,0,0,0,0
2024,false,NORTH WEST LEICESTERSHIRE,1791,0,0,0,0
2025,false,NORTH WEST LEICESTERSHIRE,1880,1,0,0,0
2015,false,NORTH YORKSHIRE,31,0,0,0,0
2016,false,NORTH YORKSHIRE,25,0,0,0,0
2017,false,NORTH YORKSHIRE,19,0,0,0,0
2018,false,NORTH YORKSHIRE,21,0,0,0,0
2019,false,NORTH YORKSHIRE,48,0,0,0,0
2020,false,NORTH YORKSHIRE,148,0,0,0,0
2021,false,NORTH YORKSHIRE,862,0,0,0,0
2022,false,NORTH YORKSHIRE,2909,0,0,0,0
2023,false,NORTH YORKSHIRE,8698,6,0,0,0
2024,false,NORTH YORKSHIRE,10213,4,0,0,0
2025,false,NORTH YORKSHIRE,10190,7,0,0,2
2015,false,NORTHAMPTON,4127,2,0,0,0
2016,false,NORTHAMPTON,4339,0,0,0,0
2017,false,NORTHAMPTON,3715,0,0,0,1
2018,false,NORTHAMPTON,3542,0,0,0,0
2019,false,NORTHAMPTON,3267,0,0,0,0
2020,false,NORTHAMPTON,2557,0,0,0,0
2021,false,NORTHAMPTON,191,0,0,0,0
2015,false,NORTHUMBERLAND,4934,2,0,0,0
2016,false,NORTHUMBERLAND,5296,4,0,0,2
2017,false,NORTHUMBERLAND,5540,0,0,0,3
2018,false,NORTHUMBERLAND,5478,0,0,0,2
2019,false,NORTHUMBERLAND,5356,0,0,0,6
2020,false,NORTHUMBERLAND,5081,1,0,0,0
2021,false,NORTHUMBERLAND,6805,0,0,0,3
2022,false,NORTHUMBERLAND,6064,1,0,0,0
2023,false,NORTHUMBERLAND,5142,2,0,0,0
2024,false,NORTHUMBERLAND,5392,2,0,0,0
2025,false,NORTHUMBERLAND,5366,1,0,0,1
2015,false,NORWICH,2327,2,0,0,0
2016,false,NORWICH,2202,0,0,0,0
2017,false,NORWICH,2222,1,0,0,0
2018,false,NORWICH,2220,1,0,0,0
2019,false,NORWICH,1987,1,0,0,0
2020,false,NORWICH,1623,0,0,0,0
2021,false,NORWICH,2364,2,0,0,0
2022,false,NORWICH,2173,0,0,0,0
2023,false,NORWICH,1670,1,0,0,1
2024,false,NORWICH,1770,0,0,0,0
2025,false,NORWICH,1884,1,0,0,1
2015,false,NUNEATON AND BEDWORTH,2096,0,0,0,0
2016,false,NUNEATON AND BEDWORTH,2240,0,0,0,0
2017,false,NUNEATON AND BEDWORTH,2138,0,0,0,0
2018,false,NUNEATON AND BEDWORTH,2343,0,0,0,0
2019,false,NUNEATON AND BEDWORTH,2233,0,0,0,0
2020,false,NUNEATON AND BEDWORTH,1873,0,0,0,0
2021,false,NUNEATON AND BEDWORTH,2516,0,0,0,0
2022,false,NUNEATON AND BEDWORTH,2483,0,0,0,0
2023,false,NUNEATON AND BEDWORTH,1873,0,0,0,0
2024,false,NUNEATON AND BEDWORTH,1990,0,0,0,0
2025,false,NUNEATON AND BEDWORTH,2024,0,0,0,0
2015,false,OADBY AND WIGSTON,859,0,0,0,0
2016,false,OADBY AND WIGSTON,900,0,0,0,0
2017,false,OADBY AND WIGSTON,729,0,0,0,0
2018,false,OADBY AND WIGSTON,730,0,0,0,0
2019,false,OADBY AND WIGSTON,809,0,0,0,0
2020,false,OADBY AND WIGSTON,726,0,0,0,0
2021,false,OADBY AND WIGSTON,1038,0,0,0,0
2022,false,OADBY AND WIGSTON,868,0,0,0,0
2023,false,OADBY AND WIGSTON,730,0,0,0,0
2024,false,OADBY AND WIGSTON,751,0,0,0,0
2025,false,OADBY AND WIGSTON,735,0,0,0,0
2015,false,OLDHAM,2474,1,0,0,0
2016,false,OLDHAM,2800,0,0,0,0
2017,false,OLDHAM,2994,1,0,0,0
2018,false,OLDHAM,2793,1,0,0,0
2019,false,OLDHAM,2945,0,0,0,0
2020,false,OLDHAM,2396,0,0,0,0
2021,false,OLDHAM,3288,0,0,0,1
2022,false,OLDHAM,2747,0,0,0,0
2023,false,OLDHAM,2115,0,0,0,0
2024,false,OLDHAM,2325,1,0,0,1
2025,false,OLDHAM,2506,0,0,0,0
2015,false,OXFORD,1692,3,0,0,0
2016,false,OXFORD,1473,1,0,0,0
2017,false,OXFORD,1266,2,0,0,0
2018,false,OXFORD,1326,0,0,0,0
2019,false,OXFORD,1190,0,0,0,0
2020,false,OXFORD,1083,0,0,0,0
2021,false,OXFORD,1752,0,0,0,0
2022,false,OXFORD,1453,0,0,0,0
2023,false,OXFORD,1133,0,0,0,0
2024,false,OXFORD,1272,0,0,0,0
2025,false,OXFORD,1396,0,0,0,1
2015,false,PEMBROKESHIRE,1872,11,0,0,0
2016,false,PEMBROKESHIRE,1786,3,0,0,0
2017,false,PEMBROKESHIRE,1963,5,0,0,0
2018,false,PEMBROKESHIRE,2115,4,0,0,0
2019,false,PEMBROKESHIRE,1994,7,0,0,1
2020,false,PEMBROKESHIRE,1667,4,0,0,0
2021,false,PEMBROKESHIRE,2577,9,0,0,0
2022,false,PEMBROKESHIRE,2038,2,0,0,1
2023,false,PEMBROKESHIRE,1658,4,0,0,0
2024,false,PEMBROKESHIRE,1554,5,0,0,0
2025,false,PEMBROKESHIRE,1736,9,0,0,1
2015,false,PENDLE,1378,0,0,0,0
2016,false,PENDLE,1492,0,0,0,1
2017,false,PENDLE,1437,0,0,0,0
2018,false,PENDLE,1458,0,0,0,1
2019,false,PENDLE,1481,0,0,0,0
2020,false,PENDLE,1280,0,0,0,0
2021,false,PENDLE,1844,0,0,0,0
2022,false,PENDLE,1550,0,0,0,0
2023,false,PENDLE,1195,1,0,0,0
2024,false,PENDLE,1296,0,0,0,0
2025,false,PENDLE,1447,0,0,0,1
2015,false,POOLE,3076,1,0,0,1
2016,false,POOLE,3102,0,0,0,2
2017,false,POOLE,3106,0,0,0,1
2018,false,POOLE,2784,0,0,0,0
2019,false,POOLE,414,0,0,0,0
2015,false,PORTSMOUTH,3550,1,0,0,1
2016,false,PORTSMOUTH,3513,2,0,0,0
2017,false,PORTSMOUTH,3209,0,0,0,1
2018,false,PORTSMOUTH,3014,0,0,0,0
2019,false,PORTSMOUTH,2670,1,0,0,0
2020,false,PORTSMOUTH,2312,0,0,0,0
2021,false,PORTSMOUTH,3405,0,0,0,0
2022,false,PORTSMOUTH,2913,1,0,0,0
2023,false,PORTSMOUTH,2012,0,0,0,0
2024,false,PORTSMOUTH,2326,0,0,0,0
2025,false,PORTSMOUTH,2472,0,0,0,0
2015,false,POWYS,1698,7,0,0,0
2016,false,POWYS,1728,3,1,0,0
2017,false,POWYS,1878,3,0,0,0
2018,false,POWYS,1922,2,0,0,0
2019,false,POWYS,1731,4,0,0,0
2020,false,POWYS,1557,2,0,0,0
2021,false,POWYS,2325,4,1,0,0
2022,false,POWYS,1845,2,0,0,0
2023,false,POWYS,1416,1,0,0,0
2024,false,POWYS,1622,1,1,0,0
2025,false,POWYS,1529,5,0,0,0
2015,false,PRESTON,1847,0,0,0,3
2016,false,PRESTON,1915,1,0,0,1
2017,false,PRESTON,2013,0,0,0,0
2018,false,PRESTON,2071,0,0,0,1
2019,false,PRESTON,1948,0,0,0,1
2020,false,PRESTON,1875,0,0,0,0
2021,false,PRESTON,2590,0,0,0,1
2022,false,PRESTON,2657,0,0,0,0
2023,false,PRESTON,2145,0,0,0,0
2024,false,PRESTON,2119,1,0,0,0
2025,false,PRESTON,2143,0,0,0,0
2015,false,PURBECK,804,1,0,0,0
2016,false,PURBECK,789,0,0,0,0
2017,false,PURBECK,812,0,0,0,0
2018,false,PURBECK,761,0,0,0,0
2019,false,PURBECK,124,0,0,0,0
2015,false,READING,2909,1,0,0,0
2016,false,READING,2730,2,0,0,0
2017,false,READING,2420,0,0,0,0
2018,false,READING,2316,0,0,0,0
2019,false,READING,2163,1,0,0,0
2020,false,READING,1671,0,0,0,0
2021,false,READING,2723,2,0,0,0
2022,false,READING,2526,0,0,0,0
2023,false,READING,2063,0,0,0,0
2024,false,READING,2054,1,0,0,0
2025,false,READING,2039,0,0,0,0
2015,false,REDCAR AND CLEVELAND,1779,0,0,0,1
2016,false,REDCAR AND CLEVELAND,1862,0,0,0,0
2017,false,REDCAR AND CLEVELAND,1970,0,0,0,1
2018,false,REDCAR AND CLEVELAND,2004,0,0,0,0
2019,false,REDCAR AND CLEVELAND,1978,0,0,0,1
2020,false,REDCAR AND CLEVELAND,1720,0,0,0,0
2021,false,REDCAR AND CLEVELAND,2511,0,0,0,0
2022,false,REDCAR AND CLEVELAND,2159,0,0,0,0
2023,false,REDCAR AND CLEVELAND,1867,0,0,0,0
2024,false,REDCAR AND CLEVELAND,1792,0,0,0,0
2025,false,REDCAR AND CLEVELAND,1900,0,0,0,0
2015,false,REDDITCH,1327,0,0,0,0
2016,false,REDDITCH,1244,0,0,0,0
2017,false,REDDITCH,1307,1,0,0,0
2018,false,REDDITCH,1453,0,0,0,0
2019,false,REDDITCH,1379,0,0,0,0
2020,false,REDDITCH,1122,0,0,0,0
2021,false,REDDITCH,1436,1,0,0,0
2022,false,REDDITCH,1144,1,0,0,0
2023,false,REDDITCH,1014,0,0,0,0
2024,false,REDDITCH,1099,0,0,0,0
2025,false,REDDITCH,1163,0,0,0,0
2015,false,REIGATE AND BANSTEAD,2837,4,0,0,0
2016,false,REIGATE AND BANSTEAD,2662,0,0,0,0
2017,false,REIGATE AND BANSTEAD,2541,1,0,0,0
2018,false,REIGATE AND BANSTEAD,2355,0,0,0,0
2019,false,REIGATE AND BANSTEAD,2369,0,0,0,0
2020,false,REIGATE AND BANSTEAD,2171,0,0,0,0
2021,false,REIGATE AND BANSTEAD,3486,1,0,0,0
2022,false,REIGATE AND BANSTEAD,2859,1,0,0,0
2023,false,REIGATE AND BANSTEAD,1899,0,0,0,0
2024,false,REIGATE AND BANSTEAD,2102,1,0,0,0
2025,false,REIGATE AND BANSTEAD,2198,0,0,0,0
2015,false,RHONDDA CYNON TAFF,3445,2,0,0,0
2016,false,RHONDDA CYNON TAFF,3501,2,0,0,0
2017,false,RHONDDA CYNON TAFF,3536,1,0,0,0
2018,false,RHONDDA CYNON TAFF,3530,1,0,0,0
2019,false,RHONDDA CYNON TAFF,3441,1,0,0,0
2020,false,RHONDDA CYNON TAFF,2686,0,0,0,0
2021,false,RHONDDA CYNON TAFF,4112,2,0,0,3
2022,false,RHONDDA CYNON TAFF,3629,2,0,0,0
2023,false,RHONDDA CYNON TAFF,2861,3,0,0,0
2024,false,RHONDDA CYNON TAFF,2977,1,0,0,0
2025,false,RHONDDA CYNON TAFF,3019,1,0,0,0
2015,false,RIBBLE VALLEY,1003,0,0,0,0
2016,false,RIBBLE VALLEY,1031,0,0,0,0
2017,false,RIBBLE VALLEY,1215,0,0,0,0
2018,false,RIBBLE VALLEY,1141,0,0,0,0
2019,false,RIBBLE VALLEY,1168,0,0,0,0
2020,false,RIBBLE VALLEY,1140,0,0,0,0
2021,false,RIBBLE VALLEY,1542,0,0,0,0
2022,false,RIBBLE VALLEY,1248,0,0,0,0
2023,false,RIBBLE VALLEY,1028,0,0,0,0
2024,false,RIBBLE VALLEY,1084,0,0,0,0
2025,false,RIBBLE VALLEY,1147,0,0,0,0
2015,false,RICHMONDSHIRE,717,1,0,0,0
2016,false,RICHMONDSHIRE,759,1,0,0,0
2017,false,RICHMONDSHIRE,882,1,0,0,0
2018,false,RICHMONDSHIRE,803,2,0,0,0
2019,false,RICHMONDSHIRE,644,0,0,0,0
2020,false,RICHMONDSHIRE,616,0,0,0,0
2021,false,RICHMONDSHIRE,865,1,0,0,0
2022,false,RICHMONDSHIRE,576,1,0,0,0
2023,false,RICHMONDSHIRE,55,0,0,0,0
2015,false,ROCHDALE,2685,0,0,0,0
2016,false,ROCHDALE,2830,2,0,0,1
2017,false,ROCHDALE,2907,0,0,0,0
2018,false,ROCHDALE,2982,0,0,0,0
2019,false,ROCHDALE,2986,0,0,0,0
2020,false,ROCHDALE,2443,1,0,0,0
2021,false,ROCHDALE,3382,0,0,0,0
2022,false,ROCHDALE,2981,0,0,0,2
2023,false,ROCHDALE,2276,0,0,0,1
2024,false,ROCHDALE,2422,1,0,0,0
2025,false,ROCHDALE,2657,0,0,0,2
2015,false,ROCHFORD,1508,0,0,0,0
2016,false,ROCHFORD,1425,0,0,0,0
2017,false,ROCHFORD,1471,0,0,0,1
2018,false,ROCHFORD,1374,0,0,0,0
2019,false,ROCHFORD,1326,0,0,0,0
2020,false,ROCHFORD,1288,0,0,0,0
2021,false,ROCHFORD,2013,0,0,0,0
2022,false,ROCHFORD,1575,0,0,0,1
2023,false,ROCHFORD,1171,0,0,0,0
2024,false,ROCHFORD,1435,0,0,0,0
2025,false,ROCHFORD,1476,0,0,0,0
2015,false,ROSSENDALE,1088,0,0,0,0
2016,false,ROSSENDALE,1242,1,0,0,0
2017,false,ROSSENDALE,1298,2,0,0,0
2018,false,ROSSENDALE,1138,0,0,0,0
2019,false,ROSSENDALE,1185,0,0,0,0
2020,false,ROSSENDALE,1032,0,0,0,0
2021,false,ROSSENDALE,1450,0,0,0,0
2022,false,ROSSENDALE,1212,0,0,0,0
2023,false,ROSSENDALE,924,0,0,0,0
2024,false,ROSSENDALE,1023,0,0,0,1
2025,false,ROSSENDALE,1169,1,0,0,0
2015,false,ROTHER,2209,1,0,0,1
2016,false,ROTHER,2154,1,0,0,0
2017,false,ROTHER,2090,0,0,0,0
2018,false,ROTHER,1785,1,0,0,0
2019,false,ROTHER,1673,0,0,0,0
2020,false,ROTHER,1652,1,0,0,0
2021,false,ROTHER,2522,3,0,0,0
2022,false,ROTHER,1964,0,0,0,0
2023,false,ROTHER,1345,1,0,0,0
2024,false,ROTHER,1542,1,0,0,0
2025,false,ROTHER,1382,1,0,0,0
2015,false,ROTHERHAM,3387,0,0,0,0
2016,false,ROTHERHAM,3655,1,0,0,50
2017,false,ROTHERHAM,3541,0,0,0,0
2018,false,ROTHERHAM,3395,0,0,0,0
2019,false,ROTHERHAM,3556,0,0,0,0
2020,false,ROTHERHAM,3330,0,0,0,0
2021,false,ROTHERHAM,4516,0,0,0,1
2022,false,ROTHERHAM,3850,0,0,0,1
2023,false,ROTHERHAM,3221,0,0,0,0
2024,false,ROTHERHAM,3422,0,0,0,0
2025,false,ROTHERHAM,3479,0,0,0,1
2015,false,RUGBY,1918,0,0,0,0
2016,false,RUGBY,1953,0,0,0,0
2017,false,RUGBY,1869,0,0,0,0
2018,false,RUGBY,2052,0,0,0,0
2019,false,RUGBY,2144,0,0,0,0
2020,false,RUGBY,1892,0,0,0,0
2021,false,RUGBY,2371,0,0,0,1
2022,false,RUGBY,1971,0,0,0,1
2023,false,RUGBY,1676,1,0,0,0
2024,false,RUGBY,1942,0,0,0,0
2025,false,RUGBY,1887,0,0,0,0
2015,false,RUNNYMEDE,1502,0,0,0,0
2016,false,RUNNYMEDE,1304,0,0,0,0
2017,false,RUNNYMEDE,1311,0,0,0,1
2018,false,RUNNYMEDE,1261,0,0,0,0
2019,false,RUNNYMEDE,1250,0,0,0,0
2020,false,RUNNYMEDE,1153,0,0,0,0
2021,false,RUNNYMEDE,1841,0,0,0,0
2022,false,RUNNYMEDE,1420,0,0,0,0
2023,false,RUNNYMEDE,1076,0,0,0,0
2024,false,RUNNYMEDE,1125,1,0,0,0
2025,false,RUNNYMEDE,1156,0,0,0,0
2015,false,RUSHCLIFFE,2073,2,0,0,0
2016,false,RUSHCLIFFE,2212,0,0,0,0
2017,false,RUSHCLIFFE,2313,0,0,0,0
2018,false,RUSHCLIFFE,2207,0,0,0,0
2019,false,RUSHCLIFFE,1981,0,0,0,0
2020,false,RUSHCLIFFE,1976,1,0,0,0
2021,false,RUSHCLIFFE,2835,1,0,0,0
2022,false,RUSHCLIFFE,2465,0,0,0,0
2023,false,RUSHCLIFFE,2014,0,0,0,0
2024,false,RUSHCLIFFE,2086,0,0,0,0
2025,false,RUSHCLIFFE,2185,1,0,0,0
2015,false,RUSHMOOR,1710,0,0,0,0
2016,false,RUSHMOOR,1605,1,0,0,0
2017,false,RUSHMOOR,1672,0,0,0,0
2018,false,RUSHMOOR,1461,0,0,0,0
2019,false,RUSHMOOR,1379,0,0,0,0
2020,false,RUSHMOOR,1176,0,0,0,0
2021,false,RUSHMOOR,1808,0,0,0,0
2022,false,RUSHMOOR,1574,0,0,0,0
2023,false,RUSHMOOR,1183,0,0,0,0
2024,false,RUSHMOOR,1276,0,0,0,0
2025,false,RUSHMOOR,1390,0,0,0,0
2015,false,RUTLAND,818,0,0,0,0
2016,false,RUTLAND,800,0,0,0,0
2017,false,RUTLAND,735,0,0,0,0
2018,false,RUTLAND,717,1,0,0,0
2019,false,RUTLAND,687,0,0,0,0
2020,false,RUTLAND,580,0,0,0,0
2021,false,RUTLAND,828,0,0,0,0
2022,false,RUTLAND,659,0,0,0,0
2023,false,RUTLAND,514,0,0,0,0
2024,false,RUTLAND,630,0,0,0,0
2025,false,RUTLAND,665,1,0,0,0
2015,false,RYEDALE,912,0,0,0,0
2016,false,RYEDALE,947,1,0,0,0
2017,false,RYEDALE,1008,0,0,0,2
2018,false,RYEDALE,913,0,0,0,1
2019,false,RYEDALE,905,0,1,0,0
2020,false,RYEDALE,942,0,0,0,0
2021,false,RYEDALE,1063,0,0,0,0
2022,false,RYEDALE,798,0,0,0,0
2023,false,RYEDALE,76,0,0,0,0
2015,false,SALFORD,4506,0,0,0,1
2016,false,SALFORD,5221,0,0,0,1
2017,false,SALFORD,4686,0,0,0,98
2018,false,SALFORD,4490,0,0,0,12
2019,false,SALFORD,4414,0,0,0,0
2020,false,SALFORD,3447,0,0,0,1
2021,false,SALFORD,5075,0,0,0,0
2022,false,SALFORD,4066,0,0,0,0
2023,false,SALFORD,3380,0,0,0,0
2024,false,SALFORD,3440,0,0,0,1
2025,false,SALFORD,3574,0,0,0,0
2015,false,SANDWELL,3312,0,0,0,0
2016,false,SANDWELL,3380,0,0,0,0
2017,false,SANDWELL,3636,0,0,0,1
2018,false,SANDWELL,3507,0,0,0,0
2019,false,SANDWELL,3231,0,0,0,0
2020,false,SANDWELL,2401,1,0,0,0
2021,false,SANDWELL,3603,0,0,0,1
2022,false,SANDWELL,3253,0,0,0,0
2023,false,SANDWELL,2526,0,0,0,0
2024,false,SANDWELL,2581,1,0,0,0
2025,false,SANDWELL,2699,0,0,0,0
2015,false,SCARBOROUGH,2217,1,0,0,0
2016,false,SCARBOROUGH,2356,4,0,0,0
2017,false,SCARBOROUGH,2415,0,0,0,0
2018,false,SCARBOROUGH,2281,2,0,0,0
2019,false,SCARBOROUGH,2148,3,0,0,0
2020,false,SCARBOROUGH,1989,0,0,0,1
2021,false,SCARBOROUGH,2450,4,0,0,0
2022,false,SCARBOROUGH,1794,1,0,0,0
2023,false,SCARBOROUGH,205,0,0,0,0
2015,false,SEDGEMOOR,2175,0,0,0,0
2016,false,SEDGEMOOR,2242,1,0,0,1
2017,false,SEDGEMOOR,2192,1,0,0,0
2018,false,SEDGEMOOR,2071,0,0,0,0
2019,false,SEDGEMOOR,1970,0,0,0,1
2020,false,SEDGEMOOR,1839,0,0,0,0
2021,false,SEDGEMOOR,2680,2,0,0,0
2022,false,SEDGEMOOR,1614,0,0,0,0
2023,false,SEDGEMOOR,140,0,0,0,0
2015,false,SEFTON,3818,0,0,0,1
2016,false,SEFTON,4046,0,0,0,0
2017,false,SEFTON,4106,1,0,0,0
2018,false,SEFTON,4143,1,0,0,0
2019,false,SEFTON,4006,0,0,0,0
2020,false,SEFTON,3790,0,0,0,1
2021,false,SEFTON,5042,0,0,0,0
2022,false,SEFTON,4313,0,0,0,0
2023,false,SEFTON,3508,0,0,0,2
2024,false,SEFTON,3836,0,0,0,0
2025,false,SEFTON,3833,2,0,0,0
2015,false,SELBY,1623,0,0,0,1
2016,false,SELBY,1766,0,0,0,0
2017,false,SELBY,1863,0,0,0,0
2018,false,SELBY,1832,0,0,0,0
2019,false,SELBY,1876,0,0,0,0
2020,false,SELBY,1481,0,0,0,0
2021,false,SELBY,1998,0,0,0,0
2022,false,SELBY,1300,0,0,0,1
2023,false,SELBY,105,0,0,0,0
2015,false,SEVENOAKS,1878,2,0,0,0
2016,false,SEVENOAKS,1912,0,0,0,0
2017,false,SEVENOAKS,1770,2,0,0,1
2018,false,SEVENOAKS,1759,0,0,0,1
2019,false,SEVENOAKS,1581,1,0,0,0
2020,false,SEVENOAKS,1596,0,0,0,0
2021,false,SEVENOAKS,2394,0,0,0,0
2022,false,SEVENOAKS,1802,0,0,0,0
2023,false,SEVENOAKS,1314,1,0,0,1
2024,false,SEVENOAKS,1516,0,0,0,0
2025,false,SEVENOAKS,1680,0,0,0,0
2015,false,SHEFFIELD,7401,0,0,0,0
2016,false,SHEFFIELD,7292,0,0,0,1
2017,false,SHEFFIELD,7607,0,0,0,0
2018,false,SHEFFIELD,7414,1,0,0,0
2019,false,SHEFFIELD,7332,1,0,0,0
2020,false,SHEFFIELD,6244,0,0,0,0
2021,false,SHEFFIELD,7975,2,0,0,0
2022,false,SHEFFIELD,7120,0,0,0,1
2023,false,SHEFFIELD,6121,0,0,0,0
2024,false,SHEFFIELD,6414,1,0,0,1
2025,false,SHEFFIELD,6408,0,0,0,1
2015,false,SHEPWAY,2167,1,0,0,0
2016,false,SHEPWAY,2204,0,0,0,0
2017,false,SHEPWAY,2297,0,0,0,0
2018,false,SHEPWAY,1996,1,0,0,0
2019,false,SHEPWAY,823,0,0,0,0
2015,false,SHROPSHIRE,5084,2,0,0,2
2016,false,SHROPSHIRE,5403,1,0,0,1
2017,false,SHROPSHIRE,5619,3,0,0,0
2018,false,SHROPSHIRE,5532,4,0,0,0
2019,false,SHROPSHIRE,5277,1,0,0,1
2020,false,SHROPSHIRE,4684,1,0,0,0
2021,false,SHROPSHIRE,6588,0,0,0,0
2022,false,SHROPSHIRE,5273,0,0,0,1
2023,false,SHROPSHIRE,4349,1,0,0,0
2024,false,SHROPSHIRE,4605,0,0,0,0
2025,false,SHROPSHIRE,4615,1,0,0,1
2015,false,SLOUGH,1840,0,0,0,0
2016,false,SLOUGH,1757,0,0,0,0
2017,false,SLOUGH,1542,0,0,0,0
2018,false,SLOUGH,1384,0,0,0,0
2019,false,SLOUGH,1161,0,0,0,0
2020,false,SLOUGH,866,0,0,0,0
2021,false,SLOUGH,1473,0,0,0,0
2022,false,SLOUGH,1296,0,0,0,0
2023,false,SLOUGH,934,0,0,0,0
2024,false,SLOUGH,993,0,0,0,0
2025,false,SLOUGH,996,0,0,0,0
2015,false,SOLIHULL,3456,0,0,0,0
2016,false,SOLIHULL,3457,0,0,0,1
2017,false,SOLIHULL,3455,0,0,0,1
2018,false,SOLIHULL,3441,0,0,0,1
2019,false,SOLIHULL,3231,1,0,0,0
2020,false,SOLIHULL,2721,0,0,0,0
2021,false,SOLIHULL,4411,0,0,0,0
2022,false,SOLIHULL,3486,0,0,0,0
2023,false,SOLIHULL,2750,0,0,0,0
2024,false,SOLIHULL,2938,0,0,0,0
2025,false,SOLIHULL,2909,0,0,0,0
2015,false,SOMERSET,27,0,0,0,0
2016,false,SOMERSET,17,0,0,0,0
2017,false,SOMERSET,9,0,0,0,0
2018,false,SOMERSET,19,0,0,0,0
2019,false,SOMERSET,31,0,0,0,0
2020,false,SOMERSET,131,0,0,0,0
2021,false,SOMERSET,699,0,0,0,0
2022,false,SOMERSET,2234,0,0,0,0
2023,false,SOMERSET,7087,1,0,0,0
2024,false,SOMERSET,8542,2,0,0,0
2025,false,SOMERSET,8796,2,0,0,0
2015,false,SOMERSET WEST AND TAUNTON,10,0,0,0,0
2016,false,SOMERSET WEST AND TAUNTON,12,0,0,0,0
2017,false,SOMERSET WEST AND TAUNTON,13,0,0,0,0
2018,false,SOMERSET WEST AND TAUNTON,56,0,0,0,0
2019,false,SOMERSET WEST AND TAUNTON,2245,0,0,0,0
2020,false,SOMERSET WEST AND TAUNTON,2294,1,0,0,0
2021,false,SOMERSET WEST AND TAUNTON,3317,0,0,0,0
2022,false,SOMERSET WEST AND TAUNTON,2349,0,0,0,0
2023,false,SOMERSET WEST AND TAUNTON,261,0,0,0,0
2015,false,SOUTH BUCKS,1027,0,0,0,0
2016,false,SOUTH BUCKS,1022,0,0,0,0
2017,false,SOUTH BUCKS,928,0,0,0,0
2018,false,SOUTH BUCKS,870,0,0,0,0
2019,false,SOUTH BUCKS,842,0,0,0,0
2020,false,SOUTH BUCKS,99,0,0,0,0
2015,false,SOUTH CAMBRIDGESHIRE,2525,0,0,0,1
2016,false,SOUTH CAMBRIDGESHIRE,2331,0,0,0,0
2017,false,SOUTH CAMBRIDGESHIRE,2326,0,0,0,2
2018,false,SOUTH CAMBRIDGESHIRE,2352,0,0,0,0
2019,false,SOUTH CAMBRIDGESHIRE,2366,1,0,0,1
2020,false,SOUTH CAMBRIDGESHIRE,2189,1,0,0,0
2021,false,SOUTH CAMBRIDGESHIRE,3409,0,0,0,0
2022,false,SOUTH CAMBRIDGESHIRE,2853,0,0,0,0
2023,false,SOUTH CAMBRIDGESHIRE,2164,0,0,0,0
2024,false,SOUTH CAMBRIDGESHIRE,2359,0,0,0,1
2025,false,SOUTH CAMBRIDGESHIRE,2406,0,0,0,0
2015,false,SOUTH DERBYSHIRE,1975,0,0,0,0
2016,false,SOUTH DERBYSHIRE,2214,0,0,0,1
2017,false,SOUTH DERBYSHIRE,2286,2,0,0,0
2018,false,SOUTH DERBYSHIRE,2403,0,0,0,0
2019,false,SOUTH DERBYSHIRE,2489,0,1,0,1
2020,false,SOUTH DERBYSHIRE,2125,0,0,0,1
2021,false,SOUTH DERBYSHIRE,2933,1,0,0,0
2022,false,SOUTH DERBYSHIRE,2549,0,0,0,1
2023,false,SOUTH DERBYSHIRE,1820,0,0,0,0
2024,false,SOUTH DERBYSHIRE,1874,1,0,0,1
2025,false,SOUTH DERBYSHIRE,1994,0,0,0,0
2015,false,SOUTH GLOUCESTERSHIRE,4975,1,0,0,0
2016,false,SOUTH GLOUCESTERSHIRE,4852,0,0,0,1
2017,false,SOUTH GLOUCESTERSHIRE,4912,0,0,0,0
2018,false,SOUTH GLOUCESTERSHIRE,4746,0,0,0,5
2019,false,SOUTH GLOUCESTERSHIRE,4814,0,0,0,2
2020,false,SOUTH GLOUCESTERSHIRE,4063,0,0,0,0
2021,false,SOUTH GLOUCESTERSHIRE,5764,0,0,0,0
2022,false,SOUTH GLOUCESTERSHIRE,4792,1,0,0,0
2023,false,SOUTH GLOUCESTERSHIRE,3966,1,0,0,0
2024,false,SOUTH GLOUCESTERSHIRE,4273,0,0,0,0
2025,false,SOUTH GLOUCESTERSHIRE,4354,0,0,0,0
2015,false,SOUTH HAMS,1769,2,1,0,0
2016,false,SOUTH HAMS,1795,0,0,0,0
2017,false,SOUTH HAMS,1880,0,0,0,0
2018,false,SOUTH HAMS,1857,0,0,0,0
2019,false,SOUTH HAMS,1746,0,0,0,0
2020,false,SOUTH HAMS,1826,0,0,0,0
2021,false,SOUTH HAMS,2361,2,0,0,0
2022,false,SOUTH HAMS,1804,0,0,0,0
2023,false,SOUTH HAMS,1538,1,0,0,0
2024,false,SOUTH HAMS,1676,1,0,0,0
2025,false,SOUTH HAMS,1646,2,0,0,0
2015,false,SOUTH HOLLAND,1743,1,0,0,0
2016,false,SOUTH HOLLAND,1714,1,0,0,0
2017,false,SOUTH HOLLAND,1653,0,0,0,0
2018,false,SOUTH HOLLAND,1678,0,0,0,0
2019,false,SOUTH HOLLAND,1601,0,0,0,0
2020,false,SOUTH HOLLAND,1533,1,0,0,0
2021,false,SOUTH HOLLAND,2354,0,0,0,1
2022,false,SOUTH HOLLAND,1918,0,0,0,0
2023,false,SOUTH HOLLAND,1408,0,0,0,0
2024,false,SOUTH HOLLAND,1548,0,0,0,0
2025,false,SOUTH HOLLAND,1628,1,0,0,0
2015,false,SOUTH KESTEVEN,2837,4,0,0,0
2016,false,SOUTH KESTEVEN,2763,1,0,0,0
2017,false,SOUTH KESTEVEN,2759,3,0,0,0
2018,false,SOUTH KESTEVEN,2675,2,0,0,0
2019,false,SOUTH KESTEVEN,2415,2,0,0,0
2020,false,SOUTH KESTEVEN,2119,2,0,0,0
2021,false,SOUTH KESTEVEN,3223,6,0,0,0
2022,false,SOUTH KESTEVEN,2675,1,0,0,0
2023,false,SOUTH KESTEVEN,2090,0,0,0,0
2024,false,SOUTH KESTEVEN,2236,6,0,0,0
2025,false,SOUTH KESTEVEN,2381,3,0,0,0
2015,false,SOUTH LAKELAND,1975,2,0,0,0
2016,false,SOUTH LAKELAND,1935,1,0,0,0
2017,false,SOUTH LAKELAND,2042,1,0,0,1
2018,false,SOUTH LAKELAND,1989,3,0,0,0
2019,false,SOUTH LAKELAND,1852,2,0,0,1
2020,false,SOUTH LAKELAND,1717,2,0,0,2
2021,false,SOUTH LAKELAND,2372,1,0,0,0
2022,false,SOUTH LAKELAND,1546,0,0,0,0
2023,false,SOUTH LAKELAND,172,0,0,0,0
2015,false,SOUTH NORFOLK,2615,2,0,0,0
2016,false,SOUTH NORFOLK,2827,0,0,0,0
2017,false,SOUTH NORFOLK,2994,0,0,0,0
2018,false,SOUTH NORFOLK,2784,0,0,0,0
2019,false,SOUTH NORFOLK,2733,1,0,0,0
2020,false,SOUTH NORFOLK,2381,0,0,0,1
2021,false,SOUTH NORFOLK,3586,2,0,0,0
2022,false,SOUTH NORFOLK,2854,0,0,0,0
2023,false,SOUTH NORFOLK,2154,0,0,0,0
2024,false,SOUTH NORFOLK,2276,1,0,0,0
2025,false,SOUTH NORFOLK,2328,0,0,0,0
2015,false,SOUTH NORTHAMPTONSHIRE,1746,1,0,0,0
2016,false,SOUTH NORTHAMPTONSHIRE,1866,0,0,0,0
2017,false,SOUTH NORTHAMPTONSHIRE,1932,0,0,0,0
2018,false,SOUTH NORTHAMPTONSHIRE,1845,1,0,0,0
2019,false,SOUTH NORTHAMPTONSHIRE,1695,0,0,0,0
2020,false,SOUTH NORTHAMPTONSHIRE,1265,0,0,0,0
2021,false,SOUTH NORTHAMPTONSHIRE,109,0,0,0,1
2015,false,SOUTH OXFORDSHIRE,2481,2,0,0,1
2016,false,SOUTH OXFORDSHIRE,2360,1,0,0,1
2017,false,SOUTH OXFORDSHIRE,2136,1,0,0,0
2018,false,SOUTH OXFORDSHIRE,2205,0,0,0,0
2019,false,SOUTH OXFORDSHIRE,2162,0,0,0,0
2020,false,SOUTH OXFORDSHIRE,2233,0,0,0,0
2021,false,SOUTH OXFORDSHIRE,3349,1,0,0,0
2022,false,SOUTH OXFORDSHIRE,2758,0,0,0,0
2023,false,SOUTH OXFORDSHIRE,2214,0,0,0,0
2024,false,SOUTH OXFORDSHIRE,2319,0,0,0,0
2025,false,SOUTH OXFORDSHIRE,2260,1,0,0,0
2015,false,SOUTH RIBBLE,1882,0,0,0,0
2016,false,SOUTH RIBBLE,1843,0,0,0,0
2017,false,SOUTH RIBBLE,1894,0,0,0,0
2018,false,SOUTH RIBBLE,1905,0,0,0,0
2019,false,SOUTH RIBBLE,1880,0,0,0,0
2020,false,SOUTH RIBBLE,1837,0,0,0,0
2021,false,SOUTH RIBBLE,2545,0,0,0,0
2022,false,SOUTH RIBBLE,2296,0,0,0,0
2023,false,SOUTH RIBBLE,1732,0,0,0,0
2024,false,SOUTH RIBBLE,1838,0,0,0,0
2025,false,SOUTH RIBBLE,2032,0,0,0,0
2015,false,SOUTH SOMERSET,3180,3,0,0,1
2016,false,SOUTH SOMERSET,3266,0,0,0,0
2017,false,SOUTH SOMERSET,3161,1,0,0,1
2018,false,SOUTH SOMERSET,3031,1,0,0,0
2019,false,SOUTH SOMERSET,2813,1,0,0,0
2020,false,SOUTH SOMERSET,2680,1,0,0,0
2021,false,SOUTH SOMERSET,3648,0,0,0,1
2022,false,SOUTH SOMERSET,2417,0,0,0,0
2023,false,SOUTH SOMERSET,267,0,0,0,0
2015,false,SOUTH STAFFORDSHIRE,1488,0,0,0,0
2016,false,SOUTH STAFFORDSHIRE,1480,0,0,0,0
2017,false,SOUTH STAFFORDSHIRE,1587,0,0,0,0
2018,false,SOUTH STAFFORDSHIRE,1454,1,0,0,0
2019,false,SOUTH STAFFORDSHIRE,1495,1,0,0,0
2020,false,SOUTH STAFFORDSHIRE,1355,0,0,0,0
2021,false,SOUTH STAFFORDSHIRE,2039,0,0,0,0
2022,false,SOUTH STAFFORDSHIRE,1671,0,0,0,0
2023,false,SOUTH STAFFORDSHIRE,1230,0,0,0,0
2024,false,SOUTH STAFFORDSHIRE,1327,1,0,0,0
2025,false,SOUTH STAFFORDSHIRE,1510,1,0,0,0
2015,false,SOUTH TYNESIDE,1775,0,0,0,1
2016,false,SOUTH TYNESIDE,1818,0,0,0,3
2017,false,SOUTH TYNESIDE,1847,0,0,0,0
2018,false,SOUTH TYNESIDE,1761,0,0,0,0
2019,false,SOUTH TYNESIDE,1802,0,0,0,0
2020,false,SOUTH TYNESIDE,1521,0,0,0,0
2021,false,SOUTH TYNESIDE,2210,0,0,0,0
2022,false,SOUTH TYNESIDE,1945,0,0,0,0
2023,false,SOUTH TYNESIDE,1552,0,0,0,0
2024,false,SOUTH TYNESIDE,1659,0,0,0,0
2025,false,SOUTH TYNESIDE,1718,0,0,0,0
2015,false,SOUTHAMPTON,4000,1,0,0,2
2016,false,SOUTHAMPTON,3794,1,0,0,10
2017,false,SOUTHAMPTON,3664,0,0,0,0
2018,false,SOUTHAMPTON,3640,0,0,0,0
2019,false,SOUTHAMPTON,3018,0,0,0,0
2020,false,SOUTHAMPTON,2523,1,0,0,0
2021,false,SOUTHAMPTON,3578,0,0,0,0
2022,false,SOUTHAMPTON,3196,0,0,0,0
2023,false,SOUTHAMPTON,2672,0,0,0,0
2024,false,SOUTHAMPTON,2577,1,0,0,0
2025,false,SOUTHAMPTON,2724,0,0,0,0
2015,false,SOUTHEND-ON-SEA,3400,0,0,0,0
2016,false,SOUTHEND-ON-SEA,3500,1,0,0,0
2017,false,SOUTHEND-ON-SEA,3140,1,0,0,0
2018,false,SOUTHEND-ON-SEA,3208,0,0,0,1
2019,false,SOUTHEND-ON-SEA,2654,0,0,0,0
2020,false,SOUTHEND-ON-SEA,2431,1,0,0,0
2021,false,SOUTHEND-ON-SEA,3697,0,0,0,0
2022,false,SOUTHEND-ON-SEA,3093,0,0,0,0
2023,false,SOUTHEND-ON-SEA,1967,0,0,0,0
2024,false,SOUTHEND-ON-SEA,2257,2,0,0,0
2025,false,SOUTHEND-ON-SEA,2464,1,0,0,0
2015,false,SPELTHORNE,1711,0,0,0,0
2016,false,SPELTHORNE,1632,0,0,0,0
2017,false,SPELTHORNE,1516,0,0,0,0
2018,false,SPELTHORNE,1362,0,0,0,0
2019,false,SPELTHORNE,1344,0,0,0,0
2020,false,SPELTHORNE,1261,0,0,0,0
2021,false,SPELTHORNE,1950,0,0,0,0
2022,false,SPELTHORNE,1601,0,0,0,0
2023,false,SPELTHORNE,1085,0,0,0,0
2024,false,SPELTHORNE,1326,1,0,0,0
2025,false,SPELTHORNE,1367,0,0,0,0
2015,false,ST ALBANS,2642,1,0,0,0
2016,false,ST ALBANS,2386,0,0,0,0
2017,false,ST ALBANS,2110,0,0,0,0
2018,false,ST ALBANS,2111,1,0,0,0
2019,false,ST ALBANS,2111,0,0,0,0
2020,false,ST ALBANS,2055,0,0,0,0
2021,false,ST ALBANS,3014,0,0,0,0
2022,false,ST ALBANS,2469,0,0,0,0
2023,false,ST ALBANS,1888,0,0,0,0
2024,false,ST ALBANS,2001,0,0,0,0
2025,false,ST ALBANS,2179,0,0,0,0
2015,false,ST EDMUNDSBURY,1973,0,1,0,0
2016,false,ST EDMUNDSBURY,1823,1,0,0,0
2017,false,ST EDMUNDSBURY,1653,2,0,0,0
2018,false,ST EDMUNDSBURY,1619,1,0,0,0
2019,false,ST EDMUNDSBURY,196,0,0,0,0
2015,false,ST HELENS,2312,0,0,0,0
2016,false,ST HELENS,2436,1,0,0,0
2017,false,ST HELENS,2646,1,0,0,0
2018,false,ST HELENS,2466,0,0,0,0
2019,false,ST HELENS,2473,0,0,0,0
2020,false,ST HELENS,2214,0,0,0,0
2021,false,ST HELENS,3120,0,0,0,0
2022,false,ST HELENS,2642,0,0,0,0
2023,false,ST HELENS,1983,0,0,0,0
2024,false,ST HELENS,2251,0,0,0,0
2025,false,ST HELENS,2388,0,0,0,0
2015,false,STAFFORD,2237,0,0,0,0
2016,false,STAFFORD,2420,0,0,0,0
2017,false,STAFFORD,2601,1,0,0,0
2018,false,STAFFORD,2502,1,0,0,0
2019,false,STAFFORD,2359,0,0,0,0
2020,false,STAFFORD,2117,0,0,0,0
2021,false,STAFFORD,2748,1,0,0,0
2022,false,STAFFORD,2295,0,0,0,0
2023,false,STAFFORD,1849,0,0,0,0
2024,false,STAFFORD,2032,0,0,0,0
2025,false,STAFFORD,2082,0,0,0,0
2015,false,STAFFORDSHIRE MOORLANDS,1605,1,0,0,0
2016,false,STAFFORDSHIRE MOORLANDS,1641,1,0,0,0
2017,false,STAFFORDSHIRE MOORLANDS,1553,0,0,0,0
2018,false,STAFFORDSHIRE MOORLANDS,1463,0,0,0,0
2019,false,STAFFORDSHIRE MOORLANDS,1438,0,0,0,0
2020,false,STAFFORDSHIRE MOORLANDS,1373,0,0,0,0
2021,false,STAFFORDSHIRE MOORLANDS,1890,0,0,0,0
2022,false,STAFFORDSHIRE MOORLANDS,1436,0,0,0,0
2023,false,STAFFORDSHIRE MOORLANDS,1225,0,0,0,0
2024,false,STAFFORDSHIRE MOORLANDS,1406,0,0,0,1
2025,false,STAFFORDSHIRE MOORLANDS,1576,1,0,0,0
2015,false,STEVENAGE,1320,0,0,0,0
2016,false,STEVENAGE,1439,0,0,0,0
2017,false,STEVENAGE,1297,0,0,0,0
2018,false,STEVENAGE,1043,0,0,0,0
2019,false,STEVENAGE,1114,0,0,0,0
2020,false,STEVENAGE,891,0,0,0,0
2021,false,STEVENAGE,1355,0,0,0,0
2022,false,STEVENAGE,1078,0,0,0,0
2023,false,STEVENAGE,816,0,0,0,0
2024,false,STEVENAGE,920,0,0,0,0
2025,false,STEVENAGE,1010,0,0,0,0
2015,false,STOCKPORT,4940,0,0,0,0
2016,false,STOCKPORT,5110,0,0,0,2
2017,false,STOCKPORT,5145,0,0,0,0
2018,false,STOCKPORT,4977,0,0,0,0
2019,false,STOCKPORT,4749,0,0,0,0
2020,false,STOCKPORT,4260,0,0,0,0
2021,false,STOCKPORT,5850,1,0,0,0
2022,false,STOCKPORT,4656,0,0,0,0
2023,false,STOCKPORT,3804,0,0,0,0
2024,false,STOCKPORT,4231,1,0,0,0
2025,false,STOCKPORT,4616,0,0,0,2
2015,false,STOCKTON-ON-TEES,2782,1,0,0,0
2016,false,STOCKTON-ON-TEES,2872,0,0,0,19
2017,false,STOCKTON-ON-TEES,3079,1,0,0,0
2018,false,STOCKTON-ON-TEES,3046,0,0,0,0
2019,false,STOCKTON-ON-TEES,3076,0,0,0,0
2020,false,STOCKTON-ON-TEES,2758,0,0,0,0
2021,false,STOCKTON-ON-TEES,3643,0,0,0,0
2022,false,STOCKTON-ON-TEES,3203,0,0,0,0
2023,false,STOCKTON-ON-TEES,2626,0,0,0,0
2024,false,STOCKTON-ON-TEES,2785,0,0,0,0
2025,false,STOCKTON-ON-TEES,2960,0,0,0,0
2015,false,STOKE-ON-TRENT,3376,1,0,0,0
2016,false,STOKE-ON-TRENT,3650,0,0,0,0
2017,false,STOKE-ON-TRENT,3766,0,0,0,0
2018,false,STOKE-ON-TRENT,3716,0,0,0,0
2019,false,STOKE-ON-TRENT,3477,0,0,0,0
2020,false,STOKE-ON-TRENT,2838,1,0,0,0
2021,false,STOKE-ON-TRENT,3882,1,0,0,0
2022,false,STOKE-ON-TRENT,3564,0,0,0,0
2023,false,STOKE-ON-TRENT,2949,0,0,0,0
2024,false,STOKE-ON-TRENT,2985,0,0,0,0
2025,false,STOKE-ON-TRENT,2952,1,0,0,0
2015,false,STRATFORD-ON-AVON,2445,0,0,0,0
2016,false,STRATFORD-ON-AVON,2573,1,0,0,0
2017,false,STRATFORD-ON-AVON,2727,2,0,0,0
2018,false,STRATFORD-ON-AVON,2565,0,0,0,0
2019,false,STRATFORD-ON-AVON,2419,0,0,0,0
2020,false,STRATFORD-ON-AVON,2355,0,0,0,0
2021,false,STRATFORD-ON-AVON,3468,1,0,0,0
2022,false,STRATFORD-ON-AVON,3077,0,0,0,0
2023,false,STRATFORD-ON-AVON,2255,0,0,0,0
2024,false,STRATFORD-ON-AVON,2486,1,0,0,0
2025,false,STRATFORD-ON-AVON,2464,0,2,0,0
2015,false,STROUD,2172,0,0,0,1
2016,false,STROUD,2062,0,0,0,0
2017,false,STROUD,2055,1,0,0,1
2018,false,STROUD,2105,0,0,0,2
2019,false,STROUD,2106,0,1,0,1
2020,false,STROUD,1841,0,0,0,0
2021,false,STROUD,2807,0,0,0,0
2022,false,STROUD,2143,0,0,0,0
2023,false,STROUD,1726,1,0,0,0
2024,false,STROUD,1846,0,0,0,0
2025,false,STROUD,1973,0,0,0,0
2015,false,SUFFOLK COASTAL,2632,0,0,0,3
2016,false,SUFFOLK COASTAL,2566,1,0,0,0
2017,false,SUFFOLK COASTAL,2476,1,0,0,0
2018,false,SUFFOLK COASTAL,2149,0,0,0,0
2019,false,SUFFOLK COASTAL,325,0,0,0,0
2015,false,SUNDERLAND,3169,0,0,0,0
2016,false,SUNDERLAND,3277,0,0,0,0
2017,false,SUNDERLAND,3598,0,0,0,22
2018,false,SUNDERLAND,3358,0,0,0,0
2019,false,SUNDERLAND,3402,0,0,0,4
2020,false,SUNDERLAND,3162,0,0,0,0
2021,false,SUNDERLAND,4238,0,0,0,0
2022,false,SUNDERLAND,4090,1,0,0,0
2023,false,SUNDERLAND,3168,0,0,0,0
2024,false,SUNDERLAND,3245,1,0,0,0
2025,false,SUNDERLAND,3333,0,0,0,0
2015,false,SURREY HEATH,1498,0,0,0,1
2016,false,SURREY HEATH,1494,0,0,0,0
2017,false,SURREY HEATH,1405,0,0,0,0
2018,false,SURREY HEATH,1306,0,0,0,0
2019,false,SURREY HEATH,1427,0,0,0,1
2020,false,SURREY HEATH,1179,0,0,0,0
2021,false,SURREY HEATH,1890,0,0,0,1
2022,false,SURREY HEATH,1575,0,0,0,0
2023,false,SURREY HEATH,1089,0,0,0,0
2024,false,SURREY HEATH,1254,0,0,0,0
2025,false,SURREY HEATH,1324,0,0,0,0
2015,false,SWALE,2612,0,0,0,1
2016,false,SWALE,2568,1,0,0,6
2017,false,SWALE,2409,0,0,0,0
2018,false,SWALE,2295,1,0,0,1
2019,false,SWALE,2249,1,0,0,0
2020,false,SWALE,2220,0,0,0,1
2021,false,SWALE,3029,2,0,0,1
2022,false,SWALE,2523,0,0,0,0
2023,false,SWALE,1664,0,0,0,0
2024,false,SWALE,2090,1,0,0,1
2025,false,SWALE,2314,0,0,0,0
2015,false,SWANSEA,3134,1,0,0,0
2016,false,SWANSEA,3423,0,0,0,0
2017,false,SWANSEA,3485,2,0,0,0
2018,false,SWANSEA,3340,2,0,0,0
2019,false,SWANSEA,3157,1,0,0,0
2020,false,SWANSEA,2593,1,0,0,0
2021,false,SWANSEA,3790,1,0,0,1
2022,false,SWANSEA,3319,0,0,0,0
2023,false,SWANSEA,2739,0,0,0,0
2024,false,SWANSEA,2907,0,0,0,0
2025,false,SWANSEA,3012,1,0,0,0
2015,false,SWINDON,4428,0,0,0,1
2016,false,SWINDON,4692,0,0,0,0
2017,false,SWINDON,4443,0,0,0,0
2018,false,SWINDON,4168,0,0,0,0
2019,false,SWINDON,3773,1,0,0,0
2020,false,SWINDON,2920,1,0,0,0
2021,false,SWINDON,4784,0,0,0,0
2022,false,SWINDON,3948,0,0,0,0
2023,false,SWINDON,3253,0,0,0,0
2024,false,SWINDON,3447,1,0,0,0
2025,false,SWINDON,3518,1,0,0,0
2015,false,TAMESIDE,2978,0,0,0,0
2016,false,TAMESIDE,3152,0,0,0,0
2017,false,TAMESIDE,3331,0,0,0,0
2018,false,TAMESIDE,3463,0,0,0,0
2019,false,TAMESIDE,3158,1,0,0,0
2020,false,TAMESIDE,2633,0,0,0,0
2021,false,TAMESIDE,3945,1,0,0,0
2022,false,TAMESIDE,3239,0,0,0,0
2023,false,TAMESIDE,2656,0,0,0,0
2024,false,TAMESIDE,2799,0,0,0,0
2025,false,TAMESIDE,2906,3,0,0,0
2015,false,TAMWORTH,1008,0,0,0,0
2016,false,TAMWORTH,1099,0,0,0,0
2017,false,TAMWORTH,1166,0,0,0,0
2018,false,TAMWORTH,1163,1,0,0,0
2019,false,TAMWORTH,1305,0,0,0,0
2020,false,TAMWORTH,1161,0,0,0,0
2021,false,TAMWORTH,1622,0,0,0,0
2022,false,TAMWORTH,1370,0,0,0,0
2023,false,TAMWORTH,1025,0,0,0,0
2024,false,TAMWORTH,1130,0,0,0,0
2025,false,TAMWORTH,1194,0,0,0,0
2015,false,TANDRIDGE,1675,1,0,0,0
2016,false,TANDRIDGE,1565,0,0,0,0
2017,false,TANDRIDGE,1402,0,0,0,0
2018,false,TANDRIDGE,1264,0,0,0,0
2019,false,TANDRIDGE,1270,0,0,0,0
2020,false,TANDRIDGE,1184,0,0,0,0
2021,false,TANDRIDGE,1806,0,0,0,0
2022,false,TANDRIDGE,1457,0,0,0,0
2023,false,TANDRIDGE,998,0,0,0,0
2024,false,TANDRIDGE,1140,1,0,0,0
2025,false,TANDRIDGE,1215,0,0,0,0
2015,false,TAUNTON DEANE,2339,0,0,0,0
2016,false,TAUNTON DEANE,2609,2,0,0,0
2017,false,TAUNTON DEANE,2423,0,0,0,0
2018,false,TAUNTON DEANE,2229,0,0,0,0
2019,false,TAUNTON DEANE,307,0,0,0,0
2015,false,TEIGNBRIDGE,2706,2,0,0,2
2016,false,TEIGNBRIDGE,2752,1,0,0,2
2017,false,TEIGNBRIDGE,2732,0,0,0,0
2018,false,TEIGNBRIDGE,2548,1,0,0,0
2019,false,TEIGNBRIDGE,2398,1,0,0,0
2020,false,TEIGNBRIDGE,2163,1,0,0,0
2021,false,TEIGNBRIDGE,3188,0,0,0,0
2022,false,TEIGNBRIDGE,2537,0,0,0,1
2023,false,TEIGNBRIDGE,2055,0,0,0,0
2024,false,TEIGNBRIDGE,2095,0,0,0,0
2025,false,TEIGNBRIDGE,2143,3,0,0,0
2015,false,TENDRING,3143,0,0,0,0
2016,false,TENDRING,3185,0,0,0,0
2017,false,TENDRING,3026,0,0,0,1
2018,false,TENDRING,2864,0,0,0,0
2019,false,TENDRING,2777,1,0,0,0
2020,false,TENDRING,2724,0,0,0,0
2021,false,TENDRING,4212,0,0,0,0
2022,false,TENDRING,3389,0,0,0,0
2023,false,TENDRING,2306,0,0,0,0
2024,false,TENDRING,2682,0,0,0,0
2025,false,TENDRING,2763,0,0,0,0
2015,false,TEST VALLEY,2427,0,0,0,1
2016,false,TEST VALLEY,2263,0,0,0,1
2017,false,TEST VALLEY,2282,0,0,0,0
2018,false,TEST VALLEY,2191,0,0,0,0
2019,false,TEST VALLEY,2241,0,0,0,0
2020,false,TEST VALLEY,2031,0,0,0,0
2021,false,TEST VALLEY,2918,0,0,0,0
2022,false,TEST VALLEY,2100,2,0,0,0
2023,false,TEST VALLEY,1630,0,0,0,0
2024,false,TEST VALLEY,1770,0,0,0,0
2025,false,TEST VALLEY,1949,0,0,0,0
2015,false,TEWKESBURY,1785,1,0,0,0
2016,false,TEWKESBURY,1920,0,0,0,0
2017,false,TEWKESBURY,1926,0,0,0,0
2018,false,TEWKESBURY,1983,0,0,0,0
2019,false,TEWKESBURY,1739,0,0,0,0
2020,false,TEWKESBURY,1550,0,0,0,0
2021,false,TEWKESBURY,2179,0,0,0,0
2022,false,TEWKESBURY,1907,0,0,0,0
2023,false,TEWKESBURY,1587,0,0,0,0
2024,false,TEWKESBURY,1764,0,0,0,0
2025,false,TEWKESBURY,1789,0,0,0,0
2015,false,THANET,2941,1,0,0,0
2016,false,THANET,2907,0,0,0,0
2017,false,THANET,2932,0,0,0,0
2018,false,THANET,2428,0,0,0,1
2019,false,THANET,2244,1,0,0,0
2020,false,THANET,2060,0,0,0,0
2021,false,THANET,3312,0,0,0,0
2022,false,THANET,2516,0,0,0,0
2023,false,THANET,1732,0,0,0,0
2024,false,THANET,1939,0,0,0,0
2025,false,THANET,2147,0,0,0,0
2015,false,THE VALE OF GLAMORGAN,2307,5,0,0,0
2016,false,THE VALE OF GLAMORGAN,2517,1,0,0,0
2017,false,THE VALE OF GLAMORGAN,2456,0,0,0,0
2018,false,THE VALE OF GLAMORGAN,2388,0,0,0,0
2019,false,THE VALE OF GLAMORGAN,2503,1,0,0,0
2020,false,THE VALE OF GLAMORGAN,1993,0,0,0,0
2021,false,THE VALE OF GLAMORGAN,2765,1,0,0,0
2022,false,THE VALE OF GLAMORGAN,2241,1,0,0,0
2023,false,THE VALE OF GLAMORGAN,1670,1,0,0,0
2024,false,THE VALE OF GLAMORGAN,1765,2,0,0,0
2025,false,THE VALE OF GLAMORGAN,2004,2,0,0,0
2015,false,THREE RIVERS,1448,0,0,0,0
2016,false,THREE RIVERS,1241,0,0,0,1
2017,false,THREE RIVERS,1173,0,0,0,0
2018,false,THREE RIVERS,1157,0,0,0,0
2019,false,THREE RIVERS,1179,0,0,0,0
2020,false,THREE RIVERS,1086,0,0,0,0
2021,false,THREE RIVERS,1538,0,0,0,0
2022,false,THREE RIVERS,1216,0,0,0,0
2023,false,THREE RIVERS,951,0,0,0,0
2024,false,THREE RIVERS,1138,1,0,0,0
2025,false,THREE RIVERS,1166,0,0,0,0
2015,false,THURROCK,2780,0,0,0,0
2016,false,THURROCK,3112,0,0,0,0
2017,false,THURROCK,2714,0,0,0,0
2018,false,THURROCK,2468,0,0,0,0
2019,false,THURROCK,2349,0,0,0,0
2020,false,THURROCK,2083,0,0,0,0
2021,false,THURROCK,2914,0,0,0,0
2022,false,THURROCK,2312,0,0,0,0
2023,false,THURROCK,1577,0,0,0,0
2024,false,THURROCK,1801,0,0,0,0
2025,false,THURROCK,2090,0,0,0,0
2015,false,TONBRIDGE AND MALLING,2413,1,0,0,1
2016,false,TONBRIDGE AND MALLING,2501,0,0,0,1
2017,false,TONBRIDGE AND MALLING,2405,1,0,0,0
2018,false,TONBRIDGE AND MALLING,2183,0,0,0,1
2019,false,TONBRIDGE AND MALLING,2091,0,0,0,0
2020,false,TONBRIDGE AND MALLING,2039,0,0,0,0
2021,false,TONBRIDGE AND MALLING,3083,0,0,0,0
2022,false,TONBRIDGE AND MALLING,2300,0,0,0,0
2023,false,TONBRIDGE AND MALLING,1637,0,0,0,0
2024,false,TONBRIDGE AND MALLING,1932,0,0,0,0
2025,false,TONBRIDGE AND MALLING,2069,0,0,0,0
2015,false,TORBAY,2993,1,0,0,0
2016,false,TORBAY,2949,0,0,0,3
2017,false,TORBAY,3119,0,0,0,0
2018,false,TORBAY,2806,0,0,0,0
2019,false,TORBAY,2665,1,0,0,0
2020,false,TORBAY,2172,1,0,0,0
2021,false,TORBAY,3364,1,0,0,0
2022,false,TORBAY,2616,1,0,0,0
2023,false,TORBAY,1800,1,0,0,0
2024,false,TORBAY,2058,1,0,0,0
2025,false,TORBAY,2070,0,0,0,0
2015,false,TORFAEN,1043,0,0,0,0
2016,false,TORFAEN,1130,1,0,0,0
2017,false,TORFAEN,1376,1,0,0,0
2018,false,TORFAEN,1529,2,0,0,0
2019,false,TORFAEN,1382,0,0,0,0
2020,false,TORFAEN,1058,0,0,0,0
2021,false,TORFAEN,1531,2,0,0,0
2022,false,TORFAEN,1356,0,0,0,1
2023,false,TORFAEN,1096,0,0,0,0
2024,false,TORFAEN,1042,0,0,0,0
2025,false,TORFAEN,1132,2,0,0,0
2015,false,TORRIDGE,1460,1,0,0,1
2016,false,TORRIDGE,1491,0,0,0,0
2017,false,TORRIDGE,1409,1,0,0,0
2018,false,TORRIDGE,1333,0,0,0,0
2019,false,TORRIDGE,1230,0,0,0,0
2020,false,TORRIDGE,1161,0,0,0,0
2021,false,TORRIDGE,1611,0,0,0,0
2022,false,TORRIDGE,1201,0,0,0,2
2023,false,TORRIDGE,1091,0,0,0,0
2024,false,TORRIDGE,1140,0,0,0,0
2025,false,TORRIDGE,1181,1,0,0,0
2015,false,TRAFFORD,3892,0,0,0,0
2016,false,TRAFFORD,3919,0,0,0,0
2017,false,TRAFFORD,3746,0,0,0,0
2018,false,TRAFFORD,3750,1,0,0,0
2019,false,TRAFFORD,3481,0,0,0,0
2020,false,TRAFFORD,3058,0,0,0,0
2021,false,TRAFFORD,4818,0,0,0,0
2022,false,TRAFFORD,3344,0,0,0,0
2023,false,TRAFFORD,2887,0,0,0,0
2024,false,TRAFFORD,3107,0,0,0,0
2025,false,TRAFFORD,3156,0,0,0,0
2015,false,TUNBRIDGE WELLS,2153,0,0,0,0
2016,false,TUNBRIDGE WELLS,1978,0,0,0,1
2017,false,TUNBRIDGE WELLS,1834,0,0,0,0
2018,false,TUNBRIDGE WELLS,1764,0,0,0,0
2019,false,TUNBRIDGE WELLS,1790,0,0,0,1
2020,false,TUNBRIDGE WELLS,1732,0,0,0,0
2021,false,TUNBRIDGE WELLS,2715,0,0,0,0
2022,false,TUNBRIDGE WELLS,2269,0,0,0,0
2023,false,TUNBRIDGE WELLS,1642,1,0,0,0
2024,false,TUNBRIDGE WELLS,1725,0,0,0,0
2025,false,TUNBRIDGE WELLS,1766,0,0,0,0
2015,false,UTTLESFORD,1744,0,0,0,0
2016,false,UTTLESFORD,1723,0,0,0,0
2017,false,UTTLESFORD,1650,0,0,0,0
2018,false,UTTLESFORD,1665,0,0,0,0
2019,false,UTTLESFORD,1432,0,0,0,0
2020,false,UTTLESFORD,1248,1,0,0,1
2021,false,UTTLESFORD,1969,0,0,0,0
2022,false,UTTLESFORD,1489,0,0,0,0
2023,false,UTTLESFORD,1149,0,0,0,0
2024,false,UTTLESFORD,1481,1,0,0,0
2025,false,UTTLESFORD,1589,0,0,0,0
2015,false,VALE OF WHITE HORSE,2437,0,0,0,0
2016,false,VALE OF WHITE HORSE,2427,0,0,0,0
2017,false,VALE OF WHITE HORSE,2557,0,0,0,0
2018,false,VALE OF WHITE HORSE,2540,0,0,0,1
2019,false,VALE OF WHITE HORSE,2467,0,0,0,0
2020,false,VALE OF WHITE HORSE,2385,0,0,0,0
2021,false,VALE OF WHITE HORSE,3164,0,0,0,0
2022,false,VALE OF WHITE HORSE,2793,1,0,0,0
2023,false,VALE OF WHITE HORSE,2111,0,2,0,0
2024,false,VALE OF WHITE HORSE,2325,1,2,0,0
2025,false,VALE OF WHITE HORSE,2398,0,0,0,0
2015,false,WAKEFIELD,5072,0,0,0,1
2016,false,WAKEFIELD,5690,1,0,0,2
2017,false,WAKEFIELD,5808,0,0,0,0
2018,false,WAKEFIELD,5744,0,0,0,0
2019,false,WAKEFIELD,5574,0,0,0,0
2020,false,WAKEFIELD,4709,1,0,0,1
2021,false,WAKEFIELD,6697,1,0,0,0
2022,false,WAKEFIELD,5811,1,0,0,0
2023,false,WAKEFIELD,4190,0,0,0,0
2024,false,WAKEFIELD,4573,1,0,0,0
2025,false,WAKEFIELD,4756,1,0,0,0
2015,false,WALSALL,3197,1,0,0,0
2016,false,WALSALL,3355,1,0,0,0
2017,false,WALSALL,3471,0,0,0,0
2018,false,WALSALL,3350,0,0,0,0
2019,false,WALSALL,3166,1,0,0,0
2020,false,WALSALL,2727,0,0,0,0
2021,false,WALSALL,3576,0,0,0,0
2022,false,WALSALL,3106,0,0,0,0
2023,false,WALSALL,2604,0,0,0,0
2024,false,WALSALL,2632,0,0,0,0
2025,false,WALSALL,2874,0,0,0,0
2015,false,WARRINGTON,3347,1,0,0,0
2016,false,WARRINGTON,3405,0,0,0,0
2017,false,WARRINGTON,3166,0,0,0,0
2018,false,WARRINGTON,3067,0,0,0,0
2019,false,WARRINGTON,3142,0,0,0,0
2020,false,WARRINGTON,2935,0,0,0,0
2021,false,WARRINGTON,4010,0,0,0,0
2022,false,WARRINGTON,3348,0,0,0,0
2023,false,WARRINGTON,2652,0,0,0,0
2024,false,WARRINGTON,2675,0,0,0,0
2025,false,WARRINGTON,3028,1,0,0,0
2015,false,WARWICK,2715,0,1,0,0
2016,false,WARWICK,2587,0,0,0,0
2017,false,WARWICK,2724,1,0,0,0
2018,false,WARWICK,2542,0,0,0,0
2019,false,WARWICK,2381,1,0,0,1
2020,false,WARWICK,2061,0,0,0,0
2021,false,WARWICK,3264,0,0,0,0
2022,false,WARWICK,2551,0,0,0,0
2023,false,WARWICK,2217,0,1,0,0
2024,false,WARWICK,2440,1,0,0,0
2025,false,WARWICK,2477,0,0,0,0
2015,false,WATFORD,1631,0,0,0,0
2016,false,WATFORD,1406,0,0,0,0
2017,false,WATFORD,1177,1,0,0,0
2018,false,WATFORD,1136,0,0,0,1
2019,false,WATFORD,1146,0,0,0,0
2020,false,WATFORD,914,0,0,0,0
2021,false,WATFORD,1559,0,0,0,0
2022,false,WATFORD,1480,0,0,0,0
2023,false,WATFORD,1061,0,0,0,0
2024,false,WATFORD,1154,0,0,0,0
2025,false,WATFORD,1065,0,0,0,0
2015,false,WAVENEY,2012,2,0,0,0
2016,false,WAVENEY,2166,0,0,0,0
2017,false,WAVENEY,2085,1,0,0,0
2018,false,WAVENEY,1963,0,0,0,0
2019,false,WAVENEY,320,0,0,0,0
2015,false,WAVERLEY,2302,0,0,0,0
2016,false,WAVERLEY,1997,2,0,0,0
2017,false,WAVERLEY,1987,1,0,0,0
2018,false,WAVERLEY,1884,0,0,0,0
2019,false,WAVERLEY,1926,1,0,0,1
2020,false,WAVERLEY,2028,2,0,0,0
2021,false,WAVERLEY,2846,1,0,0,1
2022,false,WAVERLEY,2370,0,0,0,0
2023,false,WAVERLEY,1845,0,0,0,0
2024,false,WAVERLEY,1918,2,0,0,0
2025,false,WAVERLEY,2030,1,0,0,0
2015,false,WEALDEN,2916,2,0,0,0
2016,false,WEALDEN,2925,2,0,0,0
2017,false,WEALDEN,2779,0,0,0,1
2018,false,WEALDEN,2819,1,0,0,0
2019,false,WEALDEN,2676,0,0,0,0
2020,false,WEALDEN,2673,0,0,0,1
2021,false,WEALDEN,4088,2,0,0,1
2022,false,WEALDEN,2967,0,0,0,0
2023,false,WEALDEN,2256,0,0,0,1
2024,false,WEALDEN,2619,0,0,0,0
2025,false,WEALDEN,2656,0,0,0,0
2015,false,WELLINGBOROUGH,1323,0,0,0,0
2016,false,WELLINGBOROUGH,1288,1,0,0,0
2017,false,WELLINGBOROUGH,1296,0,0,0,0
2018,false,WELLINGBOROUGH,1266,0,0,0,0
2019,false,WELLINGBOROUGH,1070,0,0,0,0
2020,false,WELLINGBOROUGH,822,1,0,0,0
2021,false,WELLINGBOROUGH,47,0,0,0,0
2015,false,WELWYN HATFIELD,1675,0,0,0,4
2016,false,WELWYN HATFIELD,1594,0,0,0,1
2017,false,WELWYN HATFIELD,1528,0,0,0,0
2018,false,WELWYN HATFIELD,1383,0,0,0,0
2019,false,WELWYN HATFIELD,1263,0,0,0,0
2020,false,WELWYN HATFIELD,1282,0,0,0,1
2021,false,WELWYN HATFIELD,1805,1,0,0,0
2022,false,WELWYN HATFIELD,1513,0,0,0,0
2023,false,WELWYN HATFIELD,1029,0,0,0,0
2024,false,WELWYN HATFIELD,1191,0,0,0,0
2025,false,WELWYN HATFIELD,1334,0,0,0,0
2015,false,WEST BERKSHIRE,2751,0,0,0,1
2016,false,WEST BERKSHIRE,2439,1,0,0,1
2017,false,WEST BERKSHIRE,2445,0,0,0,0
2018,false,WEST BERKSHIRE,2327,0,0,0,0
2019,false,WEST BERKSHIRE,2105,0,0,0,0
2020,false,WEST BERKSHIRE,1968,0,0,0,0
2021,false,WEST BERKSHIRE,3213,1,0,0,0
2022,false,WEST BERKSHIRE,2582,0,0,0,0
2023,false,WEST BERKSHIRE,1932,0,0,0,0
2024,false,WEST BERKSHIRE,2181,1,0,0,0
2025,false,WEST BERKSHIRE,2409,0,0,0,0
2015,false,WEST DEVON,989,0,0,0,0
2016,false,WEST DEVON,1025,0,0,0,0
2017,false,WEST DEVON,957,0,0,0,0
2018,false,WEST DEVON,947,0,0,0,0
2019,false,WEST DEVON,934,0,1,0,0
2020,false,WEST DEVON,901,0,0,0,0
2021,false,WEST DEVON,1254,0,0,0,0
2022,false,WEST DEVON,1103,0,0,0,0
2023,false,WEST DEVON,861,0,0,0,0
2024,false,WEST DEVON,893,0,0,0,0
2025,false,WEST DEVON,943,0,0,0,0
2015,false,WEST DORSET,2022,0,0,0,0
2016,false,WEST DORSET,2195,0,0,0,0
2017,false,WEST DORSET,2111,0,0,0,0
2018,false,WEST DORSET,1923,0,0,0,0
2019,false,WEST DORSET,267,0,0,0,0
2015,false,WEST LANCASHIRE,1387,1,0,0,0
2016,false,WEST LANCASHIRE,1534,0,0,0,0
2017,false,WEST LANCASHIRE,1535,0,0,0,0
2018,false,WEST LANCASHIRE,1557,0,0,0,0
2019,false,WEST LANCASHIRE,1646,0,0,0,0
2020,false,WEST LANCASHIRE,1507,0,0,0,0
2021,false,WEST LANCASHIRE,2203,0,0,0,0
2022,false,WEST LANCASHIRE,1777,0,0,0,0
2023,false,WEST LANCASHIRE,1428,0,0,0,0
2024,false,WEST LANCASHIRE,1628,0,0,0,0
2025,false,WEST LANCASHIRE,1648,0,0,0,0
2015,false,WEST LINDSEY,1686,1,0,0,0
2016,false,WEST LINDSEY,1704,1,0,0,0
2017,false,WEST LINDSEY,1701,1,0,0,0
2018,false,WEST LINDSEY,1739,0,0,0,0
2019,false,WEST LINDSEY,1781,0,0,0,0
2020,false,WEST LINDSEY,1520,0,0,0,0
2021,false,WEST LINDSEY,2474,1,0,0,0
2022,false,WEST LINDSEY,2051,0,0,0,0
2023,false,WEST LINDSEY,1364,0,0,0,0
2024,false,WEST LINDSEY,1505,0,0,0,0
2025,false,WEST LINDSEY,1717,2,0,0,0
2015,false,WEST NORTHAMPTONSHIRE,21,0,0,0,0
2016,false,WEST NORTHAMPTONSHIRE,15,0,0,0,0
2017,false,WEST NORTHAMPTONSHIRE,6,0,0,0,0
2018,false,WEST NORTHAMPTONSHIRE,16,0,0,0,0
2019,false,WEST NORTHAMPTONSHIRE,72,0,0,0,0
2020,false,WEST NORTHAMPTONSHIRE,921,0,0,0,0
2021,false,WEST NORTHAMPTONSHIRE,7888,1,0,0,1
2022,false,WEST NORTHAMPTONSHIRE,7295,1,0,0,2
2023,false,WEST NORTHAMPTONSHIRE,5482,0,0,0,0
2024,false,WEST NORTHAMPTONSHIRE,6073,2,0,0,0
2025,false,WEST NORTHAMPTONSHIRE,6505,3,0,0,0
2015,false,WEST OXFORDSHIRE,1859,0,0,0,1
2016,false,WEST OXFORDSHIRE,1816,0,0,0,0
2017,false,WEST OXFORDSHIRE,1781,0,0,0,0
2018,false,WEST OXFORDSHIRE,1815,0,0,0,1
2019,false,WEST OXFORDSHIRE,1731,0,0,0,0
2020,false,WEST OXFORDSHIRE,1865,0,0,0,0
2021,false,WEST OXFORDSHIRE,2790,0,1,0,0
2022,false,WEST OXFORDSHIRE,1901,0,0,0,0
2023,false,WEST OXFORDSHIRE,1601,0,0,0,0
2024,false,WEST OXFORDSHIRE,1595,0,0,0,0
2025,false,WEST OXFORDSHIRE,1730,0,0,0,0
2015,false,WEST SOMERSET,658,0,0,0,0
2016,false,WEST SOMERSET,728,0,0,0,0
2017,false,WEST SOMERSET,760,1,0,0,0
2018,false,WEST SOMERSET,628,1,0,0,0
2019,false,WEST SOMERSET,90,0,0,0,0
2015,false,WEST SUFFOLK,14,0,0,0,0
2016,false,WEST SUFFOLK,8,0,0,0,0
2017,false,WEST SUFFOLK,18,0,0,0,0
2018,false,WEST SUFFOLK,67,0,0,0,0
2019,false,WEST SUFFOLK,2276,1,0,0,0
2020,false,WEST SUFFOLK,2561,2,0,0,0
2021,false,WEST SUFFOLK,3484,1,0,0,0
2022,false,WEST SUFFOLK,3184,0,0,0,0
2023,false,WEST SUFFOLK,2256,1,0,0,0
2024,false,WEST SUFFOLK,2472,2,0,0,0
2025,false,WEST SUFFOLK,2800,2,0,0,1
2015,false,WESTMORLAND AND FURNESS,8,0,0,0,0
2016,false,WESTMORLAND AND FURNESS,5,0,0,0,0
2017,false,WESTMORLAND AND FURNESS,10,0,0,0,0
2018,false,WESTMORLAND AND FURNESS,7,0,0,0,0
2019,false,WESTMORLAND AND FURNESS,14,0,0,0,0
2020,false,WESTMORLAND AND FURNESS,44,0,0,0,0
2021,false,WESTMORLAND AND FURNESS,235,1,0,0,0
2022,false,WESTMORLAND AND FURNESS,854,1,0,0,0
2023,false,WESTMORLAND AND FURNESS,3218,1,0,0,1
2024,false,WESTMORLAND AND FURNESS,3547,2,0,0,0
2025,false,WESTMORLAND AND FURNESS,3727,2,0,0,0
2015,false,WEYMOUTH AND PORTLAND,1240,0,0,0,0
2016,false,WEYMOUTH AND PORTLAND,1339,0,0,0,0
2017,false,WEYMOUTH AND PORTLAND,1362,0,0,0,0
2018,false,WEYMOUTH AND PORTLAND,1292,0,0,0,0
2019,false,WEYMOUTH AND PORTLAND,185,0,0,0,0
2015,false,WIGAN,4343,0,0,0,0
2016,false,WIGAN,4689,1,0,0,0
2017,false,WIGAN,4959,0,0,0,0
2018,false,WIGAN,5379,1,0,0,0
2019,false,WIGAN,5185,0,0,0,0
2020,false,WIGAN,4771,0,0,0,0
2021,false,WIGAN,5966,0,1,0,0
2022,false,WIGAN,5431,0,0,0,0
2023,false,WIGAN,4186,0,0,0,0
2024,false,WIGAN,4465,0,0,0,1
2025,false,WIGAN,4671,0,0,0,0
2015,false,WILTSHIRE,8959,1,0,0,2
2016,false,WILTSHIRE,9068,1,0,0,1
2017,false,WILTSHIRE,8635,2,0,0,0
2018,false,WILTSHIRE,8134,2,0,0,0
2019,false,WILTSHIRE,7868,1,0,0,2
2020,false,WILTSHIRE,7068,1,0,0,0
2021,false,WILTSHIRE,10691,2,0,0,0
2022,false,WILTSHIRE,8698,0,0,0,0
2023,false,WILTSHIRE,6749,0,0,0,0
2024,false,WILTSHIRE,7454,2,0,0,0
2025,false,WILTSHIRE,7737,1,0,0,1
2015,false,WINCHESTER,2119,0,0,0,0
2016,false,WINCHESTER,1958,0,0,0,0
2017,false,WINCHESTER,1820,1,0,0,0
2018,false,WINCHESTER,1785,0,0,0,0
2019,false,WINCHESTER,1839,1,0,0,0
2020,false,WINCHESTER,1783,0,0,0,0
2021,false,WINCHESTER,2815,0,0,0,0
2022,false,WINCHESTER,2311,0,0,0,0
2023,false,WINCHESTER,1644,0,0,0,0
2024,false,WINCHESTER,1865,0,0,0,0
2025,false,WINCHESTER,1862,0,0,0,0
2015,false,WINDSOR AND MAIDENHEAD,2465,0,0,0,0
2016,false,WINDSOR AND MAIDENHEAD,2185,1,1,0,0
2017,false,WINDSOR AND MAIDENHEAD,2085,0,0,0,0
2018,false,WINDSOR AND MAIDENHEAD,1871,0,0,0,0
2019,false,WINDSOR AND MAIDENHEAD,1935,0,0,0,0
2020,false,WINDSOR AND MAIDENHEAD,1736,1,0,0,0
2021,false,WINDSOR AND MAIDENHEAD,2835,1,0,0,1
2022,false,WINDSOR AND MAIDENHEAD,2417,0,0,0,0
2023,false,WINDSOR AND MAIDENHEAD,1887,0,0,0,0
2024,false,WINDSOR AND MAIDENHEAD,2058,0,0,0,0
2025,false,WINDSOR AND MAIDENHEAD,2087,0,0,0,0
2015,false,WIRRAL,4694,3,0,0,2
2016,false,WIRRAL,4809,1,0,0,2
2017,false,WIRRAL,5131,1,0,0,0
2018,false,WIRRAL,4880,0,0,0,0
2019,false,WIRRAL,4634,0,0,0,5
2020,false,WIRRAL,4209,1,0,0,99
2021,false,WIRRAL,5878,0,0,0,0
2022,false,WIRRAL,5153,1,0,0,0
2023,false,WIRRAL,3795,0,0,0,0
2024,false,WIRRAL,4314,0,0,0,0
2025,false,WIRRAL,4704,0,0,0,0
2015,false,WOKING,1857,0,0,0,0
2016,false,WOKING,1756,1,0,0,2
2017,false,WOKING,1645,1,0,0,0
2018,false,WOKING,1566,0,0,0,1
2019,false,WOKING,1322,0,0,0,0
2020,false,WOKING,1230,0,0,0,0
2021,false,WOKING,2034,0,0,0,2
2022,false,WOKING,1729,0,0,0,1
2023,false,WOKING,1268,0,0,0,1
2024,false,WOKING,1396,0,0,0,1
2025,false,WOKING,1472,0,0,0,1
2015,false,WOKINGHAM,3044,2,0,0,2
2016,false,WOKINGHAM,2801,0,0,0,2
2017,false,WOKINGHAM,3084,2,0,0,2
2018,false,WOKINGHAM,3001,0,0,0,1
2019,false,WOKINGHAM,2872,0,0,0,0
2020,false,WOKINGHAM,2564,0,0,0,1
2021,false,WOKINGHAM,4001,1,0,0,1
2022,false,WOKINGHAM,3266,0,0,0,0
2023,false,WOKINGHAM,2384,0,0,0,0
2024,false,WOKINGHAM,2590,0,0,0,0
2025,false,WOKINGHAM,2605,1,0,0,0
2015,false,WOLVERHAMPTON,2740,1,0,0,0
2016,false,WOLVERHAMPTON,3067,0,0,0,0
2017,false,WOLVERHAMPTON,3030,0,0,0,0
2018,false,WOLVERHAMPTON,2921,0,0,0,0
2019,false,WOLVERHAMPTON,2732,1,0,0,0
2020,false,WOLVERHAMPTON,2413,0,0,0,2
2021,false,WOLVERHAMPTON,3196,0,0,0,0
2022,false,WOLVERHAMPTON,2621,0,0,0,0
2023,false,WOLVERHAMPTON,2148,0,0,0,0
2024,false,WOLVERHAMPTON,2231,1,0,0,0
2025,false,WOLVERHAMPTON,2295,0,0,0,0
2015,false,WORCESTER,1752,0,0,0,0
2016,false,WORCESTER,1931,1,0,0,0
2017,false,WORCESTER,1727,0,0,0,0
2018,false,WORCESTER,1751,0,0,0,0
2019,false,WORCESTER,1549,0,0,0,0
2020,false,WORCESTER,1360,1,0,0,0
2021,false,WORCESTER,2032,0,0,0,0
2022,false,WORCESTER,1678,0,0,0,0
2023,false,WORCESTER,1295,0,0,0,0
2024,false,WORCESTER,1456,0,0,0,0
2025,false,WORCESTER,1599,0,0,0,0
2015,false,WORTHING,2555,0,0,0,0
2016,false,WORTHING,2359,0,0,0,0
2017,false,WORTHING,2278,0,0,0,0
2018,false,WORTHING,2149,0,0,0,0
2019,false,WORTHING,2153,0,0,0,0
2020,false,WORTHING,1724,0,0,0,0
2021,false,WORTHING,2574,1,0,0,0
2022,false,WORTHING,2064,1,0,0,0
2023,false,WORTHING,1722,1,0,0,0
2024,false,WORTHING,1707,0,0,0,0
2025,false,WORTHING,1745,0,0,0,0
2015,false,WREKIN,2800,0,0,0,1
2016,false,WREKIN,2992,1,0,0,3
2017,false,WREKIN,2893,0,0,0,0
2018,false,WREKIN,2786,0,0,0,0
2019,false,WREKIN,2933,0,0,0,1
2020,false,WREKIN,2376,0,0,0,0
2021,false,WREKIN,3498,0,0,0,0
2022,false,WREKIN,2904,0,0,0,0
2023,false,WREKIN,2295,0,0,0,0
2024,false,WREKIN,2493,0,0,0,0
2025,false,WREKIN,2496,0,0,0,0
2015,false,WREXHAM,1602,0,0,0,0
2016,false,WREXHAM,1618,1,0,0,0
2017,false,WREXHAM,1726,2,0,0,0
2018,false,WREXHAM,1713,2,0,0,0
2019,false,WREXHAM,1671,1,0,0,0
2020,false,WREXHAM,1401,0,0,0,0
2021,false,WREXHAM,2134,4,0,0,0
2022,false,WREXHAM,1794,0,0,0,0
2023,false,WREXHAM,1385,0,0,0,0
2024,false,WREXHAM,1509,3,0,0,0
2025,false,WREXHAM,1604,1,0,0,0
2015,false,WYCHAVON,2353,0,0,0,1
2016,false,WYCHAVON,2371,0,0,0,0
2017,false,WYCHAVON,2397,1,0,0,1
2018,false,WYCHAVON,2370,0,0,0,0
2019,false,WYCHAVON,2172,0,0,0,0
2020,false,WYCHAVON,1966,0,0,0,0
2021,false,WYCHAVON,2642,0,0,0,0
2022,false,WYCHAVON,2052,0,0,0,0
2023,false,WYCHAVON,1678,1,0,0,0
2024,false,WYCHAVON,1782,1,0,0,0
2025,false,WYCHAVON,1936,0,0,0,0
2015,false,WYCOMBE,2811,0,0,0,0
2016,false,WYCOMBE,3010,1,0,0,2
2017,false,WYCOMBE,2744,1,0,0,4
2018,false,WYCOMBE,2401,0,0,0,0
2019,false,WYCOMBE,2245,0,0,0,0
2020,false,WYCOMBE,264,0,0,0,0
2015,false,WYRE,1834,0,0,0,0
2016,false,WYRE,1921,0,0,0,0
2017,false,WYRE,1992,0,1,0,0
2018,false,WYRE,1996,0,0,0,0
2019,false,WYRE,1964,0,0,0,0
2020,false,WYRE,1967,0,0,0,0
2021,false,WYRE,2992,0,0,0,0
2022,false,WYRE,2280,0,0,0,0
2023,false,WYRE,1754,0,0,0,0
2024,false,WYRE,1927,0,0,0,0
2025,false,WYRE,2146,0,0,0,0
2015,false,WYRE FOREST,1590,0,0,0,0
2016,false,WYRE FOREST,1554,0,0,0,0
2017,false,WYRE FOREST,1593,0,0,0,0
2018,false,WYRE FOREST,1557,0,0,0,0
2019,false,WYRE FOREST,1492,0,0,0,0
2020,false,WYRE FOREST,1276,0,0,0,0
2021,false,WYRE FOREST,1779,0,0,0,0
2022,false,WYRE FOREST,1557,0,0,0,0
2023,false,WYRE FOREST,1211,0,0,0,0
2024,false,WYRE FOREST,1422,0,0,0,0
2025,false,WYRE FOREST,1619,0,0,0,0
2015,false,YORK,3478,1,5,0,1
2016,false,YORK,3420,0,0,0,0
2017,false,YORK,3530,0,0,0,0
2018,false,YORK,3376,0,0,0,0
2019,false,YORK,3165,1,0,0,0
2020,false,YORK,2632,0,0,0,1
2021,false,YORK,3975,1,1,0,1
2022,false,YORK,3031,0,0,0,0
2023,false,YORK,2473,0,0,0,0
2024,false,YORK,2829,0,0,0,0
2025,false,YORK,2855,0,0,0,0
