urn,name,la_name,type,phase,gender,status,admissions_policy,religious_character,easting,northing,lineage,lineage_open_date,grade_2020,grade_2020_published,grade_2020_urn,comparator_urns,comparator_names,comparator_dist_m,comparator_grades,comparator_median,first_fail,all_fails,research_candidate
101245,Robert Clack School,Barking and Dagenham,Community school,All-through,Mixed,Open,Non-selective,Does not apply,549400.0,187065.0,101245,1677-09-21,2.0,2013-11-06,101245,101247;145944;101243,All Saints Catholic School and Technology College;St Edward's Church of England Academy;Eastbrook School,185;1113;1418,2;4;3,3.0,,,True
141683,The Sydney Russell School,Barking and Dagenham,Academy converter,All-through,Mixed,Open,Non-selective,Does not apply,547963.0,185474.0,141683 < 101246,1677-09-21,1.0,2013-06-10,101246,133561;140962;102858,Jo Richardson Community School;Goresbrook School;Mayfield School,1768;1797;1934,2;2;2,2.0,,,True
136308,Ashmole Academy,Barnet,Academy converter,Secondary,Mixed,Open,Non-selective,None,529324.0,194021.0,136308 < 101363,1677-09-21,1.0,2007-02-20,101363,139410;102056;142727,St Andrew the Apostle Greek Orthodox School;Laurel Park School;Southgate School,1492;1745;1959,2;2;2,2.0,,,True
137645,Hendon School,Barnet,Academy converter,Secondary,Mixed,Open,Non-selective,None,523568.0,188931.0,137645 < 101357,1677-09-21,1.0,2011-12-08,137645,103119;137539;137361,St Mary's and St John's CofE School;Hasmonean High School for Boys;Clarion,856;1223;1345,2;1;2,2.0,,,True
139594,The Archer Academy,Barnet,Free schools,Secondary,Mixed,Open,Non-selective,None,526880.0,189661.0,139594,2013-09-03,1.0,2019-06-18,139594,143082;137388;102156,Bishop Douglass School Finchley;Christ's College Finchley;Fortismere School,660;1211;1313,2;2;1,2.0,,,True
136418,The Compton School,Barnet,Academy converter,Secondary,Mixed,Open,Non-selective,Does not apply,527295.0,191678.0,136418 < 101352,1677-09-21,1.0,2018-02-26,136418,135507;101345;139410,Wren Academy Finchley;Friern Barnet School;St Andrew the Apostle Greek Orthodox School,491;916;1873,1;2;2,2.0,,,True
137965,Blackfen School for Girls,Bexley,Academy converter,Secondary,Girls,Open,Non-selective,Does not apply,546868.0,174297.0,137965 < 101465,1677-09-21,2.0,2011-12-15,101465,137368;135677;136720,Hurstmere School;Harris Academy Falconwood;Welling School,1146;1946;2158,3;2;3,3.0,,,True
135600,Ark Academy,Brent,Academy sponsor led,All-through,Mixed,Open,Non-selective,Does not apply,519303.0,186588.0,135600,2008-09-30,1.0,2011-02-12,135600,140862;139319;141019,Michaela Community School;Preston Manor School;Ark Elvin Academy,325;615;1649,1;2;2,2.0,,,True
136656,Claremont High School,Brent,Academy converter,Secondary,Mixed,Open,Non-selective,None,518305.0,188663.0,136656 < 101557,1677-09-21,1.0,2015-06-08,136656,142560;133724;137685,St Gregory's Catholic Science College;JFS;Kingsbury High School,759;963;1450,1;2;2,2.0,,,True
140862,Michaela Community School,Brent,Free schools,Secondary,Mixed,Open,Non-selective,None,519395.0,186276.0,140862,2014-09-01,1.0,2017-06-22,140862,135600;139319;141019,Ark Academy;Preston Manor School;Ark Elvin Academy,325;789;1424,1;2;2,2.0,,,True
138457,Wembley High Technology College,Brent,Academy converter,Secondary,Mixed,Open,Non-selective,None,517203.0,186265.0,138457 < 101550,1677-09-21,1.0,2008-10-15,101550,139319;141019;135600,Preston Manor School;Ark Elvin Academy;Ark Academy,1530;1807;2125,2;2;1,2.0,,,True
136709,Bullers Wood School,Bromley,Academy converter,Secondary,Girls,Open,Non-selective,None,542533.0,169755.0,136709 < 101666,1991-01-01,1.0,2011-06-24,136709,136464;136540;136467,Orion Coopers;The Ravensbourne School;Chislehurst School for Girls,1788;2519;3063,2;2;2,2.0,,,True
136467,Chislehurst School for Girls,Bromley,Academy converter,Secondary,Girls,Open,Non-selective,None,545368.0,170915.0,136467 < 101674,1677-09-21,2.0,2018-02-28,136467,136464;136281;138686,Orion Coopers;Kemnal Technology College;Cleeve Park School,1624;1641;2400,2;4;3,3.0,,,True
137121,Harris Academy Beckenham,Bromley,Academy sponsor led,Secondary,Mixed,Open,Non-selective,None,537430.0,168596.0,137121 < 101670,1677-09-21,1.0,2017-07-07,137121,136586;137006;142040,Langley Park School for Boys;Langley Park School for Girls;Orchard Park High School,1279;1389;2014,2;2;2,2.0,,,True
137379,Harris Girls Academy Bromley,Bromley,Academy converter,Secondary,Girls,Open,Non-selective,None,536308.0,170396.0,137379 < 101657,1677-09-21,1.0,2018-01-10,137379,100743;100745;137121,Sedgehill School;Forest Hill School;Harris Academy Beckenham,1455;1817;2121,3;3;1,3.0,,,True
136644,Hayes School,Bromley,Academy converter,Secondary,Mixed,Open,Non-selective,None,540620.0,165814.0,136644 < 101673,1677-09-21,1.0,2013-06-27,136644,136517;136466;136540,Ravens Wood School;Bishop Justus CofE School;The Ravensbourne School,1268;1882;2233,2;2;2,2.0,,,True
150055,Harris Academy Beulah Hill,Croydon,Academy converter,Secondary,Mixed,Open,,None,532610.0,170012.0,150055 < 135249 < 101812 < 139906 < 101805,1677-09-21,1.0,2010-06-03,135249,131280;100624;138221,Virgo Fidelis Convent Senior School;The Norwood School;St Joseph's College,877;1122;1181,2;2;2,2.0,,,True
135955,Harris Academy Purley,Croydon,Academy sponsor led,Secondary,Mixed,Open,Non-selective,Does not apply,531826.0,163259.0,135955 < 101809,1677-09-21,1.0,2012-01-11,135955,101821;101813;103009,Thomas More Catholic School;St Andrew's CofE School;The John Fisher School,1305;1825;1973,2;4;2,2.0,,,True
135249,Harris Academy South Norwood,Croydon,Academy sponsor led,Secondary,Mixed,Open,Non-selective,Does not apply,533991.0,168611.0,135249 < 101812 < 139906 < 101805,1677-09-21,1.0,2010-06-03,135249,135311;140209;135968,Harris City Academy Crystal Palace;Oasis Academy Arena;Oasis Academy Shirley Park,1225;1238;2152,1;3;2,2.0,,,True
135311,Harris City Academy Crystal Palace,Croydon,Academy sponsor led,Secondary,Mixed,Open,Non-selective,Does not apply,533846.0,169827.0,135311 < 101850,1991-01-23,1.0,2014-11-10,135311,135249;131280;100624,Harris Academy South Norwood;Virgo Fidelis Convent Senior School;The Norwood School,1225;1646;2040,1;2;2,2.0,,,True
140952,Harris Invictus Academy Croydon,Croydon,Free schools,Secondary,Mixed,Open,,None,532047.0,166294.0,140952,2014-09-01,1.0,2016-11-14,140952,101814;101813;101811,St Mary's Catholic High School;St Andrew's CofE School;Archbishop Tenison's CofE High School,416;1274;1958,2;4;2,2.0,,,True
138178,Riddlesdown Collegiate,Croydon,Academy converter,Secondary,Mixed,Open,Non-selective,None,533324.0,160251.0,138178 < 101818,1677-09-21,1.0,2016-06-13,138178,138928;101821;135955,Warlingham School;Thomas More Catholic School;Harris Academy Purley,1619;3034;3360,2;2;1,2.0,,,True
101941,The Ellen Wilkinson School for Girls,Ealing,Foundation school,Secondary,Girls,Open,Non-selective,None,518894.0,181164.0,101941,1677-09-21,1.0,2019-06-27,101941,137546;146318;142654,Twyford Church of England High School;Ark Acton Academy;Ealing Fields Church of England High School,1082;1364;2831,1;4;2,2.0,,,True
101928,Villiers High School,Ealing,Foundation school,Secondary,Mixed,Open,Non-selective,None,512936.0,180128.0,101928,1677-09-21,1.0,2019-06-19,101928,145348;137729;136329,Dormers Wells High School;Featherstone High School;Guru Nanak Sikh Academy,1138;1386;1679,2;1;2,2.0,,,True
139815,Ark John Keats Academy,Enfield,Free schools,All-through,Mixed,Open,Non-selective,None,535878.0,198180.0,139815,2013-09-01,1.0,2015-06-19,139815,134311;102058;102052,Oasis Academy Enfield;St Ignatius College;Bishop Stopford's School,1225;1529;1558,2;2;2,2.0,,,True
102048,Enfield County School for Girls,Enfield,Community school,Secondary,Girls,Open,Non-selective,Does not apply,532660.0,196786.0,102048,1677-09-21,1.0,2012-10-25,102048,137094;102049;136327,Enfield Grammar School;Chace Community School;Kingsmead School,140;874;1600,2;3;2,2.0,,,True
132256,Highlands School,Enfield,Community school,Secondary,Mixed,Open,Non-selective,Does not apply,530985.0,196131.0,132256,2000-09-01,1.0,2014-03-28,132256,137094;102048;142727,Enfield Grammar School;Enfield County School for Girls;Southgate School,1792;1799;2262,2;1;2,2.0,,,True
138449,Harris Academy Greenwich,Greenwich,Academy sponsor led,Secondary,Mixed,Open,Non-selective,None,541806.0,174461.0,138449 < 100188,1677-09-21,1.0,2014-12-06,138449,100182;141716;100190,Eltham Hill School;St Thomas More Catholic Comprehensive School;Thomas Tallis School,446;1576;1740,2;1;2,2.0,,,True
100190,Thomas Tallis School,Greenwich,Community school,Secondary,Mixed,Open,Non-selective,Does not apply,540856.0,175919.0,100190,1677-09-21,2.0,2019-02-03,100190,145315;142608;100749,"Leigh Academy Halley;International Academy of Greenwich;Trinity Church of England School, Lewisham",1139;1284;1685,3;3;2,3.0,,,True
134693,Mossbourne Community Academy,Hackney,Academy sponsor led,Secondary,Mixed,Open,Non-selective,Does not apply,534509.0,185417.0,134693,2004-09-01,1.0,2010-02-03,134693,131062;137442;100284,The Excelsior Academy;Clapton Girls' Academy;The Urswick School - A Church of England Secondary School,721;737;949,2;1;2,2.0,,,True
135835,"The City Academy, Hackney",Hackney,Academy sponsor led,Secondary,Mixed,Open,Non-selective,Does not apply,535413.0,185117.0,135835,2009-09-01,1.0,2012-02-10,135835,100285;100284;137442,Cardinal Pole Catholic School;The Urswick School - A Church of England Secondary School;Clapton Girls' Academy,200;607;713,2;2;1,2.0,,,True
139365,Fulham Cross Girls' School and Language College,Hammersmith and Fulham,Academy converter,Secondary,Girls,Open,Non-selective,Does not apply,524106.0,177335.0,139365 < 100360,1677-09-21,1.0,2010-03-05,100360,139364;141135;138607,Fulham Cross Academy;The Fulham Boys School;Lady Margaret School,405;1012;1286,2;2;1,2.0,,,True
137531,Alexandra Park School,Haringey,Academy converter,Secondary,Mixed,Open,Non-selective,Does not apply,529125.0,190891.0,137531 < 131758,1999-09-01,1.0,2011-12-07,137531,139616;102156;102056,Heartlands High School;Fortismere School;Laurel Park School,1300;1412;1676,2;1;2,2.0,,,True
102157,Gladesmore Community School,Haringey,Community school,Secondary,Mixed,Open,Non-selective,Does not apply,534098.0,188572.0,102157,1677-09-21,1.0,2014-01-30,102157,133599;100282;145609,Yesodey Hatorah Senior Girls School;All Saints Catholic High School;Lubavitch House School (Senior Girls),745;904;1004,4;2;2,2.0,,,True
137178,Bentley Wood High School,Harrow,Academy converter,Secondary,Girls,Open,Non-selective,Does not apply,515553.0,192260.0,137178 < 102241,1677-09-21,1.0,2012-06-01,137178,138458;146245;137204,Salvatorian Roman Catholic College;The Sacred Heart Language College;Hatch End High School,1985;1999;2065,2;1;2,2.0,,,True
137075,Park High School,Harrow,Academy converter,Secondary,Mixed,Open,Non-selective,Does not apply,517685.0,190370.0,137075 < 102236,1677-09-21,1.0,2013-06-10,137075,138227;137199;142560,Avanti House School;Canons High School;St Gregory's Catholic Science College,942;1024;1811,2;3;1,2.0,,,True
141071,Whitefriars School,Harrow,Academy converter,All-through,Mixed,Open,Not applicable,Does not apply,515030.0,190087.0,141071 < 102184,1677-09-21,1.0,2018-06-13,141071,138458;146245;137204,Salvatorian Roman Catholic College;The Sacred Heart Language College;Hatch End High School,254;356;1411,2;1;2,2.0,,,True
102239,Whitmore High School,Harrow,Community school,Secondary,Mixed,Open,Non-selective,Does not apply,514224.0,187316.0,102239,1677-09-21,1.0,2015-03-30,102239,137198;137177;137028,Rooks Heath School;Harrow High School;Nower Hill High School,1774;1920;2122,2;2;1,2.0,,,True
137197,Hall Mead School,Havering,Academy converter,Secondary,Mixed,Open,Non-selective,None,556865.0,187459.0,137197 < 102337,1677-09-21,1.0,2013-03-04,137197,136600;137414;137233,The Coopers' Company and Coborn School;Emerson Park Academy;Sacred Heart of Mary Girls' School,888;1419;1505,2;2;1,2.0,,,True
143428,Harris Academy Rainham,Havering,Academy sponsor led,Secondary,Mixed,Open,,None,553088.0,181919.0,143428 < 140300 < 102342,1677-09-21,2.0,2019-06-16,143428,136576;135960;146309,The Brittons Academy;Ormiston Park Academy;Sanders Draper,2596;3633;3887,4;2;3,3.0,,,True
136711,Queensmead School,Hillingdon,Academy converter,Secondary,Mixed,Open,Non-selective,None,511763.0,185530.0,136711 < 102443,1677-09-21,1.0,2008-03-19,102443,101943;137198;140748,Islip Manor High School;Rooks Heath School;Ruislip High School,1078;1311;1525,2;2;1,2.0,,,True
137077,Rosedale College,Hillingdon,Academy converter,Secondary,Mixed,Open,Non-selective,None,509083.0,181288.0,137077 < 102446,1677-09-21,2.0,2012-12-12,137077,137078;145121;136631,Hewens College;Park Academy West London;Swakeleys School for Girls,1177;2208;2219,3;4;1,3.0,,,True
136631,Swakeleys School for Girls,Hillingdon,Academy converter,Secondary,Girls,Open,Non-selective,None,507941.0,183191.0,136631 < 102450,1677-09-21,1.0,2013-11-28,136631,102449;137078;137633,Oak Wood School;Hewens College;Bishopshalt School,131;1065;1145,3;3;2,3.0,,,True
137635,Vyners School,Hillingdon,Academy converter,Secondary,Mixed,Open,Non-selective,None,506711.0,185521.0,137635 < 102442,1677-09-21,1.0,2019-06-05,137635,137925;136768;102449,The Douay Martyrs Catholic School;Uxbridge High School;Oak Wood School,1218;2506;2573,2;2;3,2.0,,,True
136522,Cranford Community College,Hounslow,Academy converter,Secondary,Mixed,Open,Non-selective,None,510734.0,177722.0,136522 < 102540,1677-09-21,1.0,2012-11-08,136522,137729;102451;136329,Featherstone High School;Harlington School;Guru Nanak Sikh Academy,1879;2334;2409,1;2;2,2.0,,,True
136341,Lampton Academy,Hounslow,Academy converter,Secondary,Mixed,Open,Non-selective,None,513439.0,176624.0,136341 < 102538,1677-09-21,1.0,2013-06-12,136341,138924;139276;137995,Heston Community School;Lift Kingsley;St Mark's Catholic School,753;946;1078,2;2;1,2.0,,,True
138266,Reach Academy Feltham,Hounslow,Free schools,All-through,Mixed,Open,Non-selective,None,510488.0,172771.0,138266,2012-09-01,1.0,2014-04-24,138266,137618;137009;102539,Springwest Academy;Rivers Academy West London;The Heathland School,737;1262;2952,2;2;1,2.0,,,True
102539,The Heathland School,Hounslow,Community school,Secondary,Mixed,Open,Non-selective,Does not apply,512912.0,174456.0,102539,1677-09-21,1.0,2013-06-29,102539,141963;137995;143420,Turing House School;St Mark's Catholic School;Twickenham School,1000;1183;1754,2;1;3,2.0,,,True
100457,Elizabeth Garrett Anderson School,Islington,Community school,Secondary,Girls,Open,Non-selective,Does not apply,531007.0,183248.0,100457,1677-09-21,1.0,2015-01-15,100457,135587;100055;100051,City of London Academy Islington;Maria Fidelis Catholic School FCJ;Regent High School,1103;1416;1456,1;2;2,2.0,,,True
100455,Highbury Fields School,Islington,Community school,Secondary,Girls,Open,Non-selective,Does not apply,531721.0,185476.0,100455,1677-09-21,1.0,2016-11-10,100455,144962;134314;100279,City of London Academy Highbury Grove;St Mary Magdalene Academy;Stoke Newington School and Sixth Form,415;836;1302,4;2;2,2.0,,,True
140212,Kensington Aldridge Academy,Kensington and Chelsea,Academy sponsor led,Secondary,Mixed,Open,Non-selective,None,523920.0,180986.0,140212,2014-09-01,1.0,2018-01-22,140212,100503;131752;141931,All Saints Catholic College;Ark Burlington Danes Academy;The Cardinal Vaughan Memorial RC School,665;1115;1179,2;3;1,2.0,,,True
137848,Coombe Girls' School,Kingston upon Thames,Academy converter,Secondary,Girls,Open,Non-selective,Does not apply,520889.0,169344.0,137848 < 102598,1677-09-21,1.0,2013-06-10,137848,138459;102674;137859,The Holy Cross School;Raynes Park High School;Coombe Boys' School,1375;1843;1999,1;2;2,2.0,,,True
137060,Tolworth Girls' School and Sixth Form,Kingston upon Thames,Academy converter,Secondary,Girls,Open,Non-selective,None,518716.0,165335.0,137060 < 102603,1677-09-21,1.0,2017-11-01,137060,137917;137595;102599,Southborough High School;Epsom and Ewell High School;Chessington School,446;1993;2219,2;2;2,2.0,,,True
137093,Dunraven School,Lambeth,Academy converter,All-through,Mixed,Open,Non-selective,None,530821.0,172106.0,137093 < 100639,1677-09-21,1.0,2014-11-10,137093,100638;137954;144309,Bishop Thomas Grant Catholic Secondary School;City Heights E-ACT Academy;The Elmgreen School,879;1120;1257,1;2;2,2.0,,,True
136450,Platanos College,Lambeth,Academy converter,Secondary,Mixed,Open,Non-selective,None,530664.0,176665.0,136450 < 100626,1677-09-21,1.0,2015-01-12,136450,145857;100627;100625,Archbishop Tenison's School;Saint Gabriel's College;Lilian Baylis Technology School,999;1246;1377,4;2;1,2.0,,,True
135070,Haberdashers' Knights Academy,Lewisham,Academy sponsor led,Secondary,Mixed,Open,Non-selective,Does not apply,540266.0,171826.0,135070 < 100744 < 100698,1677-09-21,2.0,2017-07-21,135070,100752;100742;100743,Bonus Pastor Catholic College;Conisborough College;Sedgehill School,1259;1992;2797,1;3;3,3.0,,,True
150319,Prendergast School,Lewisham,Academy converter,Secondary,Girls,Open,Non-selective,None,537237.0,175236.0,150319 < 100750,1900-01-01,1.0,2013-11-28,100750,135843;100747;135073,Prendergast Vale School;Prendergast Ladywell School;Haberdashers' Hatcham College,832;1091;1532,2;2;2,2.0,,,True
131897,Harris Academy Merton,Merton,Academy sponsor led,Secondary,Mixed,Open,Non-selective,Does not apply,529866.0,168628.0,131897 < 102678,1677-09-21,1.0,2012-10-18,131897,100590;141210;134003,Woodmansterne School;The Archbishop Lanfranc Academy;St Mark's Church of England Academy,1206;1211;1470,2;2;2,2.0,,,True
138495,Harris Academy Morden,Merton,Academy sponsor led,Secondary,Mixed,Open,Non-selective,None,526739.0,167418.0,138495 < 131786,1999-09-01,1.0,2018-09-10,138495,136799;136800;136914,Carshalton Boys Sports College;Greenshaw High School;Glenthorne High School,1593;1710;1899,2;2;1,2.0,,,True
102673,Ricards Lodge High School,Merton,Community school,Secondary,Girls,Open,Non-selective,Does not apply,524833.0,171489.0,102673,1677-09-21,1.0,2017-12-12,102673,102681;102683;138682,Wimbledon College;Ursuline High School Wimbledon;Southfields Academy,1516;1924;1935,2;1;2,2.0,,,True
102679,Rutlish School,Merton,Voluntary controlled school,Secondary,Boys,Open,Non-selective,None,524743.0,169223.0,102679,1677-09-21,1.0,2017-06-19,102679,102683;102681;102674,Ursuline High School Wimbledon;Wimbledon College;Raynes Park High School,1282;1542;2249,1;2;2,2.0,,,True
136669,Brampton Manor Academy,Newham,Academy converter,Secondary,Mixed,Open,Non-selective,Does not apply,541769.0,182383.0,136669 < 102781,1677-09-21,1.0,2018-03-15,136669,145113;132058;145410,Cumberland Community School;Kingsford Community School;Royal Docks Academy,552;1309;1392,3;2;3,3.0,,,True
143274,Forest Gate Community School,Newham,Academy converter,Secondary,Mixed,Open,Non-selective,Does not apply,540379.0,185369.0,143274 < 102775,1677-09-21,1.0,2016-03-18,102775,102786;136978;103080,St Angela's Ursuline School;Stratford School Academy;Buxton School,916;973;1014,1;2;2,2.0,,,True
139703,Harris Academy Chobham,Newham,Academy sponsor led,All-through,Mixed,Open,Non-selective,Does not apply,538285.0,185196.0,139703,2013-09-01,1.0,2015-07-10,139703,142644;138196;103080,Sarah Bonnell School;Oasis School 21;Buxton School,1191;1386;1735,2;1;2,2.0,,,True
132058,Kingsford Community School,Newham,Community school,Secondary,Mixed,Open,Non-selective,Does not apply,542700.0,181463.0,132058,2000-08-31,2.0,2013-03-22,132058,136669;145410;145113,Brampton Manor Academy;Royal Docks Academy;Cumberland Community School,1309;1448;1612,1;3;3,3.0,,,True
102776,Little Ilford School,Newham,Community school,Secondary,Mixed,Open,Non-selective,Does not apply,542764.0,185163.0,102776,1677-09-21,1.0,2012-10-25,102776,102782;140373;137418,Plashet School;Langdon Academy;The Ursuline Academy Ilford,1022;1860;1892,1;2;2,2.0,,,True
141082,Oasis Academy Silvertown,Newham,Free schools,Secondary,Mixed,Open,Non-selective,None,540700.0,180318.0,141082,2014-09-01,2.0,2017-06-30,141082,145410;102777;143927,Royal Docks Academy;Rokeby School;Royal Greenwich Trust School,966;1744;1852,3;2;3,3.0,,,True
138196,Oasis School 21,Newham,Free schools,All-through,Mixed,Open,Non-selective,None,539083.0,184063.0,138196,2012-09-01,1.0,2014-07-18,138196,142644;136978;139703,Sarah Bonnell School;Stratford School Academy;Harris Academy Chobham,647;1385;1386,2;2;1,2.0,,,True
148901,Rokeby School,Newham,Academy converter,Secondary,Boys,Open,Non-selective,Does not apply,539951.0,181893.0,148901 < 102777,1900-01-01,2.0,2013-12-06,102777,102784;145113;145410,Eastlea Community School;Cumberland Community School;Royal Docks Academy,668;1336;1585,3;3;3,3.0,,,True
140575,Beal High School,Redbridge,Academy converter,Secondary,Mixed,Open,Non-selective,Does not apply,542242.0,189440.0,140575 < 102855,1677-09-21,1.0,2012-04-23,102855,102849;102851;102857,Caterham High School;Wanstead High School;Valentines High School,1100;1558;1660,3;2;1,2.0,,,True
136267,Chadwell Heath Academy,Redbridge,Academy converter,Secondary,Mixed,Open,Non-selective,None,546883.0,188007.0,136267 < 102863,1677-09-21,1.0,2008-04-28,102863,102858;142896;141178,Mayfield School;Atam Academy;The Warren School,835;989;1705,2;1;2,2.0,,,True
140475,Loxford School,Redbridge,Academy converter,All-through,Mixed,Open,Non-selective,Does not apply,544939.0,185448.0,140475 < 102853,1677-09-21,1.0,2013-05-03,102853,101244;101241;138518,"Eastbury Community School;Barking Abbey School, A Specialist Sports and Humanities College;Ark Isaac Newton Academy",766;1142;1356,2;2;1,2.0,,,True
102856,Seven Kings School,Redbridge,Community school,All-through,Mixed,Open,Non-selective,Does not apply,544664.0,187577.0,102856,1677-09-21,1.0,2018-10-17,102856,137088;138518;133405,The Palmer Catholic Academy;Ark Isaac Newton Academy;Oaks Park High School,762;902;1175,2;1;2,2.0,,,True
138461,Waldegrave School,Richmond upon Thames,Academy converter,Secondary,Mixed,Open,Non-selective,Does not apply,514710.0,172450.0,138461 < 102928,1996-11-11,1.0,2018-10-24,138461,143420;139121;141963,Twickenham School;St Richard Reynolds Catholic High School;Turing House School,1009;1489;1701,3;1;2,2.0,,,True
131747,Harris Academy Bermondsey,Southwark,Academy sponsor led,Secondary,Girls,Open,Non-selective,Does not apply,534017.0,178910.0,131747 < 100842,1677-09-21,1.0,2015-04-21,131747,134222;139587;138961,City of London Academy (Southwark);The Charter School Bermondsey;St Michael's Catholic College,591;691;827,2;2;1,2.0,,,True
136309,Kingsdale Foundation School,Southwark,Academy converter,Secondary,Mixed,Open,Non-selective,None,533216.0,172108.0,136309 < 100844,1677-09-21,1.0,2017-07-12,136309,131280;100624;144309,Virgo Fidelis Convent Senior School;The Norwood School;The Elmgreen School,1371;1439;1482,2;2;2,2.0,,,True
136298,The Charter School North Dulwich,Southwark,Academy converter,Secondary,Mixed,Open,Non-selective,None,532849.0,174779.0,136298 < 131812 < 100845,1677-09-21,1.0,2009-11-24,131812,142178;135389;135816,The Charter School East Dulwich;Ark Evelyn Grace Academy;Harris Boys' Academy East Dulwich,685;1139;1670,2;2;1,2.0,,,True
136785,Cheam High School,Sutton,Academy converter,Secondary,Mixed,Open,Non-selective,None,524151.0,164535.0,136785 < 103010,1677-09-21,1.0,2015-03-09,136785,136914;136756;136800,Glenthorne High School;Overton Grange School;Greenshaw High School,2014;2183;2673,1;2;2,2.0,,,True
136914,Glenthorne High School,Sutton,Academy converter,Secondary,Mixed,Open,Non-selective,None,525279.0,166203.0,136914 < 103002,1677-09-21,1.0,2012-08-03,136914,136800;136799;138495,Greenshaw High School;Carshalton Boys Sports College;Harris Academy Morden,1358;1871;1899,2;2;1,2.0,,,True
100967,Morpeth School,Tower Hamlets,Community school,Secondary,Mixed,Open,Non-selective,Does not apply,535529.0,182654.0,100967,1677-09-21,1.0,2013-06-06,100967,100979;144700;100972,Raine's Foundation School;Mulberry Stepney Green Mathematics and Computing College;Oaklands School,819;975;1017,3;2;2,2.0,,,True
137789,Mulberry Academy Shoreditch,Tower Hamlets,Academy converter,Secondary,Mixed,Open,Non-selective,Does not apply,534008.0,182708.0,137789 < 100971,1677-09-21,1.0,2013-01-14,137789,100972;100277;100979,Oaklands School;Haggerston School;Raine's Foundation School,585;586;839,2;2;3,2.0,,,True
143629,Mulberry School for Girls,Tower Hamlets,Academy converter,Secondary,Girls,Open,Non-selective,Does not apply,534736.0,181259.0,143629 < 100968,1677-09-21,1.0,2013-09-06,100968,138202;141133;100978,Wapping High School;London Enterprise Academy;Bishop Challoner Catholic School,126;355;597,2;4;1,2.0,,,True
143379,St Paul's Way Trust School,Tower Hamlets,Academy converter,All-through,Mixed,Open,Non-selective,None,537149.0,181815.0,143379 < 100970,1677-09-21,1.0,2013-04-22,100970,100966;100975;100965,Langdon Park Community School;Central Foundation Girls' School;Bow School,939;1013;1182,2;2;2,2.0,,,True
100973,Swanlea School,Tower Hamlets,Community school,Secondary,Mixed,Open,Non-selective,Does not apply,534690.0,181987.0,100973,1677-09-21,1.0,2013-09-03,100973,138202;141133;143629,Wapping High School;London Enterprise Academy;Mulberry School for Girls,646;704;729,2;4;1,2.0,,,True
103103,Walthamstow School for Girls,Waltham Forest,Community school,Secondary,Girls,Open,Non-selective,Does not apply,537693.0,189250.0,103103,1677-09-21,1.0,2018-07-20,103103,103106;103094;103105,Holy Family Catholic School;Frederick Bremer School;Kelmscott School,666;1257;1472,2;2;2,2.0,,,True
135316,Ashcroft Technology Academy,Wandsworth,Academy sponsor led,Secondary,Mixed,Open,Non-selective,Does not apply,524639.0,174575.0,135316 < 101092,1992-01-21,1.0,2015-03-02,135316,141808;138681;138682,Saint Cecilia's Church of England School;Ark Putney Academy;Southfields Academy,1065;1270;1444,2;2;2,2.0,,,True
137005,Graveney School,Wandsworth,Academy converter,Secondary,Mixed,Open,Non-selective,None,528592.0,170936.0,137005 < 101058,1677-09-21,1.0,2015-04-21,137005,100590;134003;101053,Woodmansterne School;St Mark's Church of England Academy;Ernest Bevin College,1602;1849;1987,2;2;3,2.0,,,True
140985,Harris Academy Battersea,Wandsworth,Academy sponsor led,Secondary,Mixed,Open,,Does not apply,527924.0,176527.0,140985 < 101055,1677-09-21,1.0,2018-03-12,140985,135762;135531;138267,Saint John Bosco College;Chelsea Academy;Ark Bolingbroke Academy,894;1715;2001,2;1;2,2.0,,,True
101247,All Saints Catholic School and Technology College,Barking and Dagenham,Voluntary aided school,Secondary,Mixed,Open,Non-selective,Roman Catholic,549215.0,187064.0,101247,1677-09-21,2.0,2013-12-03,101247,101245;145944;101243,Robert Clack School;St Edward's Church of England Academy;Eastbrook School,185;1128;1518,2;4;3,3.0,C1: type Voluntary aided school,"C1: type Voluntary aided school | C2 (GIAS): Non-selective, religious character Roman Catholic",False
101241,"Barking Abbey School, A Specialist Sports and Humanities College",Barking and Dagenham,Community school,Secondary,Mixed,Open,Non-selective,Does not apply,545828.0,184731.0,101241,1677-09-21,2.0,2012-10-18,101241,101244;140475;142908,Eastbury Community School;Loxford School;Greatfields School,781;1142;1602,2;1;2,2.0,C3: grade 2 not better than comparator median 2.0,C3: grade 2 not better than comparator median 2.0,False
136940,Barking Riverside School,Barking and Dagenham,Foundation school,Secondary,Mixed,Closed,Non-selective,None,546387.0,182288.0,136940,2012-09-01,,,,139791;133561;141163,Riverside School;Jo Richardson Community School;Woolwich Polytechnic School,676;1887;1892,2;2;2,2.0,C1: closed 2013-09-01,C1: closed 2013-09-01 | C3: no grade in force on 2020-01-01,False
126722,Bishop Ward School,Barking and Dagenham,Voluntary aided school,Secondary,Boys,Closed,Non-selective,None,549215.0,187064.0,126722,1677-09-21,,,,101247;101245;145944,All Saints Catholic School and Technology College;Robert Clack School;St Edward's Church of England Academy,0;185;1128,2;2;4,2.0,C1: type Voluntary aided school; closed 1989-08-31,C1: type Voluntary aided school; closed 1989-08-31 | C3: no grade in force on 2020-01-01,False
148932,Brook Sixth Form and Academy,Barking and Dagenham,University technical college,Secondary,Mixed,Open,,Does not apply,550480.0,185437.0,148932 < 140945,2014-09-01,3.0,2019-07-17,140945,101243;136028;136576,Eastbrook School;Dagenham Park CofE School;The Brittons Academy,545;1732;1849,3;2;4,3.0,C1: type University technical college,C1: type University technical college | C3: grade 3 not better than comparator median 3.0,False
136028,Dagenham Park CofE School,Barking and Dagenham,Voluntary controlled school,Secondary,Mixed,Open,Non-selective,Church of England,549623.0,183932.0,136028 < 101242,1677-09-21,2.0,2016-06-06,136028,140962;101243;133561,Goresbrook School;Eastbrook School;Jo Richardson Community School,1766;1969;2047,2;3;2,2.0,"C2 (GIAS): Non-selective, religious character Church of England","C2 (GIAS): Non-selective, religious character Church of England | C3: grade 2 not better than comparator median 2.0",False
101242,Dagenham Park Community School,Barking and Dagenham,Community school,Secondary,Mixed,Closed,Non-selective,Does not apply,549623.0,183932.0,101242,1677-09-21,,,,136028;140962;101243,Dagenham Park CofE School;Goresbrook School;Eastbrook School,0;1766;1969,2;2;3,2.0,C1: closed 2009-12-31,C1: closed 2009-12-31 | C3: no grade in force on 2020-01-01,False
101243,Eastbrook School,Barking and Dagenham,Community school,All-through,Mixed,Open,Non-selective,Does not apply,550112.0,185839.0,101243,1677-09-21,3.0,2018-03-22,101243,101245;101247;136028,Robert Clack School;All Saints Catholic School and Technology College;Dagenham Park CofE School,1418;1518;1969,2;2;2,2.0,C3: grade 3 not better than comparator median 2.0,C3: grade 3 not better than comparator median 2.0,False
101244,Eastbury Community School,Barking and Dagenham,Community school,All-through,Mixed,Open,Non-selective,Does not apply,545048.0,184690.0,101244,1677-09-21,2.0,2018-09-12,101244,140475;101241;142908,"Loxford School;Barking Abbey School, A Specialist Sports and Humanities College;Greatfields School",766;781;1150,1;2;2,2.0,C3: grade 2 not better than comparator median 2.0,C3: grade 2 not better than comparator median 2.0,False
140945,Elutec,Barking and Dagenham,University technical college,Secondary,Mixed,Closed,,None,550610.0,185363.0,140945,2014-09-01,3.0,2019-07-17,140945,101243;136576;136028,Eastbrook School;The Brittons Academy;Dagenham Park CofE School,689;1703;1738,3;4;2,3.0,C1: type University technical college; closed 2021-11-30,C1: type University technical college; closed 2021-11-30 | C3: grade 3 not better than comparator median 3.0,False
126719,Erkenwald School,Barking and Dagenham,Community school,Secondary,Mixed,Closed,Non-selective,Does not apply,547000.0,185400.0,126719,1677-09-21,,,,141683;101241;133561,"The Sydney Russell School;Barking Abbey School, A Specialist Sports and Humanities College;Jo Richardson Community School",966;1349;1753,1;2;2,2.0,C1: closed 1990-08-31,C1: closed 1990-08-31 | C3: no grade in force on 2020-01-01,False
140962,Goresbrook School,Barking and Dagenham,Free schools,All-through,Mixed,Open,,Multi-faith,547875.0,183679.0,140962,2014-09-01,2.0,2019-07-09,140962,133561;139791;136028,Jo Richardson Community School;Riverside School;Dagenham Park CofE School,299;1497;1766,2;2;2,2.0,"C2 (GIAS): , religious character Multi-faith","C2 (GIAS): , religious character Multi-faith | C3: grade 2 not better than comparator median 2.0",False
142908,Greatfields School,Barking and Dagenham,Free schools,Secondary,Mixed,Open,Non-selective,None,544700.0,183594.0,142908,2016-09-07,2.0,2019-07-03,142908,140373;101244;101241,"Langdon Academy;Eastbury Community School;Barking Abbey School, A Specialist Sports and Humanities College",1092;1150;1602,2;2;2,2.0,C1: opened 2016-09-07,C1: opened 2016-09-07 | C3: grade 2 not better than comparator median 2.0,False
133561,Jo Richardson Community School,Barking and Dagenham,Community school,Secondary,Mixed,Open,Non-selective,Does not apply,547584.0,183747.0,133561,2002-09-01,2.0,2013-06-14,133561,140962;139791;141683,Goresbrook School;Riverside School;The Sydney Russell School,299;1420;1768,2;2;1,2.0,C3: grade 2 not better than comparator median 2.0,C3: grade 2 not better than comparator median 2.0,False
126720,Mayesbrook School,Barking and Dagenham,Community school,Secondary,Mixed,Closed,Non-selective,Does not apply,547100.0,184800.0,126720,1677-09-21,,,,141683;133561;101241,"The Sydney Russell School;Jo Richardson Community School;Barking Abbey School, A Specialist Sports and Humanities College",1095;1159;1274,1;2;2,2.0,C1: closed 1990-08-31,C1: closed 1990-08-31 | C3: no grade in force on 2020-01-01,False
126721,Parsloes Manor School,Barking and Dagenham,Community school,Secondary,Mixed,Closed,Non-selective,Does not apply,547963.0,185474.0,126721,1677-09-21,,,,141683;133561;140962,The Sydney Russell School;Jo Richardson Community School;Goresbrook School,0;1768;1797,1;2;2,2.0,C1: closed 1990-08-31,C1: closed 1990-08-31 | C3: no grade in force on 2020-01-01,False
139791,Riverside School,Barking and Dagenham,Free schools,Secondary,Mixed,Open,Non-selective,None,547047.0,182432.0,139791 < 136940,2012-09-01,2.0,2015-09-15,139791,133561;140962;141163,Jo Richardson Community School;Goresbrook School;Woolwich Polytechnic School,1420;1497;2126,2;2;2,2.0,C3: grade 2 not better than comparator median 2.0,C3: grade 2 not better than comparator median 2.0,False
126723,Sacred Heart School,Barking and Dagenham,Voluntary aided school,Secondary,Girls,Closed,Non-selective,None,548414.0,183777.0,126723,1677-09-21,,,,140962;133561;136028,Goresbrook School;Jo Richardson Community School;Dagenham Park CofE School,548;831;1219,2;2;2,2.0,C1: type Voluntary aided school; closed 1989-08-31,C1: type Voluntary aided school; closed 1989-08-31 | C3: no grade in force on 2020-01-01,False
101246,The Sydney Russell School,Barking and Dagenham,Community school,Secondary,Mixed,Closed,Non-selective,Does not apply,547963.0,185474.0,101246,1677-09-21,1.0,2013-06-10,101246,141683;133561;140962,The Sydney Russell School;Jo Richardson Community School;Goresbrook School,0;1768;1797,1;2;2,2.0,C1: closed 2015-01-31,C1: closed 2015-01-31,False
101240,The Warren Comprehensive School,Barking and Dagenham,Community school,Secondary,Mixed,Closed,Non-selective,Does not apply,548476.0,188616.0,101240,1677-09-21,4.0,2013-03-27,101240,141178;145944;136267,The Warren School;St Edward's Church of England Academy;Chadwell Heath Academy,0;1015;1705,2;4;1,2.0,C1: closed 2014-08-31,C1: closed 2014-08-31 | C3: grade 4 not better than comparator median 2.0,False
141178,The Warren School,Barking and Dagenham,Academy sponsor led,Secondary,Mixed,Open,Non-selective,Does not apply,548476.0,188616.0,141178 < 101240,1677-09-21,2.0,2017-12-28,141178,145944;136267;101247,St Edward's Church of England Academy;Chadwell Heath Academy;All Saints Catholic School and Technology College,1015;1705;1719,4;1;2,2.0,C3: grade 2 not better than comparator median 2.0,C3: grade 2 not better than comparator median 2.0,False
147061,Ark Pioneer Academy,Barnet,Free schools,Secondary,Mixed,Open,Non-selective,,525207.0,195708.0,147061,2019-09-02,,,,137131;144502;135747,Queen Elizabeth's Girls' School;The Totteridge Academy;JCoSS,706;1011;1829,2;2;2,2.0,C1: opened 2019-09-02,C1: opened 2019-09-02 | C3: no grade in force on 2020-01-01,False
101363,Ashmole School,Barnet,Foundation school,Secondary,Mixed,Closed,Non-selective,None,529324.0,194021.0,101363,1677-09-21,1.0,2007-02-20,101363,136308;139410;102056,Ashmole Academy;St Andrew the Apostle Greek Orthodox School;Laurel Park School,0;1492;1745,1;2;2,2.0,C1: closed 2010-09-30,C1: closed 2010-09-30,False
101365,Bishop Douglass School Finchley,Barnet,Voluntary aided school,Secondary,Mixed,Closed,Non-selective,Roman Catholic,526275.0,189926.0,101365,1677-09-21,2.0,2013-10-04,101365,143082;139594;137388,Bishop Douglass School Finchley;The Archer Academy;Christ's College Finchley,0;660;700,2;1;2,2.0,C1: type Voluntary aided school; closed 2016-08-31,"C1: type Voluntary aided school; closed 2016-08-31 | C2 (GIAS): Non-selective, religious character Roman Catholic | C3: grade 2 not better than comparator median 2.0",False
143082,Bishop Douglass School Finchley,Barnet,Academy converter,Secondary,Mixed,Open,Non-selective,Roman Catholic,526275.0,189926.0,143082 < 101365,1677-09-21,2.0,2013-10-04,101365,139594;137388;102156,The Archer Academy;Christ's College Finchley;Fortismere School,660;700;1907,1;2;1,1.0,"C2 (GIAS): Non-selective, religious character Roman Catholic","C2 (GIAS): Non-selective, religious character Roman Catholic | C3: grade 2 not better than comparator median 1.0",False
101353,Christ Church CofE Secondary School,Barnet,Voluntary aided school,Secondary,Mixed,Closed,Non-selective,Church of England,526995.0,192130.0,101353,1677-09-21,,,,135507;136418;101345,Wren Academy Finchley;The Compton School;Friern Barnet School,131;542;901,1;1;2,1.0,C1: type Voluntary aided school; closed 2005-08-31,"C1: type Voluntary aided school; closed 2005-08-31 | C2 (GIAS): Non-selective, religious character Church of England | C3: no grade in force on 2020-01-01",False
101350,Christ's College Finchley,Barnet,Community school,Secondary,Boys,Closed,Non-selective,Does not apply,525672.0,189571.0,101350,1677-09-21,,,,137388;143082;139594,Christ's College Finchley;Bishop Douglass School Finchley;The Archer Academy,0;700;1211,2;2;1,2.0,C1: closed 2011-08-31,C1: closed 2011-08-31 | C3: no grade in force on 2020-01-01,False
137388,Christ's College Finchley,Barnet,Academy converter,Secondary,Mixed,Open,Non-selective,Does not apply,525672.0,189571.0,137388 < 101350,1677-09-21,2.0,2016-06-21,137388,143082;139594;137539,Bishop Douglass School Finchley;The Archer Academy;Hasmonean High School for Boys,700;1211;1979,2;1;1,1.0,C3: grade 2 not better than comparator median 1.0,C3: grade 2 not better than comparator median 1.0,False
137361,Clarion,Barnet,Academy converter,Secondary,Mixed,Open,Non-selective,None,523520.0,187587.0,137361 < 101347,1677-09-21,2.0,2018-01-15,137361,137645;142627;135973,Hendon School;Menorah High School for Girls;E-ACT Crest Academy,1345;1896;1919,1;2;2,2.0,C3: grade 2 not better than comparator median 2.0,C3: grade 2 not better than comparator median 2.0,False
101349,Copthall School,Barnet,Community school,Secondary,Girls,Closed,Non-selective,Does not apply,522483.0,191460.0,101349,1677-09-21,2.0,2010-11-08,101349,138685;147238;101364,Copthall School;Hasmonean High School for Girls;St James' Catholic High School,0;557;1048,2;1;2,2.0,C1: closed 2012-08-31,C1: closed 2012-08-31 | C3: grade 2 not better than comparator median 2.0,False
138685,Copthall School,Barnet,Academy converter,Secondary,Girls,Open,Non-selective,Does not apply,522483.0,191460.0,138685 < 101349,1677-09-21,2.0,2018-05-31,138685,147238;101364;137539,Hasmonean High School for Girls;St James' Catholic High School;Hasmonean High School for Boys,557;1048;1850,1;2;1,1.0,C3: grade 2 not better than comparator median 1.0,C3: grade 2 not better than comparator median 1.0,False
101351,East Barnet School,Barnet,Community school,Secondary,Mixed,Closed,Non-selective,Does not apply,527778.0,195482.0,101351,1677-09-21,1.0,2007-03-05,101351,136658;142727;135747,East Barnet School;Southgate School;JCoSS,0;1041;1659,2;2;2,2.0,C1: closed 2011-03-31,C1: closed 2011-03-31,False
136658,East Barnet School,Barnet,Academy converter,Secondary,Mixed,Open,Non-selective,Does not apply,527778.0,195482.0,136658 < 101351,1677-09-21,2.0,2012-05-19,136658,142727;135747;139410,Southgate School;JCoSS;St Andrew the Apostle Greek Orthodox School,1041;1659;2057,2;2;2,2.0,C3: grade 2 not better than comparator median 2.0,C3: grade 2 not better than comparator median 2.0,False
101362,Finchley Catholic High School,Barnet,Voluntary aided school,Secondary,Boys,Open,Non-selective,Roman Catholic,526022.0,193124.0,101362,1677-09-21,2.0,2013-11-28,101362,135507;136418;139410,Wren Academy Finchley;The Compton School;St Andrew the Apostle Greek Orthodox School,1439;1927;1955,1;1;2,1.0,C1: type Voluntary aided school,"C1: type Voluntary aided school | C2 (GIAS): Non-selective, religious character Roman Catholic | C3: grade 2 not better than comparator median 1.0",False
126728,Finchley Manorhill School,Barnet,Community school,Secondary,Mixed,Closed,,Does not apply,527438.0,191567.0,126728,1677-09-21,,,,136418;135507;101345,The Compton School;Wren Academy Finchley;Friern Barnet School,181;672;935,1;1;2,1.0,C1: closed 1991-08-31,C1: closed 1991-08-31 | C3: no grade in force on 2020-01-01,False
101345,Friern Barnet School,Barnet,Community school,Secondary,Mixed,Open,Non-selective,Does not apply,527853.0,192405.0,101345,1677-09-21,2.0,2018-11-22,101345,136418;135507;139410,The Compton School;Wren Academy Finchley;St Andrew the Apostle Greek Orthodox School,916;997;1032,1;1;2,1.0,C3: grade 2 not better than comparator median 1.0,C3: grade 2 not better than comparator median 1.0,False
101366,Hasmonean High School,Barnet,Voluntary aided school,Secondary,Mixed,Closed,Non-selective,Jewish,523775.0,190136.0,101366,1677-09-21,2.0,2008-01-29,101366,137539;103119;137645,Hasmonean High School for Boys;St Mary's and St John's CofE School;Hendon School,0;990;1223,1;2;1,1.0,C1: type Voluntary aided school; closed 2011-09-30,"C1: type Voluntary aided school; closed 2011-09-30 | C2 (GIAS): Non-selective, religious character Jewish | C3: grade 2 not better than comparator median 1.0",False
137539,Hasmonean High School for Boys,Barnet,Academy converter,Secondary,Boys,Open,Non-selective,Jewish,523775.0,190136.0,137539 < 101366,1677-09-21,1.0,2012-12-12,137539,103119;137645;147238,St Mary's and St John's CofE School;Hendon School;Hasmonean High School for Girls,990;1223;1545,2;1;1,1.0,"C2 (GIAS): Non-selective, religious character Jewish","C2 (GIAS): Non-selective, religious character Jewish | C3: grade 1 not better than comparator median 1.0",False
147238,Hasmonean High School for Girls,Barnet,Academy converter,Secondary,Girls,Open,,Jewish,522435.0,190905.0,147238 < 137539 < 101366,1677-09-21,1.0,2012-12-12,137539,138685;101364;103119,Copthall School;St James' Catholic High School;St Mary's and St John's CofE School,557;607;1459,2;2;2,2.0,"C2 (GIAS): , religious character Jewish","C2 (GIAS): , religious character Jewish",False
101357,Hendon School,Barnet,Foundation school,Secondary,Mixed,Closed,Non-selective,None,523568.0,188931.0,101357,1677-09-21,2.0,2007-06-18,101357,137645;103119;137539,Hendon School;St Mary's and St John's CofE School;Hasmonean High School for Boys,0;856;1223,1;2;1,1.0,C1: closed 2011-10-31,C1: closed 2011-10-31 | C3: grade 2 not better than comparator median 1.0,False
135747,JCoSS,Barnet,Voluntary aided school,Secondary,Mixed,Open,Non-selective,Jewish,526710.0,196751.0,135747,2010-09-01,2.0,2016-01-08,135747,136658;137131;142727,East Barnet School;Queen Elizabeth's Girls' School;Southgate School,1659;1916;2201,2;2;2,2.0,C1: type Voluntary aided school,"C1: type Voluntary aided school | C2 (GIAS): Non-selective, religious character Jewish | C3: grade 2 not better than comparator median 2.0",False
134798,London Academy,Barnet,Academy sponsor led,All-through,Mixed,Open,Non-selective,Does not apply,518603.0,192995.0,134798 < 101344,1677-09-21,2.0,2018-06-06,134798,138227;137199;137075,Avanti House School;Canons High School;Park High School,1989;2645;2781,2;3;1,2.0,C3: grade 2 not better than comparator median 2.0,C3: grade 2 not better than comparator median 2.0,False
142627,Menorah High School for Girls,Barnet,Voluntary aided school,Secondary,Girls,Open,Not applicable,Jewish,522120.0,186308.0,142627 < 133448,2001-10-17,2.0,2019-03-31,142627,135973;137361;100052,E-ACT Crest Academy;Clarion;Hampstead School,173;1896;2380,2;2;2,2.0,C1: type Voluntary aided school,"C1: type Voluntary aided school | C2 (GIAS): Not applicable, religious character Jewish | C3: grade 2 not better than comparator median 2.0",False
101359,Mill Hill County High School,Barnet,Foundation school,Secondary,Mixed,Closed,Non-selective,None,521380.0,193756.0,101359,1677-09-21,2.0,2007-05-23,101359,137386;138685;134798,Mill Hill County High School;Copthall School;London Academy,0;2547;2879,2;2;2,2.0,C1: closed 2011-08-31,C1: closed 2011-08-31 | C3: grade 2 not better than comparator median 2.0,False
137386,Mill Hill County High School,Barnet,Academy converter,Secondary,Mixed,Open,Non-selective,None,521380.0,193756.0,137386 < 101359,1677-09-21,2.0,2012-04-16,137386,138685;134798;147238,Copthall School;London Academy;Hasmonean High School for Girls,2547;2879;3040,2;2;1,2.0,C3: grade 2 not better than comparator median 2.0,C3: grade 2 not better than comparator median 2.0,False
101348,Queen Elizabeth's Girls' School,Barnet,Community school,Secondary,Girls,Closed,Non-selective,Does not apply,524845.0,196314.0,101348,1677-09-21,,,,137131;144502;135747,Queen Elizabeth's Girls' School;The Totteridge Academy;JCoSS,0;1454;1916,2;2;2,2.0,C1: closed 2011-07-31,C1: closed 2011-07-31 | C3: no grade in force on 2020-01-01,False
137131,Queen Elizabeth's Girls' School,Barnet,Academy converter,Secondary,Girls,Open,Non-selective,Does not apply,524845.0,196314.0,137131 < 101348,1677-09-21,2.0,2016-05-18,137131,144502;135747;136658,The Totteridge Academy;JCoSS;East Barnet School,1454;1916;3049,2;2;2,2.0,C3: grade 2 not better than comparator median 2.0,C3: grade 2 not better than comparator median 2.0,False
101358,"Queen Elizabeth's School, Barnet",Barnet,Foundation school,Secondary,Boys,Closed,Selective,None,523744.0,196731.0,101358,1677-09-21,1.0,2008-01-30,101358,137131;144502;135747,Queen Elizabeth's Girls' School;The Totteridge Academy;JCoSS,1177;2057;2966,2;2;2,2.0,C1: closed 2010-08-31,"C1: closed 2010-08-31 | C2 (GIAS): Selective, religious character None",False
136290,"Queen Elizabeth's School, Barnet",Barnet,Academy converter,Secondary,Boys,Open,Selective,None,523744.0,196731.0,136290 < 101358,1677-09-21,1.0,2008-01-30,101358,137131;144502;135747,Queen Elizabeth's Girls' School;The Totteridge Academy;JCoSS,1177;2057;2966,2;2;2,2.0,"C2 (GIAS): Selective, religious character None","C2 (GIAS): Selective, religious character None",False
139410,St Andrew the Apostle Greek Orthodox School,Barnet,Free schools,Secondary,Mixed,Open,Non-selective,Greek Orthodox,527953.0,193432.0,139410,2013-09-02,2.0,2019-01-15,139410,101345;136308;135507,Friern Barnet School;Ashmole Academy;Wren Academy Finchley,1032;1492;1746,2;1;1,1.0,"C2 (GIAS): Non-selective, religious character Greek Orthodox","C2 (GIAS): Non-selective, religious character Greek Orthodox | C3: grade 2 not better than comparator median 1.0",False
101364,St James' Catholic High School,Barnet,Voluntary aided school,Secondary,Mixed,Open,Non-selective,Roman Catholic,521928.0,190571.0,101364,1677-09-21,2.0,2017-04-26,101364,147238;138685;103119,Hasmonean High School for Girls;Copthall School;St Mary's and St John's CofE School,607;1048;1464,1;2;2,2.0,C1: type Voluntary aided school,"C1: type Voluntary aided school | C2 (GIAS): Non-selective, religious character Roman Catholic | C3: grade 2 not better than comparator median 2.0",False
101360,St Mary's CofE High School,Barnet,Voluntary aided school,Secondary,Mixed,Closed,Non-selective,Church of England,523162.0,189668.0,101360,1677-09-21,,,,103119;137539;137645,St Mary's and St John's CofE School;Hasmonean High School for Boys;Hendon School,219;771;841,2;1;1,1.0,C1: type Voluntary aided school; closed 2016-08-31,"C1: type Voluntary aided school; closed 2016-08-31 | C2 (GIAS): Non-selective, religious character Church of England | C3: no grade in force on 2020-01-01",False
103119,St Mary's and St John's CofE School,Barnet,Voluntary aided school,All-through,Mixed,Closed,Non-selective,Church of England,522977.0,189550.0,103119 < 101320 < 101322,1677-09-21,2.0,2017-09-14,103119,137645;137539;147238,Hendon School;Hasmonean High School for Boys;Hasmonean High School for Girls,856;990;1459,1;1;1,1.0,C1: type Voluntary aided school; closed 2025-08-31,"C1: type Voluntary aided school; closed 2025-08-31 | C2 (GIAS): Non-selective, religious character Church of England | C3: grade 2 not better than comparator median 1.0",False
151504,St Mary's and St John's CofE School,Barnet,Academy converter,All-through,Mixed,Open,Non-selective,Church of England,522977.0,189550.0,151504 < 103119 < 101320 < 101322,1677-09-21,2.0,2017-09-14,103119,137645;137539;147238,Hendon School;Hasmonean High School for Boys;Hasmonean High School for Girls,856;990;1459,1;1;1,1.0,"C2 (GIAS): Non-selective, religious character Church of England","C2 (GIAS): Non-selective, religious character Church of England | C3: grade 2 not better than comparator median 1.0",False
101361,St Michael's Catholic Grammar School,Barnet,Voluntary aided school,Secondary,Girls,Open,Selective,Roman Catholic,526058.0,192177.0,101361,1677-09-21,1.0,2008-03-11,101361,135507;101362;136418,Wren Academy Finchley;Finchley Catholic High School;The Compton School,893;948;1334,1;2;1,1.0,C1: type Voluntary aided school,"C1: type Voluntary aided school | C2 (GIAS): Selective, religious character Roman Catholic | C3: grade 1 not better than comparator median 1.0",False
101352,The Compton School,Barnet,Community school,Secondary,Mixed,Closed,Non-selective,Does not apply,527295.0,191678.0,101352,1677-09-21,1.0,2006-10-03,101352,136418;135507;101345,The Compton School;Wren Academy Finchley;Friern Barnet School,0;491;916,1;1;2,1.0,C1: closed 2010-12-31,C1: closed 2010-12-31 | C3: grade 1 not better than comparator median 1.0,False
101344,The Edgware School,Barnet,Community school,Secondary,Mixed,Closed,Non-selective,Does not apply,518633.0,192830.0,101344,1677-09-21,,,,134798;138227;137199,London Academy;Avanti House School;Canons High School,168;1868;2479,2;2;3,2.0,C1: closed 2004-09-01,C1: closed 2004-09-01 | C3: no grade in force on 2020-01-01,False
101354,The Henrietta Barnett School,Barnet,Voluntary aided school,Secondary,Girls,Closed,Selective,None,525566.0,188467.0,101354,1677-09-21,1.0,2008-01-04,101354,137388;143082;139594,Christ's College Finchley;Bishop Douglass School Finchley;The Archer Academy,1109;1622;1775,2;2;1,2.0,C1: type Voluntary aided school; closed 2012-03-31,"C1: type Voluntary aided school; closed 2012-03-31 | C2 (GIAS): Selective, religious character None",False
138051,The Henrietta Barnett School,Barnet,Academy converter,Secondary,Girls,Open,Selective,None,525566.0,188467.0,138051 < 101354,1677-09-21,1.0,2008-01-04,101354,137388;143082;139594,Christ's College Finchley;Bishop Douglass School Finchley;The Archer Academy,1109;1622;1775,2;2;1,2.0,"C2 (GIAS): Selective, religious character None","C2 (GIAS): Selective, religious character None",False
101346,The Ravenscroft School A Technology College,Barnet,Community school,Secondary,Mixed,Closed,Non-selective,Does not apply,524632.0,194876.0,101346,1677-09-21,,,,144502;137131;101362,The Totteridge Academy;Queen Elizabeth's Girls' School;Finchley Catholic High School,0;1454;2236,2;2;2,2.0,C1: closed 2011-08-31,C1: closed 2011-08-31 | C3: no grade in force on 2020-01-01,False
137374,The Totteridge Academy,Barnet,Academy converter,Secondary,Mixed,Closed,Non-selective,Does not apply,524632.0,194876.0,137374 < 101346,1677-09-21,3.0,2015-09-07,137374,144502;137131;101362,The Totteridge Academy;Queen Elizabeth's Girls' School;Finchley Catholic High School,0;1454;2236,2;2;2,2.0,C1: closed 2016-10-31,C1: closed 2016-10-31 | C3: grade 3 not better than comparator median 2.0,False
144502,The Totteridge Academy,Barnet,Academy sponsor led,Secondary,Mixed,Open,,None,524632.0,194876.0,144502 < 137374 < 101346,1677-09-21,2.0,2019-04-02,144502,137131;101362;135747,Queen Elizabeth's Girls' School;Finchley Catholic High School;JCoSS,1454;2236;2799,2;2;2,2.0,C3: grade 2 not better than comparator median 2.0,C3: grade 2 not better than comparator median 2.0,False
101347,Whitefield School,Barnet,Foundation school,Secondary,Mixed,Closed,Non-selective,None,523520.0,187587.0,101347,1677-09-21,,,,137361;137645;142627,Clarion;Hendon School;Menorah High School for Girls,0;1345;1896,2;1;2,2.0,C1: closed 2011-08-31,C1: closed 2011-08-31 | C3: no grade in force on 2020-01-01,False
126729,Woodhouse Sixth Form College,Barnet,Community school,Secondary,,Closed,,Does not apply,,,126729,1677-09-21,,,,,,,,,C1: closed 1993-03-31; no coordinates,C1: closed 1993-03-31; no coordinates,False
135507,Wren Academy Finchley,Barnet,Academy sponsor led,All-through,Mixed,Open,Non-selective,Church of England,526936.0,192013.0,135507,2008-09-01,1.0,2018-11-04,135507,136418;101345;101362,The Compton School;Friern Barnet School;Finchley Catholic High School,491;997;1439,1;2;2,2.0,"C2 (GIAS): Non-selective, religious character Church of England","C2 (GIAS): Non-selective, religious character Church of England",False
101479,Beths Grammar School,Bexley,Foundation school,Secondary,Boys,Closed,Selective,None,549557.0,174146.0,101479,1677-09-21,1.0,2007-10-15,101479,138650;137681;137138,St Columba's Catholic Boys' School;St Catherine's Catholic School;Lift Bexleyheath,684;950;1294,2;2;4,2.0,C1: closed 2010-09-30,"C1: closed 2010-09-30 | C2 (GIAS): Selective, religious character None",False
136334,Beths Grammar School,Bexley,Academy converter,Secondary,Boys,Open,Selective,None,549557.0,174146.0,136334 < 101479,1677-09-21,1.0,2012-11-03,136334,138650;137681;137138,St Columba's Catholic Boys' School;St Catherine's Catholic School;Lift Bexleyheath,684;950;1294,2;2;4,2.0,"C2 (GIAS): Selective, religious character None","C2 (GIAS): Selective, religious character None",False
101462,Bexley Grammar School,Bexley,Foundation school,Secondary,Mixed,Closed,Selective,None,546489.0,175163.0,101462,1677-09-21,1.0,2007-12-03,101462,137965;135677;136720,Blackfen School for Girls;Harris Academy Falconwood;Welling School,945;1310;1368,2;2;3,2.0,C1: closed 2010-12-31,"C1: closed 2010-12-31 | C2 (GIAS): Selective, religious character None",False
136369,Bexley Grammar School,Bexley,Academy converter,Secondary,Mixed,Open,Selective,None,546489.0,175163.0,136369 < 101462,1677-09-21,1.0,2007-12-03,101462,137965;135677;136720,Blackfen School for Girls;Harris Academy Falconwood;Welling School,945;1310;1368,2;2;3,2.0,"C2 (GIAS): Selective, religious character None","C2 (GIAS): Selective, religious character None",False
101470,Bexleyheath School,Bexley,Foundation school,Secondary,Mixed,Closed,Non-selective,None,549194.0,175388.0,101470,1677-09-21,,,,137138;137681;138650,Lift Bexleyheath;St Catherine's Catholic School;St Columba's Catholic Boys' School,0;848;933,4;2;2,2.0,C1: closed 2011-08-31,C1: closed 2011-08-31 | C3: no grade in force on 2020-01-01,False
101465,Blackfen School for Girls,Bexley,Community school,Secondary,Girls,Closed,Non-selective,Does not apply,546868.0,174297.0,101465,1677-09-21,2.0,2011-12-15,101465,137965;137368;135677,Blackfen School for Girls;Hurstmere School;Harris Academy Falconwood,0;1146;1946,2;3;2,2.0,C1: closed 2012-03-31,C1: closed 2012-03-31 | C3: grade 2 not better than comparator median 2.0,False
101466,Chislehurst and Sidcup Grammar School,Bexley,Community school,Secondary,Mixed,Closed,Selective,Does not apply,546606.0,172862.0,101466,1677-09-21,2.0,2009-05-20,101466,137368;138686;137965,Hurstmere School;Cleeve Park School;Blackfen School for Girls,548;1132;1459,3;3;2,3.0,C1: closed 2011-08-31,"C1: closed 2011-08-31 | C2 (GIAS): Selective, religious character Does not apply",False
137423,Chislehurst and Sidcup Grammar School,Bexley,Academy converter,Secondary,Mixed,Open,Selective,Does not apply,546606.0,172862.0,137423 < 101466,1677-09-21,2.0,2014-01-25,137423,137368;138686;137965,Hurstmere School;Cleeve Park School;Blackfen School for Girls,548;1132;1459,3;3;2,3.0,"C2 (GIAS): Selective, religious character Does not apply","C2 (GIAS): Selective, religious character Does not apply",False
101471,Cleeve Park School,Bexley,Community school,Secondary,Mixed,Closed,Non-selective,Does not apply,547451.0,172108.0,101471,1677-09-21,,,,138686;137368;136281,Cleeve Park School;Hurstmere School;Kemnal Technology College,0;1129;1994,3;3;4,3.0,C1: closed 2012-08-31,C1: closed 2012-08-31 | C3: no grade in force on 2020-01-01,False
138686,Cleeve Park School,Bexley,Academy converter,Secondary,Mixed,Open,Non-selective,Does not apply,547451.0,172108.0,138686 < 101471,1677-09-21,3.0,2019-12-05,138686,137368;136281;137965,Hurstmere School;Kemnal Technology College;Blackfen School for Girls,1129;1994;2265,3;4;2,3.0,C3: grade 3 not better than comparator median 3.0,C3: grade 3 not better than comparator median 3.0,False
101468,Erith School,Bexley,Foundation school,Secondary,Mixed,Closed,Non-selective,None,550537.0,177255.0,101468,1677-09-21,,,,136538;137138;137681,"Trinity Church of England School, Belvedere;Lift Bexleyheath;St Catherine's Catholic School",1366;2300;2321,2;4;2,2.0,C1: closed 2010-09-30,C1: closed 2010-09-30 | C3: no grade in force on 2020-01-01,False
136330,Erith School,Bexley,Academy converter,Secondary,Mixed,Closed,Non-selective,None,550537.0,177255.0,136330 < 101468,1677-09-21,3.0,2016-11-02,136330,136538;137138;137681,"Trinity Church of England School, Belvedere;Lift Bexleyheath;St Catherine's Catholic School",1366;2300;2321,2;4;2,2.0,C1: closed 2018-08-31,C1: closed 2018-08-31 | C3: grade 3 not better than comparator median 2.0,False
135951,Haberdashers' Crayford Academy,Bexley,Academy sponsor led,Secondary,Mixed,Open,Non-selective,Does not apply,551773.0,175177.0,135951 < 101416 < 101419,1677-09-21,3.0,2019-08-02,135951,137681;138650;118785,St Catherine's Catholic School;St Columba's Catholic Boys' School;Dartford Science & Technology College,1828;1944;2057,2;2;2,2.0,C3: grade 3 not better than comparator median 2.0,C3: grade 3 not better than comparator median 2.0,False
135677,Harris Academy Falconwood,Bexley,Academy sponsor led,Secondary,Mixed,Open,Non-selective,Does not apply,545184.0,175273.0,135677 < 101464,1677-09-21,2.0,2019-11-24,135677,141309;137965;136720,Leigh Stationers' Academy;Blackfen School for Girls;Welling School,1060;1946;2117,2;2;3,2.0,C3: grade 2 not better than comparator median 2.0,C3: grade 2 not better than comparator median 2.0,False
145140,Harris Garrard Academy,Bexley,Academy sponsor led,All-through,Mixed,Open,,None,548240.0,179613.0,145140 < 133769 < 101469 < 101432 < 101435,1677-09-21,4.0,2016-06-27,133769,141163;105135;136538,"Woolwich Polytechnic School;St Paul's Academy;Trinity Church of England School, Belvedere",1971;2006;2180,2;2;2,2.0,C3: grade 4 not better than comparator median 2.0,C3: grade 4 not better than comparator median 2.0,False
126754,Howbury Grange Technical School,Bexley,Community school,Secondary,Mixed,Closed,,Does not apply,552310.0,177045.0,126754,1677-09-21,,,,135951;136538;137681,"Haberdashers' Crayford Academy;Trinity Church of England School, Belvedere;St Catherine's Catholic School",1944;2640;3115,3;2;2,2.0,C1: closed 1992-08-31,C1: closed 1992-08-31 | C3: no grade in force on 2020-01-01,False
101480,Hurstmere Foundation School for Boys,Bexley,Foundation school,Secondary,Boys,Closed,Non-selective,None,547061.0,173167.0,101480,1677-09-21,,,,137368;138686;137965,Hurstmere School;Cleeve Park School;Blackfen School for Girls,0;1129;1146,3;3;2,3.0,C1: closed 2011-08-31,C1: closed 2011-08-31 | C3: no grade in force on 2020-01-01,False
137368,Hurstmere School,Bexley,Academy converter,Secondary,Boys,Closed,Non-selective,None,547061.0,173167.0,137368 < 101480,1677-09-21,3.0,2018-11-04,137368,138686;137965;136467,Cleeve Park School;Blackfen School for Girls;Chislehurst School for Girls,1129;1146;2817,3;2;2,2.0,C1: closed 2024-08-31,C1: closed 2024-08-31 | C3: grade 3 not better than comparator median 2.0,False
151382,Hurstmere School,Bexley,Academy converter,Secondary,Boys,Open,Non-selective,None,547061.0,173167.0,151382 < 137368 < 101480,1677-09-21,3.0,2018-11-04,137368,138686;137965;136467,Cleeve Park School;Blackfen School for Girls;Chislehurst School for Girls,1129;1146;2817,3;2;2,2.0,C3: grade 3 not better than comparator median 2.0,C3: grade 3 not better than comparator median 2.0,False
146378,King Henry School,Bexley,Academy sponsor led,Secondary,Mixed,Closed,Non-selective,None,550537.0,177255.0,146378,2018-09-01,,,,136538;137138;137681,"Trinity Church of England School, Belvedere;Lift Bexleyheath;St Catherine's Catholic School",1366;2300;2321,2;4;2,2.0,C1: opened 2018-09-01; closed 2023-05-31,C1: opened 2018-09-01; closed 2023-05-31 | C3: no grade in force on 2020-01-01,False
149898,Leigh Academy Bexley,Bexley,Academy sponsor led,Secondary,Mixed,Open,,None,550537.0,177255.0,149898 < 146378,2018-09-01,,,,136538;137138;137681,"Trinity Church of England School, Belvedere;Lift Bexleyheath;St Catherine's Catholic School",1366;2300;2321,2;4;2,2.0,C1: opened 2018-09-01,C1: opened 2018-09-01 | C3: no grade in force on 2020-01-01,False
137138,Lift Bexleyheath,Bexley,Academy sponsor led,Secondary,Mixed,Open,Non-selective,None,549194.0,175388.0,137138 < 101470,1677-09-21,4.0,2019-02-06,137138,137681;138650;136720,St Catherine's Catholic School;St Columba's Catholic Boys' School;Welling School,848;933;2492,2;2;3,2.0,C3: grade 4 not better than comparator median 2.0,C3: grade 4 not better than comparator median 2.0,False
126755,Picardy School,Bexley,Community school,Secondary,Mixed,Closed,Non-selective,Does not apply,550151.0,178565.0,126755,1677-09-21,,,,136538;145140;137138,"Trinity Church of England School, Belvedere;Harris Garrard Academy;Lift Bexleyheath",0;2180;3318,2;4;4,4.0,C1: closed 1994-08-31,C1: closed 1994-08-31 | C3: no grade in force on 2020-01-01,False
137681,St Catherine's Catholic School,Bexley,Academy converter,Secondary,Girls,Open,Non-selective,Roman Catholic,549953.0,175009.0,137681 < 101478,1677-09-21,2.0,2015-12-01,137681,138650;137138;135951,St Columba's Catholic Boys' School;Lift Bexleyheath;Haberdashers' Crayford Academy,269;848;1828,2;4;3,3.0,"C2 (GIAS): Non-selective, religious character Roman Catholic","C2 (GIAS): Non-selective, religious character Roman Catholic",False
101478,St Catherine's Catholic School for Girls,Bexley,Voluntary aided school,Secondary,Girls,Closed,Non-selective,Roman Catholic,549953.0,175009.0,101478,1677-09-21,,,,137681;138650;137138,St Catherine's Catholic School;St Columba's Catholic Boys' School;Lift Bexleyheath,0;269;848,2;2;4,2.0,C1: type Voluntary aided school; closed 2011-11-30,"C1: type Voluntary aided school; closed 2011-11-30 | C2 (GIAS): Non-selective, religious character Roman Catholic | C3: no grade in force on 2020-01-01",False
101477,St Columba's Catholic Boys' School,Bexley,Voluntary aided school,Secondary,Boys,Closed,Non-selective,Roman Catholic,549876.0,174751.0,101477,1677-09-21,2.0,2010-11-04,101477,138650;137681;137138,St Columba's Catholic Boys' School;St Catherine's Catholic School;Lift Bexleyheath,0;269;933,2;2;4,2.0,C1: type Voluntary aided school; closed 2012-08-31,"C1: type Voluntary aided school; closed 2012-08-31 | C2 (GIAS): Non-selective, religious character Roman Catholic | C3: grade 2 not better than comparator median 2.0",False
138650,St Columba's Catholic Boys' School,Bexley,Academy converter,Secondary,Boys,Open,Non-selective,Roman Catholic,549876.0,174751.0,138650 < 101477,1677-09-21,2.0,2014-10-28,138650,137681;137138;135951,St Catherine's Catholic School;Lift Bexleyheath;Haberdashers' Crayford Academy,269;933;1944,2;4;3,3.0,"C2 (GIAS): Non-selective, religious character Roman Catholic","C2 (GIAS): Non-selective, religious character Roman Catholic",False
134189,St Luke's Catholic Sixth Form College,Bexley,Voluntary aided school,Secondary,Mixed,Closed,Not applicable,Roman Catholic,546023.0,171207.0,134189 < 101476,1677-09-21,,,,136467;136281;138686,Chislehurst School for Girls;Kemnal Technology College;Cleeve Park School,717;1296;1688,2;4;3,3.0,C1: type Voluntary aided school; closed 2009-08-31,"C1: type Voluntary aided school; closed 2009-08-31 | C2 (GIAS): Not applicable, religious character Roman Catholic | C3: no grade in force on 2020-01-01",False
101476,St Mary and St Joseph's Catholic School,Bexley,Voluntary aided school,Secondary,Mixed,Closed,Non-selective,Roman Catholic,546023.0,171207.0,101476,1677-09-21,,,,136467;136281;138686,Chislehurst School for Girls;Kemnal Technology College;Cleeve Park School,717;1296;1688,2;4;3,3.0,C1: type Voluntary aided school; closed 2008-09-01,"C1: type Voluntary aided school; closed 2008-09-01 | C2 (GIAS): Non-selective, religious character Roman Catholic | C3: no grade in force on 2020-01-01",False
101469,Thamesmead Community College,Bexley,Community school,Secondary,Mixed,Closed,Non-selective,Does not apply,548240.0,179613.0,101469,1677-09-21,,,,145140;141163;105135,Harris Garrard Academy;Woolwich Polytechnic School;St Paul's Academy,0;1971;2006,4;2;2,2.0,C1: closed 2002-08-31,C1: closed 2002-08-31 | C3: no grade in force on 2020-01-01,False
133769,The Business Academy Bexley,Bexley,Academy sponsor led,All-through,Mixed,Closed,Non-selective,Does not apply,548240.0,179613.0,133769 < 101469 < 101432 < 101435,1677-09-21,4.0,2016-06-27,133769,145140;141163;105135,Harris Garrard Academy;Woolwich Polytechnic School;St Paul's Academy,0;1971;2006,4;2;2,2.0,C1: closed 2017-08-31,C1: closed 2017-08-31 | C3: grade 4 not better than comparator median 2.0,False
137769,Townley Grammar School,Bexley,Academy converter,Secondary,Girls,Open,Selective,Does not apply,548781.0,174532.0,137769 < 101463,1677-09-21,1.0,2016-01-11,137769,137138;138650;137681,Lift Bexleyheath;St Columba's Catholic Boys' School;St Catherine's Catholic School,950;1117;1265,4;2;2,2.0,"C2 (GIAS): Selective, religious character Does not apply","C2 (GIAS): Selective, religious character Does not apply",False
101463,Townley Grammar School for Girls,Bexley,Community school,Secondary,Girls,Closed,Selective,Does not apply,548781.0,174532.0,101463,1677-09-21,2.0,2011-03-03,101463,137138;138650;137681,Lift Bexleyheath;St Columba's Catholic Boys' School;St Catherine's Catholic School,950;1117;1265,4;2;2,2.0,C1: closed 2011-12-31,"C1: closed 2011-12-31 | C2 (GIAS): Selective, religious character Does not apply | C3: grade 2 not better than comparator median 2.0",False
136538,"Trinity Church of England School, Belvedere",Bexley,Academy converter,Secondary,Mixed,Open,Non-selective,Church of England,550151.0,178565.0,136538 < 101472,1677-09-21,2.0,2016-02-29,136538,145140;137138;137681,Harris Garrard Academy;Lift Bexleyheath;St Catherine's Catholic School,2180;3318;3562,4;4;2,4.0,"C2 (GIAS): Non-selective, religious character Church of England","C2 (GIAS): Non-selective, religious character Church of England",False
101472,"Trinity School, Belvedere",Bexley,Voluntary aided school,Secondary,Mixed,Closed,Non-selective,Church of England,550151.0,178565.0,101472,1677-09-21,,,,136538;145140;137138,"Trinity Church of England School, Belvedere;Harris Garrard Academy;Lift Bexleyheath",0;2180;3318,2;4;4,4.0,C1: type Voluntary aided school; closed 2011-03-31,"C1: type Voluntary aided school; closed 2011-03-31 | C2 (GIAS): Non-selective, religious character Church of England | C3: no grade in force on 2020-01-01",False
101467,Welling School,Bexley,Foundation school,Secondary,Mixed,Closed,Non-selective,None,546941.0,176454.0,101467,1677-09-21,,,,136720;135677;137965,Welling School;Harris Academy Falconwood;Blackfen School for Girls,0;2117;2158,3;2;2,2.0,C1: closed 2011-04-30,C1: closed 2011-04-30 | C3: no grade in force on 2020-01-01,False
136720,Welling School,Bexley,Academy converter,Secondary,Mixed,Open,Non-selective,None,546941.0,176454.0,136720 < 101467,1677-09-21,3.0,2018-06-11,136720,135677;137965;137138,Harris Academy Falconwood;Blackfen School for Girls;Lift Bexleyheath,2117;2158;2492,2;2;4,2.0,C3: grade 3 not better than comparator median 2.0,C3: grade 3 not better than comparator median 2.0,False
101464,Westwood College,Bexley,Community school,Secondary,Mixed,Closed,Non-selective,Does not apply,545065.0,175424.0,101464,1677-09-21,,,,135677;141309;137965,Harris Academy Falconwood;Leigh Stationers' Academy;Blackfen School for Girls,192;1073;2126,2;2;2,2.0,C1: closed 2008-08-31,C1: closed 2008-08-31 | C3: no grade in force on 2020-01-01,False
101562,Alperton Community School,Brent,Foundation school,Secondary,Mixed,Closed,Non-selective,None,518492.0,184101.0,101562,1677-09-21,,,,138610;141019;140862,Alperton Community School;Ark Elvin Academy;Michaela Community School,0;1006;2355,2;2;1,2.0,C1: closed 2012-08-31,C1: closed 2012-08-31 | C3: no grade in force on 2020-01-01,False
138610,Alperton Community School,Brent,Academy converter,Secondary,Mixed,Open,Non-selective,None,518492.0,184101.0,138610 < 101562,1677-09-21,2.0,2016-09-15,138610,141019;140862;138457,Ark Elvin Academy;Michaela Community School;Wembley High Technology College,1006;2355;2519,2;1;1,1.0,C3: grade 2 not better than comparator median 1.0,C3: grade 2 not better than comparator median 1.0,False
141019,Ark Elvin Academy,Brent,Academy sponsor led,Secondary,Mixed,Open,Non-selective,None,518587.0,185103.0,141019 < 101558,1677-09-21,2.0,2019-11-03,141019,138610;140862;139319,Alperton Community School;Michaela Community School;Preston Manor School,1006;1424;1529,2;1;2,2.0,C3: grade 2 not better than comparator median 2.0,C3: grade 2 not better than comparator median 2.0,False
126779,Aylestone Community School,Brent,Community school,Secondary,Mixed,Closed,Non-selective,Does not apply,523635.0,183910.0,126779,1677-09-21,,,,138609;134226;101564,Queens Park Community School;Harris Lowe Academy Willesden;Newman Catholic College,0;1131;1462,2;2;2,2.0,C1: closed 1989-08-31,C1: closed 1989-08-31 | C3: no grade in force on 2020-01-01,False
126783,Brondesbury and Kilburn School,Brent,Community school,Secondary,Mixed,Closed,Non-selective,Does not apply,524372.0,183812.0,126783,1677-09-21,,,,138609;101154;139369,Queens Park Community School;St Augustine's Federated Schools: CE High School;St George's Catholic School,743;1230;1580,2;1;1,1.0,C1: closed 1989-08-31,C1: closed 1989-08-31 | C3: no grade in force on 2020-01-01,False
101557,Claremont High School,Brent,Foundation school,Secondary,Mixed,Closed,Non-selective,None,518305.0,188663.0,101557,1677-09-21,1.0,2010-06-10,101557,136656;142560;133724,Claremont High School;St Gregory's Catholic Science College;JFS,0;759;963,1;1;2,1.0,C1: closed 2011-03-31,C1: closed 2011-03-31 | C3: grade 1 not better than comparator median 1.0,False
101561,Convent of Jesus and Mary Language College,Brent,Voluntary aided school,Secondary,Girls,Closed,Non-selective,Roman Catholic,521701.0,183616.0,101561,1677-09-21,1.0,2009-06-04,101561,137994;101564;134226,Saint Claudine's Catholic School for Girls;Newman Catholic College;Harris Lowe Academy Willesden,0;521;826,2;2;2,2.0,C1: type Voluntary aided school; closed 2012-03-31,"C1: type Voluntary aided school; closed 2012-03-31 | C2 (GIAS): Non-selective, religious character Roman Catholic",False
101558,Copland Community School,Brent,Foundation school,Secondary,Mixed,Closed,Non-selective,None,518587.0,185103.0,101558,1677-09-21,4.0,2013-05-02,101558,141019;138610;140862,Ark Elvin Academy;Alperton Community School;Michaela Community School,0;1006;1424,2;2;1,2.0,C1: closed 2014-08-31,C1: closed 2014-08-31 | C3: grade 4 not better than comparator median 2.0,False
135973,E-ACT Crest Academy,Brent,Academy sponsor led,Secondary,Mixed,Open,Non-selective,Does not apply,521993.0,186425.0,135973 < 101566,1677-09-21,2.0,2016-11-17,135973,142627;137361;100052,Menorah High School for Girls;Clarion;Hampstead School,173;1919;2536,2;2;2,2.0,C3: grade 2 not better than comparator median 2.0,C3: grade 2 not better than comparator median 2.0,False
134226,Harris Lowe Academy Willesden,Brent,Academy sponsor led,Secondary,Mixed,Open,Non-selective,Does not apply,522520.0,183720.0,134226 < 101551,1677-09-21,2.0,2015-12-15,134226,101564;137994;138609,Newman Catholic College;Saint Claudine's Catholic School for Girls;Queens Park Community School,347;826;1131,2;2;2,2.0,C3: grade 2 not better than comparator median 2.0,C3: grade 2 not better than comparator median 2.0,False
133724,JFS,Brent,Voluntary aided school,Secondary,Mixed,Open,Non-selective,Jewish,519199.0,188305.0,133724,2002-09-01,2.0,2016-12-23,133724,136656;137685;142560,Claremont High School;Kingsbury High School;St Gregory's Catholic Science College,963;1061;1667,1;2;1,1.0,C1: type Voluntary aided school,"C1: type Voluntary aided school | C2 (GIAS): Non-selective, religious character Jewish | C3: grade 2 not better than comparator median 1.0",False
101565,John Kelly Boys' Technology College,Brent,Foundation school,Secondary,Boys,Closed,Non-selective,None,521993.0,186425.0,101565,1677-09-21,,,,135973;142627;137361,E-ACT Crest Academy;Menorah High School for Girls;Clarion,0;173;1919,2;2;2,2.0,C1: closed 2009-08-31,C1: closed 2009-08-31 | C3: no grade in force on 2020-01-01,False
101566,John Kelly Girls' Technology College,Brent,Foundation school,Secondary,Girls,Closed,Non-selective,None,521993.0,186425.0,101566,1677-09-21,,,,135973;142627;137361,E-ACT Crest Academy;Menorah High School for Girls;Clarion,0;173;1919,2;2;2,2.0,C1: closed 2009-08-31,C1: closed 2009-08-31 | C3: no grade in force on 2020-01-01,False
101559,Kingsbury High School,Brent,Foundation school,Secondary,Mixed,Closed,Non-selective,None,519617.0,189280.0,101559,1677-09-21,2.0,2010-09-15,101559,137685;133724;137199,Kingsbury High School;JFS;Canons High School,0;1061;1405,2;2;3,2.0,C1: closed 2011-11-30,C1: closed 2011-11-30 | C3: grade 2 not better than comparator median 2.0,False
137685,Kingsbury High School,Brent,Academy converter,Secondary,Mixed,Open,Non-selective,None,519617.0,189280.0,137685 < 101559,1677-09-21,2.0,2014-10-20,137685,133724;137199;136656,JFS;Canons High School;Claremont High School,1061;1405;1450,2;3;1,2.0,C3: grade 2 not better than comparator median 2.0,C3: grade 2 not better than comparator median 2.0,False
126784,Neasden High School,Brent,Community school,Secondary,Mixed,Closed,Non-selective,Does not apply,520648.0,186198.0,126784,1677-09-21,,,,140862;135973;135600,Michaela Community School;E-ACT Crest Academy;Ark Academy,1255;1364;1400,1;2;1,1.0,C1: closed 1989-08-31,C1: closed 1989-08-31 | C3: no grade in force on 2020-01-01,False
101564,Newman Catholic College,Brent,Voluntary aided school,Secondary,Boys,Open,Non-selective,Roman Catholic,522218.0,183549.0,101564,1900-01-01,2.0,2011-10-13,101564,134226;137994;138609,Harris Lowe Academy Willesden;Saint Claudine's Catholic School for Girls;Queens Park Community School,347;521;1462,2;2;2,2.0,C1: type Voluntary aided school,"C1: type Voluntary aided school | C2 (GIAS): Non-selective, religious character Roman Catholic | C3: grade 2 not better than comparator median 2.0",False
143718,North Brent School,Brent,Free schools,Secondary,Mixed,Open,Non-selective,None,521488.0,185023.0,143718,2020-09-01,,,,137994;142627;135973,Saint Claudine's Catholic School for Girls;Menorah High School for Girls;E-ACT Crest Academy,1423;1432;1490,2;2;2,2.0,C1: opened 2020-09-01,C1: opened 2020-09-01 | C3: no grade in force on 2020-01-01,False
139319,Preston Manor School,Brent,Academy converter,All-through,Mixed,Open,Non-selective,None,518689.0,186629.0,139319 < 101567,1677-09-21,2.0,2012-08-03,101567,135600;140862;141019,Ark Academy;Michaela Community School;Ark Elvin Academy,615;789;1529,1;1;2,1.0,C3: grade 2 not better than comparator median 1.0,C3: grade 2 not better than comparator median 1.0,False
101560,Queens Park Community School,Brent,Foundation school,Secondary,Mixed,Closed,Non-selective,None,523635.0,183910.0,101560,1677-09-21,2.0,2012-03-29,101560,138609;134226;101564,Queens Park Community School;Harris Lowe Academy Willesden;Newman Catholic College,0;1131;1462,2;2;2,2.0,C1: closed 2012-08-31,C1: closed 2012-08-31 | C3: grade 2 not better than comparator median 2.0,False
138609,Queens Park Community School,Brent,Academy converter,Secondary,Mixed,Open,Non-selective,None,523635.0,183910.0,138609 < 101560,1677-09-21,2.0,2012-03-29,101560,134226;101564;100052,Harris Lowe Academy Willesden;Newman Catholic College;Hampstead School,1131;1462;1886,2;2;2,2.0,C3: grade 2 not better than comparator median 2.0,C3: grade 2 not better than comparator median 2.0,False
137994,Saint Claudine's Catholic School for Girls,Brent,Academy converter,Secondary,Girls,Open,Non-selective,Roman Catholic,521701.0,183616.0,137994 < 101561,1677-09-21,2.0,2013-10-03,137994,101564;134226;138609,Newman Catholic College;Harris Lowe Academy Willesden;Queens Park Community School,521;826;1956,2;2;2,2.0,"C2 (GIAS): Non-selective, religious character Roman Catholic","C2 (GIAS): Non-selective, religious character Roman Catholic | C3: grade 2 not better than comparator median 2.0",False
126780,Sladebrook High School,Brent,Community school,Secondary,Mixed,Closed,Non-selective,Does not apply,520777.0,184602.0,126780,1677-09-21,,,,137994;101564;134226,Saint Claudine's Catholic School for Girls;Newman Catholic College;Harris Lowe Academy Willesden,1351;1785;1953,2;2;2,2.0,C1: closed 1990-08-31,C1: closed 1990-08-31 | C3: no grade in force on 2020-01-01,False
126781,South Kilburn School,Brent,Community school,Secondary,Mixed,Closed,Non-selective,Does not apply,525243.0,182883.0,126781,1677-09-21,,,,101154;139369;130912,St Augustine's Federated Schools: CE High School;St George's Catholic School;Paddington Academy,436;603;674,1;1;1,1.0,C1: closed 1989-08-31,C1: closed 1989-08-31 | C3: no grade in force on 2020-01-01,False
101563,St Gregory's Catholic Science College,Brent,Voluntary aided school,Secondary,Mixed,Closed,Non-selective,Roman Catholic,517552.0,188564.0,101563,1677-09-21,2.0,2013-11-11,101563,142560;136656;137177,St Gregory's Catholic Science College;Claremont High School;Harrow High School,0;759;1643,1;1;2,1.0,C1: type Voluntary aided school; closed 2015-12-31,"C1: type Voluntary aided school; closed 2015-12-31 | C2 (GIAS): Non-selective, religious character Roman Catholic | C3: grade 2 not better than comparator median 1.0",False
142560,St Gregory's Catholic Science College,Brent,Academy converter,Secondary,Mixed,Open,Non-selective,Roman Catholic,517552.0,188564.0,142560 < 101563,1677-09-21,1.0,2019-04-29,142560,136656;137177;133724,Claremont High School;Harrow High School;JFS,759;1643;1667,1;2;2,2.0,"C2 (GIAS): Non-selective, religious character Roman Catholic","C2 (GIAS): Non-selective, religious character Roman Catholic",False
135974,The Crest Boys' Academy,Brent,Academy sponsor led,Secondary,Boys,Closed,Non-selective,Does not apply,521993.0,186425.0,135974 < 101565,1677-09-21,,,,135973;142627;137361,E-ACT Crest Academy;Menorah High School for Girls;Clarion,0;173;1919,2;2;2,2.0,C1: closed 2014-08-31,C1: closed 2014-08-31 | C3: no grade in force on 2020-01-01,False
101550,Wembley High Technology College,Brent,Foundation school,Secondary,Mixed,Closed,Non-selective,None,517203.0,186265.0,101550,1677-09-21,1.0,2008-10-15,101550,138457;139319;141019,Wembley High Technology College;Preston Manor School;Ark Elvin Academy,0;1530;1807,1;2;2,2.0,C1: closed 2012-07-31,C1: closed 2012-07-31,False
101551,Willesden High School,Brent,Community school,Secondary,Mixed,Closed,Non-selective,Does not apply,522520.0,183720.0,101551,1677-09-21,,,,134226;101564;137994,Harris Lowe Academy Willesden;Newman Catholic College;Saint Claudine's Catholic School for Girls,0;347;826,2;2;2,2.0,C1: closed 2003-08-31,C1: closed 2003-08-31 | C3: no grade in force on 2020-01-01,False
126782,William Gladstone Community School,Brent,Community school,Secondary,Mixed,Closed,Non-selective,Does not apply,522571.0,185971.0,126782,1677-09-21,,,,142627;135973;100052,Menorah High School for Girls;E-ACT Crest Academy;Hampstead School,563;735;1862,2;2;2,2.0,C1: closed 1993-08-31,C1: closed 1993-08-31 | C3: no grade in force on 2020-01-01,False
101677,All Saints Catholic School,Bromley,Voluntary aided school,Secondary,Mixed,Closed,Non-selective,Roman Catholic,538906.0,164682.0,101677,1677-09-21,,,,136644;137006;136586,Hayes School;Langley Park School for Girls;Langley Park School for Boys,2054;2801;2908,1;2;2,2.0,C1: type Voluntary aided school; closed 2007-08-31,"C1: type Voluntary aided school; closed 2007-08-31 | C2 (GIAS): Non-selective, religious character Roman Catholic | C3: no grade in force on 2020-01-01",False
101674,Beaverwood School for Girls,Bromley,Foundation school,Secondary,Girls,Closed,Non-selective,None,545368.0,170915.0,101674,1677-09-21,,,,136467;136464;136281,Chislehurst School for Girls;Orion Coopers;Kemnal Technology College,0;1624;1641,2;2;4,2.0,C1: closed 2011-02-28,C1: closed 2011-02-28 | C3: no grade in force on 2020-01-01,False
134632,Bishop Justus CofE School,Bromley,Voluntary aided school,Secondary,Mixed,Closed,Non-selective,Church of England,542300.0,166663.0,134632,2004-09-01,2.0,2009-02-26,134632,136466;136517;136644,Bishop Justus CofE School;Ravens Wood School;Hayes School,0;1414;1882,2;2;1,2.0,C1: type Voluntary aided school; closed 2011-02-28,"C1: type Voluntary aided school; closed 2011-02-28 | C2 (GIAS): Non-selective, religious character Church of England | C3: grade 2 not better than comparator median 2.0",False
136466,Bishop Justus CofE School,Bromley,Academy converter,Secondary,Mixed,Open,Non-selective,Church of England,542300.0,166663.0,136466 < 134632,2004-09-01,2.0,2012-05-25,136466,136517;136644;136540,Ravens Wood School;Hayes School;The Ravensbourne School,1414;1882;2129,2;1;2,2.0,"C2 (GIAS): Non-selective, religious character Church of England","C2 (GIAS): Non-selective, religious character Church of England | C3: grade 2 not better than comparator median 2.0",False
101666,Bullers Wood School,Bromley,Foundation school,Secondary,Girls,Closed,Non-selective,None,542533.0,169755.0,101666,1991-01-01,2.0,2008-03-19,101666,136709;136464;136540,Bullers Wood School;Orion Coopers;The Ravensbourne School,0;1788;2519,1;2;2,2.0,C1: closed 2011-04-30,C1: closed 2011-04-30 | C3: grade 2 not better than comparator median 2.0,False
101657,Cator Park School,Bromley,Foundation school,Secondary,Girls,Closed,Non-selective,None,536308.0,170396.0,101657,1677-09-21,,,,137379;100743;100745,Harris Girls Academy Bromley;Sedgehill School;Forest Hill School,0;1455;1817,1;3;3,3.0,C1: closed 2011-08-31,C1: closed 2011-08-31 | C3: no grade in force on 2020-01-01,False
101675,Charles Darwin School,Bromley,Foundation school,Secondary,Mixed,Closed,Non-selective,None,542640.0,159356.0,101675,1677-09-21,2.0,2008-10-07,101675,136545;143846;136355,Charles Darwin School;Meridian High School;Darrick Wood School,0;3826;5699,2;3;2,2.0,C1: closed 2011-03-31,C1: closed 2011-03-31 | C3: grade 2 not better than comparator median 2.0,False
136545,Charles Darwin School,Bromley,Academy converter,Secondary,Mixed,Open,Non-selective,None,542640.0,159356.0,136545 < 101675,1677-09-21,2.0,2013-11-18,136545,143846;136355;136517,Meridian High School;Darrick Wood School;Ravens Wood School,3826;5699;6045,3;2;2,2.0,C3: grade 2 not better than comparator median 2.0,C3: grade 2 not better than comparator median 2.0,False
101667,Coopers Technology College,Bromley,Foundation school,Secondary,Mixed,Closed,Non-selective,None,544319.0,169675.0,101667,1969-01-01,2.0,2010-01-12,101667,136464;136467;136709,Orion Coopers;Chislehurst School for Girls;Bullers Wood School,0;1624;1788,2;2;1,2.0,C1: closed 2011-02-28,C1: closed 2011-02-28 | C3: grade 2 not better than comparator median 2.0,False
101658,Darrick Wood School,Bromley,Foundation school,Secondary,Mixed,Closed,Non-selective,None,543802.0,164935.0,101658,1677-09-21,1.0,2009-05-22,101658,136355;136517;136466,Darrick Wood School;Ravens Wood School;Bishop Justus CofE School,0;2046;2290,2;2;2,2.0,C1: closed 2010-11-30,C1: closed 2010-11-30,False
136355,Darrick Wood School,Bromley,Academy converter,Secondary,Mixed,Open,Non-selective,None,543802.0,164935.0,136355 < 101658,1677-09-21,2.0,2019-02-07,136355,136517;136466;136644,Ravens Wood School;Bishop Justus CofE School;Hayes School,2046;2290;3301,2;2;1,2.0,C3: grade 2 not better than comparator median 2.0,C3: grade 2 not better than comparator median 2.0,False
143427,Harris Academy Orpington,Bromley,Academy sponsor led,Secondary,Mixed,Open,,None,547332.0,166105.0,143427 < 138114 < 101659,1677-09-21,3.0,2019-09-24,143427,136355;136281;136304,Darrick Wood School;Kemnal Technology College;Orchards Academy,3719;4130;4474,2;4;2,2.0,C3: grade 3 not better than comparator median 2.0,C3: grade 3 not better than comparator median 2.0,False
101673,Hayes School,Bromley,Foundation school,Secondary,Mixed,Closed,Non-selective,None,540620.0,165814.0,101673,1677-09-21,1.0,2011-03-24,101673,136644;136517;136466,Hayes School;Ravens Wood School;Bishop Justus CofE School,0;1268;1882,1;2;2,2.0,C1: closed 2011-03-31,C1: closed 2011-03-31,False
101670,Kelsey Park Sports College,Bromley,Foundation school,Secondary,Boys,Closed,Non-selective,None,537430.0,168596.0,101670,1677-09-21,,,,137121;136586;137006,Harris Academy Beckenham;Langley Park School for Boys;Langley Park School for Girls,0;1279;1389,1;2;2,2.0,C1: closed 2011-08-31,C1: closed 2011-08-31 | C3: no grade in force on 2020-01-01,False
101672,Kemnal Technology College,Bromley,Foundation school,Secondary,Boys,Closed,Non-selective,None,546848.0,170207.0,101672,1677-09-21,,,,136281;136467;138686,Kemnal Technology College;Chislehurst School for Girls;Cleeve Park School,0;1641;1994,4;2;3,3.0,C1: closed 2010-08-31,C1: closed 2010-08-31 | C3: no grade in force on 2020-01-01,False
136281,Kemnal Technology College,Bromley,Academy converter,Secondary,Mixed,Open,Non-selective,None,546848.0,170207.0,136281 < 101672,1677-09-21,4.0,2019-09-10,136281,136467;138686;136464,Chislehurst School for Girls;Cleeve Park School;Orion Coopers,1641;1994;2584,2;3;2,2.0,C3: grade 4 not better than comparator median 2.0,C3: grade 4 not better than comparator median 2.0,False
101668,Langley Park School for Boys,Bromley,Foundation school,Secondary,Boys,Closed,Non-selective,None,537798.0,167371.0,101668,1677-09-21,,,,136586;137006;137121,Langley Park School for Boys;Langley Park School for Girls;Harris Academy Beckenham,0;225;1279,2;2;1,2.0,C1: closed 2011-03-31,C1: closed 2011-03-31 | C3: no grade in force on 2020-01-01,False
136586,Langley Park School for Boys,Bromley,Academy converter,Secondary,Boys,Open,Non-selective,None,537798.0,167371.0,136586 < 101668,1677-09-21,2.0,2019-03-31,136586,137006;137121;142040,Langley Park School for Girls;Harris Academy Beckenham;Orchard Park High School,225;1279;1360,2;1;2,2.0,C3: grade 2 not better than comparator median 2.0,C3: grade 2 not better than comparator median 2.0,False
101678,Langley Park School for Girls,Bromley,Foundation school,Secondary,Girls,Closed,Non-selective,None,538021.0,167339.0,101678,1677-09-21,1.0,2009-03-09,101678,137006;136586;137121,Langley Park School for Girls;Langley Park School for Boys;Harris Academy Beckenham,0;225;1389,2;2;1,2.0,C1: closed 2011-07-31,C1: closed 2011-07-31,False
137006,Langley Park School for Girls,Bromley,Academy converter,Secondary,Girls,Open,Non-selective,None,538021.0,167339.0,137006 < 101678,1677-09-21,2.0,2012-05-18,137006,136586;137121;142040,Langley Park School for Boys;Harris Academy Beckenham;Orchard Park High School,225;1389;1551,2;1;2,2.0,C3: grade 2 not better than comparator median 2.0,C3: grade 2 not better than comparator median 2.0,False
136551,Newstead Wood School,Bromley,Academy converter,Secondary,Girls,Open,Selective,None,544472.0,165153.0,136551 < 101671,1677-09-21,1.0,2014-06-04,136551,136355;136466;136517,Darrick Wood School;Bishop Justus CofE School;Ravens Wood School,705;2645;2682,2;2;2,2.0,"C2 (GIAS): Selective, religious character None","C2 (GIAS): Selective, religious character None",False
101671,Newstead Wood School for Girls,Bromley,Foundation school,Secondary,Girls,Closed,Selective,None,544472.0,165153.0,101671,1677-09-21,1.0,2010-06-21,101671,136355;136466;136517,Darrick Wood School;Bishop Justus CofE School;Ravens Wood School,705;2645;2682,2;2;2,2.0,C1: closed 2011-03-31,"C1: closed 2011-03-31 | C2 (GIAS): Selective, religious character None",False
136464,Orion Coopers,Bromley,Academy converter,Secondary,Mixed,Open,Non-selective,None,544319.0,169675.0,136464 < 101667,1969-01-01,2.0,2014-02-14,136464,136467;136709;136281,Chislehurst School for Girls;Bullers Wood School;Kemnal Technology College,1624;1788;2584,2;1;4,2.0,C3: grade 2 not better than comparator median 2.0,C3: grade 2 not better than comparator median 2.0,False
144465,Orion Eden Park,Bromley,Free schools,Secondary,Mixed,Open,Non-selective,None,536514.0,167959.0,144465,2017-09-01,,,,137121;142040;136586,Harris Academy Beckenham;Orchard Park High School;Langley Park School for Boys,1116;1190;1412,1;2;2,2.0,C1: opened 2017-09-01,C1: opened 2017-09-01 | C3: no grade in force on 2020-01-01,False
101669,Ravens Wood School,Bromley,Foundation school,Secondary,Boys,Closed,Non-selective,None,541797.0,165342.0,101669,1677-09-21,,,,136517;136644;136466,Ravens Wood School;Hayes School;Bishop Justus CofE School,0;1268;1414,2;1;2,2.0,C1: closed 2011-03-31,C1: closed 2011-03-31 | C3: no grade in force on 2020-01-01,False
136517,Ravens Wood School,Bromley,Academy converter,Secondary,Boys,Open,Non-selective,None,541797.0,165342.0,136517 < 101669,1677-09-21,2.0,2018-06-11,136517,136644;136466;136355,Hayes School;Bishop Justus CofE School;Darrick Wood School,1268;1414;2046,1;2;2,2.0,C3: grade 2 not better than comparator median 2.0,C3: grade 2 not better than comparator median 2.0,False
126795,Ravensbourne School for Boys,Bromley,Community school,Secondary,Boys,Closed,Non-selective,Does not apply,540682.0,168046.0,126795,1677-09-21,,,,136540;136466;136644,The Ravensbourne School;Bishop Justus CofE School;Hayes School,0;2129;2233,2;2;1,2.0,C1: closed 1989-08-31,C1: closed 1989-08-31 | C3: no grade in force on 2020-01-01,False
126794,Ravensbourne School for Girls,Bromley,Community school,Secondary,Girls,Closed,Non-selective,Does not apply,540682.0,168046.0,126794,1677-09-21,,,,136540;136466;136644,The Ravensbourne School;Bishop Justus CofE School;Hayes School,0;2129;2233,2;2;1,2.0,C1: closed 1989-08-31,C1: closed 1989-08-31 | C3: no grade in force on 2020-01-01,False
101676,St Olave's and St Saviour's Grammar School,Bromley,Voluntary aided school,Secondary,Boys,Open,Selective,Church of England,546558.0,165140.0,101676,1677-09-21,1.0,2014-03-28,101676,143427;136355;136466,Harris Academy Orpington;Darrick Wood School;Bishop Justus CofE School,1237;2764;4522,3;2;2,2.0,C1: type Voluntary aided school,"C1: type Voluntary aided school | C2 (GIAS): Selective, religious character Church of England",False
101659,The Priory School,Bromley,Foundation school,Secondary,Mixed,Closed,Non-selective,None,547332.0,166105.0,101659,1677-09-21,2.0,2012-02-22,101659,143427;136355;136281,Harris Academy Orpington;Darrick Wood School;Kemnal Technology College,0;3719;4130,3;2;4,3.0,C1: closed 2012-04-30,C1: closed 2012-04-30,False
138114,The Priory School,Bromley,Academy converter,Secondary,Mixed,Closed,Non-selective,None,547332.0,166105.0,138114 < 101659,1677-09-21,4.0,2016-05-12,138114,143427;136355;136281,Harris Academy Orpington;Darrick Wood School;Kemnal Technology College,0;3719;4130,3;2;4,3.0,C1: closed 2016-08-31,C1: closed 2016-08-31 | C3: grade 4 not better than comparator median 3.0,False
126796,The Ramsden Boys' School,Bromley,Community school,Secondary,Boys,Closed,Non-selective,Does not apply,547240.0,165902.0,126796,1677-09-21,,,,143427;136355;136281,Harris Academy Orpington;Darrick Wood School;Kemnal Technology College,223;3571;4323,3;2;4,3.0,C1: closed 1990-08-31,C1: closed 1990-08-31 | C3: no grade in force on 2020-01-01,False
126797,The Ramsden Girls' School,Bromley,Community school,Secondary,Girls,Closed,Non-selective,Does not apply,547240.0,165902.0,126797,1677-09-21,,,,143427;136355;136281,Harris Academy Orpington;Darrick Wood School;Kemnal Technology College,223;3571;4323,3;2;4,3.0,C1: closed 1990-08-31,C1: closed 1990-08-31 | C3: no grade in force on 2020-01-01,False
101679,The Ravensbourne School,Bromley,Foundation school,Secondary,Mixed,Closed,Non-selective,None,540682.0,168046.0,101679,1677-09-21,2.0,2010-03-05,101679,136540;136466;136644,The Ravensbourne School;Bishop Justus CofE School;Hayes School,0;2129;2233,2;2;1,2.0,C1: closed 2011-03-31,C1: closed 2011-03-31 | C3: grade 2 not better than comparator median 2.0,False
136540,The Ravensbourne School,Bromley,Academy converter,Secondary,Mixed,Open,Non-selective,None,540682.0,168046.0,136540 < 101679,1677-09-21,2.0,2014-10-23,136540,136466;136644;136709,Bishop Justus CofE School;Hayes School;Bullers Wood School,2129;2233;2519,2;1;1,1.0,C3: grade 2 not better than comparator median 1.0,C3: grade 2 not better than comparator median 1.0,False
126798,The Walsingham School,Bromley,Community school,Secondary,Mixed,Closed,Non-selective,Does not apply,546476.0,169521.0,126798,1677-09-21,,,,136281;136467;136464,Kemnal Technology College;Chislehurst School for Girls;Orion Coopers,780;1781;2162,4;2;2,2.0,C1: closed 1990-08-31,C1: closed 1990-08-31 | C3: no grade in force on 2020-01-01,False
100053,Acland Burghley School,Camden,Community school,Secondary,Mixed,Open,Non-selective,Does not apply,528962.0,185931.0,100053,1677-09-21,2.0,2018-04-18,100053,100050;100059;100056,Parliament Hill School;La Sainte Union Catholic Secondary School;William Ellis School,599;638;705,2;2;2,2.0,C3: grade 2 not better than comparator median 2.0,C3: grade 2 not better than comparator median 2.0,False
100052,Hampstead School,Camden,Community school,Secondary,Mixed,Open,Non-selective,Does not apply,524402.0,185633.0,100052,1677-09-21,2.0,2012-02-27,100052,138609;137361;142627,Queens Park Community School;Clarion;Menorah High School for Girls,1886;2144;2380,2;2;2,2.0,C3: grade 2 not better than comparator median 2.0,C3: grade 2 not better than comparator median 2.0,False
100049,Haverstock School,Camden,Community school,Secondary,Mixed,Open,Non-selective,Does not apply,528159.0,184498.0,100049,1677-09-21,2.0,2019-07-18,100049,100054;137181;100050,The Camden School for Girls;The UCL Academy;Parliament Hill School,1292;1350;1535,1;2;2,2.0,C3: grade 2 not better than comparator median 2.0,C3: grade 2 not better than comparator median 2.0,False
100059,La Sainte Union Catholic Secondary School,Camden,Voluntary aided school,Secondary,Girls,Open,Non-selective,Roman Catholic,528379.0,186191.0,100059,1677-09-21,2.0,2010-11-26,100059,100050;100056;100053,Parliament Hill School;William Ellis School;Acland Burghley School,172;181;638,2;2;2,2.0,C1: type Voluntary aided school,"C1: type Voluntary aided school | C2 (GIAS): Non-selective, religious character Roman Catholic | C3: grade 2 not better than comparator median 2.0",False
100055,Maria Fidelis Catholic School FCJ,Camden,Voluntary aided school,Secondary,Mixed,Open,Non-selective,Roman Catholic,529642.0,182873.0,100055,1677-09-21,2.0,2013-04-15,100055,100051;100457;137353,Regent High School;Elizabeth Garrett Anderson School;The St Marylebone CofE School,491;1416;1613,2;1;1,1.0,C1: type Voluntary aided school,"C1: type Voluntary aided school | C2 (GIAS): Non-selective, religious character Roman Catholic | C3: grade 2 not better than comparator median 1.0",False
100050,Parliament Hill School,Camden,Community school,Secondary,Girls,Open,Non-selective,Does not apply,528369.0,186019.0,100050,1677-09-21,2.0,2013-12-16,100050,100056;100059;100053,William Ellis School;La Sainte Union Catholic Secondary School;Acland Burghley School,106;172;599,2;2;2,2.0,C3: grade 2 not better than comparator median 2.0,C3: grade 2 not better than comparator median 2.0,False
100051,Regent High School,Camden,Community school,Secondary,Mixed,Open,Non-selective,Does not apply,529555.0,183356.0,100051,1677-09-21,2.0,2013-01-08,100051,100055;100054;100457,Maria Fidelis Catholic School FCJ;The Camden School for Girls;Elizabeth Garrett Anderson School,491;1308;1456,2;1;1,1.0,C3: grade 2 not better than comparator median 1.0,C3: grade 2 not better than comparator median 1.0,False
100057,St Richard of Chichester School,Camden,Voluntary aided school,Secondary,Mixed,Closed,Non-selective,None,529066.0,184477.0,100057,1677-09-21,,,,100054;100049;100051,The Camden School for Girls;Haverstock School;Regent High School,417;907;1223,1;2;2,2.0,C1: type Voluntary aided school; closed 1998-07-31,C1: type Voluntary aided school; closed 1998-07-31 | C3: no grade in force on 2020-01-01,False
100054,The Camden School for Girls,Camden,Voluntary aided school,Secondary,Girls,Open,Non-selective,None,529441.0,184659.0,100054,1677-09-21,1.0,2007-12-21,100054,100453;100049;100051,Beacon High;Haverstock School;Regent High School,913;1292;1308,3;2;2,2.0,C1: type Voluntary aided school,C1: type Voluntary aided school,False
137181,The UCL Academy,Camden,Academy sponsor led,Secondary,Mixed,Open,Non-selective,Does not apply,526867.0,184105.0,137181,2012-09-01,2.0,2016-09-08,137181,145126;100049;139369,Harris Academy St John's Wood;Haverstock School;St George's Catholic School,530;1350;1452,4;2;1,2.0,C3: grade 2 not better than comparator median 2.0,C3: grade 2 not better than comparator median 2.0,False
100056,William Ellis School,Camden,Voluntary aided school,Secondary,Boys,Open,Non-selective,None,528267.0,186049.0,100056,1677-09-21,2.0,2017-04-25,100056,100050;100059;100053,Parliament Hill School;La Sainte Union Catholic Secondary School;Acland Burghley School,106;181;705,2;2;2,2.0,C1: type Voluntary aided school,C1: type Voluntary aided school | C3: grade 2 not better than comparator median 2.0,False
101810,Addington High School,Croydon,Community school,Secondary,Mixed,Closed,Non-selective,Does not apply,539321.0,161259.0,101810,1677-09-21,,,,143846;136545;136203,Meridian High School;Charles Darwin School;The Quest Academy,0;3826;3892,3;2;2,2.0,C1: closed 2013-05-31,C1: closed 2013-05-31 | C3: no grade in force on 2020-01-01,False
101811,Archbishop Tenison's CofE High School,Croydon,Voluntary aided school,Secondary,Mixed,Open,Non-selective,Church of England,533615.0,165122.0,101811,1677-09-21,2.0,2013-06-10,101811,101814;101813;140952,St Mary's Catholic High School;St Andrew's CofE School;Harris Invictus Academy Croydon,1674;1947;1958,2;4;1,2.0,C1: type Voluntary aided school,"C1: type Voluntary aided school | C2 (GIAS): Non-selective, religious character Church of England | C3: grade 2 not better than comparator median 2.0",False
147832,Ark Blake Academy,Croydon,Free schools,Secondary,Mixed,Open,Non-selective,None,533445.0,166426.0,147832,2020-09-01,,,,101814;101811;140952,St Mary's Catholic High School;Archbishop Tenison's CofE High School;Harris Invictus Academy Croydon,988;1315;1404,2;2;1,2.0,C1: opened 2020-09-01,C1: opened 2020-09-01 | C3: no grade in force on 2020-01-01,False
101808,Ashburton Community School,Croydon,Community school,Secondary,Mixed,Closed,Non-selective,Does not apply,534881.0,166671.0,101808,1677-09-21,,,,135968;140209;142040,Oasis Academy Shirley Park;Oasis Academy Arena;Orchard Park High School,23;1121;1700,2;3;2,2.0,C1: closed 2009-08-31,C1: closed 2009-08-31 | C3: no grade in force on 2020-01-01,False
101823,Coloma Convent Girls' School,Croydon,Voluntary aided school,Secondary,Girls,Closed,Non-selective,Roman Catholic,535681.0,165164.0,101823,1677-09-21,1.0,2010-03-05,101823,137772;135968;142040,Shirley High School Performing Arts College;Oasis Academy Shirley Park;Orchard Park High School,204;1690;1840,3;2;2,2.0,C1: type Voluntary aided school; closed 2022-10-31,"C1: type Voluntary aided school; closed 2022-10-31 | C2 (GIAS): Non-selective, religious character Roman Catholic",False
149347,Coloma Convent Girls' School,Croydon,Academy converter,Secondary,Girls,Open,Non-selective,Roman Catholic,535681.0,165164.0,149347 < 101823,1677-09-21,1.0,2010-03-05,101823,137772;135968;142040,Shirley High School Performing Arts College;Oasis Academy Shirley Park;Orchard Park High School,204;1690;1840,3;2;2,2.0,"C2 (GIAS): Non-selective, religious character Roman Catholic","C2 (GIAS): Non-selective, religious character Roman Catholic",False
101822,Coulsdon High School,Croydon,Foundation school,Secondary,Mixed,Closed,Non-selective,None,531809.0,157251.0,101822,1677-09-21,,,,135654;143808;138178,Oasis Academy Coulsdon;de Stafford School;Riddlesdown Collegiate,242;1937;3361,2;2;1,2.0,C1: closed 2008-08-31,C1: closed 2008-08-31 | C3: no grade in force on 2020-01-01,False
101819,Edenham High School,Croydon,Foundation school,Secondary,Mixed,Closed,Non-selective,None,536578.0,166771.0,101819,1677-09-21,2.0,2011-12-03,101819,142040;136586;137006,Orchard Park High School;Langley Park School for Boys;Langley Park School for Girls,0;1360;1551,2;2;2,2.0,C1: closed 2015-08-31,C1: closed 2015-08-31 | C3: grade 2 not better than comparator median 2.0,False
101809,Haling Manor High School,Croydon,Foundation school,Secondary,Mixed,Closed,Non-selective,None,531752.0,163271.0,101809,1677-09-21,3.0,2007-11-29,101809,135955;101821;101813,Harris Academy Purley;Thomas More Catholic School;St Andrew's CofE School,75;1270;1808,1;2;4,2.0,C1: closed 2009-08-31,C1: closed 2009-08-31 | C3: grade 3 not better than comparator median 2.0,False
139906,Harris Academy Upper Norwood,Croydon,Academy sponsor led,Secondary,Girls,Closed,Non-selective,Does not apply,532610.0,170018.0,139906 < 101805,1677-09-21,,,,131280;100624;138221,Virgo Fidelis Convent Senior School;The Norwood School;St Joseph's College,871;1116;1178,2;2;2,2.0,C1: closed 2017-08-31,C1: closed 2017-08-31 | C3: no grade in force on 2020-01-01,False
126812,John Ruskin High School,Croydon,Community school,Secondary,Mixed,Closed,Non-selective,Does not apply,536384.0,163149.0,126812,1677-09-21,,,,136203;137772;101823,The Quest Academy;Shirley High School Performing Arts College;Coloma Convent Girls' School,482;2102;2134,2;3;1,2.0,C1: closed 1988-08-31,C1: closed 1988-08-31 | C3: no grade in force on 2020-01-01,False
126819,John Ruskin Sixth Form College,Croydon,Community school,Secondary,,Closed,,Does not apply,,,126819,1677-09-21,,,,,,,,,C1: closed 1993-03-31; no coordinates,C1: closed 1993-03-31; no coordinates,False
139074,Meridian High School,Croydon,Academy sponsor led,Secondary,Mixed,Closed,Non-selective,Does not apply,539321.0,161259.0,139074 < 101810,1677-09-21,3.0,2015-04-20,139074,143846;136545;136203,Meridian High School;Charles Darwin School;The Quest Academy,0;3826;3892,3;2;2,2.0,C1: closed 2016-09-30,C1: closed 2016-09-30 | C3: grade 3 not better than comparator median 2.0,False
143846,Meridian High School,Croydon,Academy sponsor led,Secondary,Mixed,Open,,None,539321.0,161259.0,143846 < 139074 < 101810,1677-09-21,3.0,2019-05-20,143846,136545;136203;136644,Charles Darwin School;The Quest Academy;Hayes School,3826;3892;4737,2;2;1,2.0,C3: grade 3 not better than comparator median 2.0,C3: grade 3 not better than comparator median 2.0,False
137754,Norbury High School for Girls,Croydon,Academy converter,Secondary,Girls,Open,Non-selective,None,531181.0,169684.0,137754 < 101824,1677-09-21,2.0,2013-06-28,137754,138221;100590;100638,St Joseph's College;Woodmansterne School;Bishop Thomas Grant Catholic Secondary School,1189;1439;1573,2;2;1,2.0,C3: grade 2 not better than comparator median 2.0,C3: grade 2 not better than comparator median 2.0,False
101824,Norbury Manor Business and Enterprise College for Girls,Croydon,Foundation school,Secondary,Girls,Closed,Non-selective,None,531181.0,169684.0,101824,1677-09-21,1.0,2010-07-01,101824,137754;138221;100590,Norbury High School for Girls;St Joseph's College;Woodmansterne School,0;1189;1439,2;2;2,2.0,C1: closed 2011-12-31,C1: closed 2011-12-31,False
140209,Oasis Academy Arena,Croydon,Academy sponsor led,Secondary,Mixed,Open,Not applicable,None,534919.0,167791.0,140209,2015-09-01,3.0,2019-12-17,140209,135968;135249;142040,Oasis Academy Shirley Park;Harris Academy South Norwood;Orchard Park High School,1143;1238;1947,2;1;2,2.0,C1: opened 2015-09-01,C1: opened 2015-09-01 | C3: grade 3 not better than comparator median 2.0,False
135654,Oasis Academy Coulsdon,Croydon,Academy sponsor led,Secondary,Mixed,Open,Non-selective,Does not apply,531589.0,157353.0,135654 < 101822,1677-09-21,2.0,2015-03-26,135654,143808;138178;138928,de Stafford School;Riddlesdown Collegiate;Warlingham School,2178;3378;3682,2;1;2,2.0,C3: grade 2 not better than comparator median 2.0,C3: grade 2 not better than comparator median 2.0,False
135968,Oasis Academy Shirley Park,Croydon,Academy sponsor led,Secondary,Mixed,Open,Non-selective,Does not apply,534874.0,166649.0,135968 < 101808 < 101709 < 101710,1677-09-21,2.0,2019-06-16,135968,140209;101823;142040,Oasis Academy Arena;Coloma Convent Girls' School;Orchard Park High School,1143;1690;1708,3;1;2,2.0,C3: grade 2 not better than comparator median 2.0,C3: grade 2 not better than comparator median 2.0,False
142040,Orchard Park High School,Croydon,Academy sponsor led,Secondary,Mixed,Open,Non-selective,None,536578.0,166771.0,142040 < 101819,1677-09-21,2.0,2018-11-16,142040,136586;137006;135968,Langley Park School for Boys;Langley Park School for Girls;Oasis Academy Shirley Park,1360;1551;1708,2;2;2,2.0,C3: grade 2 not better than comparator median 2.0,C3: grade 2 not better than comparator median 2.0,False
126815,Purley Boys' High School,Croydon,Community school,Secondary,Boys,Closed,Non-selective,Does not apply,531095.0,157960.0,126815,1677-09-21,,,,135654;143808;138187,Oasis Academy Coulsdon;de Stafford School;Woodcote High School,783;2874;3105,2;2;2,2.0,C1: closed 1988-08-31,C1: closed 1988-08-31 | C3: no grade in force on 2020-01-01,False
126816,Purley Girls' High School,Croydon,Community school,Secondary,Girls,Closed,Non-selective,Does not apply,529653.0,159496.0,126816,1677-09-21,,,,138187;135654;103009,Woodcote High School;Oasis Academy Coulsdon;The John Fisher School,1198;2888;2899,2;2;2,2.0,C1: closed 1988-08-31,C1: closed 1988-08-31 | C3: no grade in force on 2020-01-01,False
126818,Purley Sixth Form College,Croydon,Community school,Secondary,,Closed,,Does not apply,,,126818,1677-09-21,,,,,,,,,C1: closed 1993-03-31; no coordinates,C1: closed 1993-03-31; no coordinates,False
101818,Riddlesdown Collegiate,Croydon,Foundation school,Secondary,Mixed,Closed,Non-selective,None,533324.0,160251.0,101818,1677-09-21,2.0,2011-11-07,101818,138178;138928;101821,Riddlesdown Collegiate;Warlingham School;Thomas More Catholic School,0;1619;3034,1;2;2,2.0,C1: closed 2012-05-31,C1: closed 2012-05-31 | C3: grade 2 not better than comparator median 2.0,False
126813,Selhurst Boys' High School,Croydon,Community school,Secondary,Boys,Closed,Non-selective,Does not apply,532743.0,167563.0,126813,1677-09-21,,,,101814;140952;135249,St Mary's Catholic High School;Harris Invictus Academy Croydon;Harris Academy South Norwood,1260;1447;1630,2;1;1,1.0,C1: closed 1988-08-31,C1: closed 1988-08-31 | C3: no grade in force on 2020-01-01,False
126814,Selhurst Girls' High School,Croydon,Community school,Secondary,Girls,Closed,Non-selective,Does not apply,532440.0,166172.0,126814,1677-09-21,,,,101814;140952;101813,St Mary's Catholic High School;Harris Invictus Academy Croydon;St Andrew's CofE School,164;412;1339,2;1;4,2.0,C1: closed 1988-08-31,C1: closed 1988-08-31 | C3: no grade in force on 2020-01-01,False
101804,Selhurst Mathematics and Computing Specialist School,Croydon,Community school,Secondary,Boys,Closed,Non-selective,Does not apply,532809.0,167432.0,101804,1677-09-21,,,,101814;140952;135249,St Mary's Catholic High School;Harris Invictus Academy Croydon;Harris Academy South Norwood,1151;1370;1669,2;1;1,1.0,C1: closed 2008-08-31,C1: closed 2008-08-31 | C3: no grade in force on 2020-01-01,False
101807,Selsdon High School,Croydon,Community school,Secondary,Mixed,Closed,Non-selective,Does not apply,535903.0,163120.0,101807,1677-09-21,,,,136203;101823;137772,The Quest Academy;Coloma Convent Girls' School;Shirley High School Performing Arts College,0;2056;2070,2;1;3,2.0,C1: closed 2010-08-31,C1: closed 2010-08-31 | C3: no grade in force on 2020-01-01,False
101825,Shirley High School Performing Arts College,Croydon,Foundation school,Secondary,Mixed,Closed,Non-selective,None,535883.0,165190.0,101825,1677-09-21,,,,137772;101823;142040,Shirley High School Performing Arts College;Coloma Convent Girls' School;Orchard Park High School,0;204;1727,3;1;2,2.0,C1: closed 2011-12-31,C1: closed 2011-12-31 | C3: no grade in force on 2020-01-01,False
137772,Shirley High School Performing Arts College,Croydon,Academy converter,Secondary,Mixed,Open,Non-selective,None,535883.0,165190.0,137772 < 101825,1677-09-21,3.0,2019-03-04,137772,101823;142040;135968,Coloma Convent Girls' School;Orchard Park High School;Oasis Academy Shirley Park,204;1727;1774,1;2;2,2.0,C3: grade 3 not better than comparator median 2.0,C3: grade 3 not better than comparator median 2.0,False
126820,St Andrew's CofE High School,Croydon,Voluntary controlled school,Secondary,,Closed,,None,,,126820,1677-09-21,,,,,,,,,C1: closed 1989-08-31; no coordinates,C1: closed 1989-08-31; no coordinates,False
101813,St Andrew's CofE School,Croydon,Voluntary aided school,Secondary,Mixed,Closed,Non-selective,Church of England,531669.0,165077.0,101813,1900-01-01,4.0,2019-03-27,101813,140952;101814;135955,Harris Invictus Academy Croydon;St Mary's Catholic High School;Harris Academy Purley,1274;1487;1825,1;2;1,1.0,C1: type Voluntary aided school; closed 2020-08-31,"C1: type Voluntary aided school; closed 2020-08-31 | C2 (GIAS): Non-selective, religious character Church of England | C3: grade 4 not better than comparator median 1.0",False
101820,St Joseph's College,Croydon,Voluntary aided school,Secondary,Boys,Closed,Non-selective,Roman Catholic,531693.0,170757.0,101820,1677-09-21,,,,138221;100624;131280,St Joseph's College;The Norwood School;Virgo Fidelis Convent Senior School,0;614;905,2;2;2,2.0,C1: type Voluntary aided school; closed 2012-05-31,"C1: type Voluntary aided school; closed 2012-05-31 | C2 (GIAS): Non-selective, religious character Roman Catholic | C3: no grade in force on 2020-01-01",False
138221,St Joseph's College,Croydon,Academy converter,Secondary,Boys,Open,Non-selective,Roman Catholic,531693.0,170757.0,138221 < 101820,1677-09-21,2.0,2016-05-19,138221,100624;131280;100638,The Norwood School;Virgo Fidelis Convent Senior School;Bishop Thomas Grant Catholic Secondary School,614;905;929,2;2;1,2.0,"C2 (GIAS): Non-selective, religious character Roman Catholic","C2 (GIAS): Non-selective, religious character Roman Catholic | C3: grade 2 not better than comparator median 2.0",False
101814,St Mary's Catholic High School,Croydon,Voluntary aided school,Secondary,Mixed,Open,Non-selective,Roman Catholic,532461.0,166335.0,101814,1677-09-21,2.0,2017-02-27,101814,140952;101813;101811,Harris Invictus Academy Croydon;St Andrew's CofE School;Archbishop Tenison's CofE High School,416;1487;1674,1;4;2,2.0,C1: type Voluntary aided school,"C1: type Voluntary aided school | C2 (GIAS): Non-selective, religious character Roman Catholic | C3: grade 2 not better than comparator median 2.0",False
101812,Stanley Technical High School for Boys,Croydon,Voluntary aided school,Secondary,Boys,Closed,Non-selective,None,533607.0,167088.0,101812,1677-09-21,,,,135968;101814;140209,Oasis Academy Shirley Park;St Mary's Catholic High School;Oasis Academy Arena,1341;1371;1488,2;2;3,2.0,C1: type Voluntary aided school; closed 2007-08-31,C1: type Voluntary aided school; closed 2007-08-31 | C3: no grade in force on 2020-01-01,False
126817,Sylvan High School,Croydon,Community school,Secondary,,Closed,,Does not apply,,,126817,1677-09-21,,,,,,,,,C1: closed 1990-08-31; no coordinates,C1: closed 1990-08-31; no coordinates,False
141210,The Archbishop Lanfranc Academy,Croydon,Academy sponsor led,Secondary,Mixed,Open,,None,530167.0,167455.0,141210 < 101826,1677-09-21,2.0,2017-05-12,141210,131897;140952;134003,Harris Academy Merton;Harris Invictus Academy Croydon;St Mark's Church of England Academy,1211;2210;2356,1;1;2,1.0,C3: grade 2 not better than comparator median 1.0,C3: grade 2 not better than comparator median 1.0,False
101826,The Archbishop Lanfranc School,Croydon,Foundation school,Secondary,Mixed,Closed,Non-selective,None,530167.0,167455.0,101826,1677-09-21,4.0,2013-10-23,101826,141210;131897;140952,The Archbishop Lanfranc Academy;Harris Academy Merton;Harris Invictus Academy Croydon,0;1211;2210,2;1;1,1.0,C1: closed 2014-08-31,C1: closed 2014-08-31 | C3: grade 4 not better than comparator median 1.0,False
136203,The Quest Academy,Croydon,Academy sponsor led,Secondary,Mixed,Open,Non-selective,Does not apply,535903.0,163120.0,136203 < 101807,1677-09-21,2.0,2015-06-25,136203,101823;137772;101811,Coloma Convent Girls' School;Shirley High School Performing Arts College;Archbishop Tenison's CofE High School,2056;2070;3040,1;3;2,2.0,C3: grade 2 not better than comparator median 2.0,C3: grade 2 not better than comparator median 2.0,False
101821,Thomas More Catholic School,Croydon,Voluntary aided school,Secondary,Mixed,Open,Non-selective,Roman Catholic,531024.0,162230.0,101821,1677-09-21,2.0,2019-06-03,101821,103009;135955;138187,The John Fisher School;Harris Academy Purley;Woodcote High School,966;1305;2079,2;1;2,2.0,C1: type Voluntary aided school,"C1: type Voluntary aided school | C2 (GIAS): Non-selective, religious character Roman Catholic | C3: grade 2 not better than comparator median 2.0",False
131280,Virgo Fidelis Convent Senior School,Croydon,Voluntary aided school,Secondary,Girls,Closed,Non-selective,Roman Catholic,532588.0,170889.0,131280,1997-09-01,2.0,2013-12-07,131280,100624;138221;136309,The Norwood School;St Joseph's College;Kingsdale Foundation School,404;905;1371,2;2;1,2.0,C1: type Voluntary aided school; closed 2021-08-31,"C1: type Voluntary aided school; closed 2021-08-31 | C2 (GIAS): Non-selective, religious character Roman Catholic | C3: grade 2 not better than comparator median 2.0",False
101805,Westwood Girls' College for Languages and Arts,Croydon,Community school,Secondary,Girls,Closed,Non-selective,Does not apply,532610.0,170018.0,101805,1677-09-21,,,,131280;100624;138221,Virgo Fidelis Convent Senior School;The Norwood School;St Joseph's College,871;1116;1178,2;2;2,2.0,C1: closed 2013-08-31,C1: closed 2013-08-31 | C3: no grade in force on 2020-01-01,False
101806,Woodcote High School,Croydon,Foundation school,Secondary,Mixed,Closed,Non-selective,Does not apply,529623.0,160694.0,101806,1677-09-21,,,,138187;103009;101821,Woodcote High School;The John Fisher School;Thomas More Catholic School,0;1729;2079,2;2;2,2.0,C1: closed 2012-05-31,C1: closed 2012-05-31 | C3: no grade in force on 2020-01-01,False
138187,Woodcote High School,Croydon,Academy converter,Secondary,Mixed,Open,Non-selective,Does not apply,529623.0,160694.0,138187 < 101806,1677-09-21,2.0,2015-02-12,138187,103009;101821;147538,The John Fisher School;Thomas More Catholic School;Oaks Park High School,1729;2079;2501,2;2;4,2.0,C3: grade 2 not better than comparator median 2.0,C3: grade 2 not better than comparator median 2.0,False
101932,Acton High School,Ealing,Community school,Secondary,Mixed,Closed,Non-selective,Does not apply,519461.0,179847.0,101932,1677-09-21,4.0,2017-05-24,101932,146318;137546;101941,Ark Acton Academy;Twyford Church of England High School;The Ellen Wilkinson School for Girls,78;556;1434,4;1;1,1.0,C1: closed 2018-08-31,C1: closed 2018-08-31 | C3: grade 4 not better than comparator median 1.0,False
145724,Ada Lovelace Church of England High School,Ealing,Free schools,Secondary,Mixed,Open,Non-selective,Church of England,518529.0,181385.0,145724,2018-09-01,,,,101941;137546;146318,The Ellen Wilkinson School for Girls;Twyford Church of England High School;Ark Acton Academy,427;1498;1724,1;1;4,1.0,C1: opened 2018-09-01,"C1: opened 2018-09-01 | C2 (GIAS): Non-selective, religious character Church of England | C3: no grade in force on 2020-01-01",False
134369,Alec Reed Academy,Ealing,Academy sponsor led,All-through,Mixed,Open,Non-selective,Does not apply,512270.0,183969.0,134369 < 101871 < 101929,1677-09-21,2.0,2015-05-21,134369,101943;101940;136711,Islip Manor High School;Greenford High School;Queensmead School,1088;1629;1641,2;1;1,1.0,C3: grade 2 not better than comparator median 1.0,C3: grade 2 not better than comparator median 1.0,False
146318,Ark Acton Academy,Ealing,Academy sponsor led,Secondary,Mixed,Open,Non-selective,Does not apply,519402.0,179898.0,146318 < 101932,1677-09-21,4.0,2017-05-24,101932,137546;101941;142654,Twyford Church of England High School;The Ellen Wilkinson School for Girls;Ealing Fields Church of England High School,531;1364;2387,1;1;2,1.0,C3: grade 4 not better than comparator median 1.0,C3: grade 4 not better than comparator median 1.0,False
147863,Ark Soane Academy,Ealing,Free schools,Secondary,Mixed,Open,Non-selective,None,519694.0,180150.0,147863,2021-09-01,,,,137546;146318;101941,Twyford Church of England High School;Ark Acton Academy;The Ellen Wilkinson School for Girls,233;386;1292,1;4;1,1.0,C1: opened 2021-09-01,C1: opened 2021-09-01 | C3: no grade in force on 2020-01-01,False
101939,Brentside High School,Ealing,Foundation school,Secondary,Mixed,Open,Non-selective,None,515266.0,182151.0,101939,1677-09-21,2.0,2011-07-07,101939,101934;137221;139725,The Cardinal Wiseman Catholic School;Drayton Manor High School;William Perkin Church of England High School,858;1214;1373,1;1;1,1.0,C3: grade 2 not better than comparator median 1.0,C3: grade 2 not better than comparator median 1.0,False
101930,Dormers Wells High School,Ealing,Community school,Secondary,Mixed,Closed,Non-selective,Does not apply,513408.0,181163.0,101930,1677-09-21,2.0,2012-06-15,101930,145348;101928;101934,Dormers Wells High School;Villiers High School;The Cardinal Wiseman Catholic School,0;1138;1309,2;1;1,1.0,C1: closed 2017-12-31,C1: closed 2017-12-31 | C3: grade 2 not better than comparator median 1.0,False
145348,Dormers Wells High School,Ealing,Academy converter,Secondary,Mixed,Open,Non-selective,Does not apply,513408.0,181163.0,145348 < 101930,1677-09-21,2.0,2012-06-15,101930,101928;101934;101940,Villiers High School;The Cardinal Wiseman Catholic School;Greenford High School,1138;1309;1473,1;1;1,1.0,C3: grade 2 not better than comparator median 1.0,C3: grade 2 not better than comparator median 1.0,False
101942,Drayton Manor High School,Ealing,Foundation school,Secondary,Mixed,Closed,Non-selective,None,515577.0,180978.0,101942,1677-09-21,2.0,2007-04-23,101942,137221;101939;101934,Drayton Manor High School;Brentside High School;The Cardinal Wiseman Catholic School,0;1214;1533,1;2;1,1.0,C1: closed 2011-07-31,C1: closed 2011-07-31 | C3: grade 2 not better than comparator median 1.0,False
137221,Drayton Manor High School,Ealing,Academy converter,Secondary,Mixed,Open,Non-selective,None,515577.0,180978.0,137221 < 101942,1677-09-21,1.0,2012-06-19,137221,101939;101934;131310,Brentside High School;The Cardinal Wiseman Catholic School;Elthorne Park High School,1214;1533;1823,2;1;1,1.0,C3: grade 1 not better than comparator median 1.0,C3: grade 1 not better than comparator median 1.0,False
142654,Ealing Fields Church of England High School,Ealing,Free schools,Secondary,Mixed,Open,,Church of England,517254.0,178857.0,142654,2016-09-05,2.0,2019-09-10,142654,102545;131310;139095,Gunnersbury Catholic School;Elthorne Park High School;Brentford School for Girls,367;1264;1307,1;1;2,1.0,C1: opened 2016-09-05,"C1: opened 2016-09-05 | C2 (GIAS): , religious character Church of England | C3: grade 2 not better than comparator median 1.0",False
126877,Ealing Green High School,Ealing,Community school,Secondary,Mixed,Closed,,Does not apply,517582.0,180399.0,126877,1677-09-21,,,,101941;142654;146318,The Ellen Wilkinson School for Girls;Ealing Fields Church of England High School;Ark Acton Academy,1519;1576;1888,1;2;4,2.0,C1: closed 1992-08-31,C1: closed 1992-08-31 | C3: no grade in force on 2020-01-01,False
131310,Elthorne Park High School,Ealing,Community school,Secondary,Mixed,Open,Non-selective,Does not apply,516042.0,179215.0,131310,1998-09-01,1.0,2019-04-04,131310,142654;102545;139720,Ealing Fields Church of England High School;Gunnersbury Catholic School;Nishkam School West London,1264;1313;1533,2;1;1,1.0,C3: grade 1 not better than comparator median 1.0,C3: grade 1 not better than comparator median 1.0,False
101931,Featherstone High School,Ealing,Community school,Secondary,Mixed,Closed,Non-selective,Does not apply,512061.0,179053.0,101931,1677-09-21,1.0,2007-02-01,101931,137729;136329;101928,Featherstone High School;Guru Nanak Sikh Academy;Villiers High School,0;1298;1386,1;2;1,1.0,C1: closed 2011-11-30,C1: closed 2011-11-30 | C3: grade 1 not better than comparator median 1.0,False
137729,Featherstone High School,Ealing,Academy converter,Secondary,Mixed,Open,Non-selective,Does not apply,512061.0,179053.0,137729 < 101931,1677-09-21,1.0,2015-02-26,137729,136329;101928;136522,Guru Nanak Sikh Academy;Villiers High School;Cranford Community College,1298;1386;1879,2;1;1,1.0,C3: grade 1 not better than comparator median 1.0,C3: grade 1 not better than comparator median 1.0,False
101940,Greenford High School,Ealing,Foundation school,Secondary,Mixed,Open,Non-selective,None,513180.0,182618.0,101940,1677-09-21,1.0,2011-11-29,101940,101934;145348;139725,The Cardinal Wiseman Catholic School;Dormers Wells High School;William Perkin Church of England High School,1394;1473;1587,1;2;1,1.0,C3: grade 1 not better than comparator median 1.0,C3: grade 1 not better than comparator median 1.0,False
101943,Islip Manor High School,Ealing,Foundation school,Secondary,Mixed,Open,Non-selective,None,512687.0,184974.0,101943,1677-09-21,2.0,2015-09-07,101943,136711;134369;137198,Queensmead School;Alec Reed Academy;Rooks Heath School,1078;1088;1134,1;2;2,2.0,C3: grade 2 not better than comparator median 2.0,C3: grade 2 not better than comparator median 2.0,False
101934,The Cardinal Wiseman Catholic School,Ealing,Voluntary aided school,Secondary,Mixed,Open,Non-selective,Roman Catholic,514424.0,181988.0,101934,1677-09-21,1.0,2018-09-10,101934,101939;145348;139725,Brentside High School;Dormers Wells High School;William Perkin Church of England High School,858;1309;1368,2;2;1,2.0,C1: type Voluntary aided school,"C1: type Voluntary aided school | C2 (GIAS): Non-selective, religious character Roman Catholic",False
101929,The Compton High School and Sports College,Ealing,Community school,Secondary,Mixed,Closed,Non-selective,Does not apply,512270.0,183969.0,101929,1677-09-21,,,,134369;101943;101940,Alec Reed Academy;Islip Manor High School;Greenford High School,0;1088;1629,2;2;1,2.0,C1: closed 2003-09-01,C1: closed 2003-09-01 | C3: no grade in force on 2020-01-01,False
101933,Twyford Church of England High School,Ealing,Voluntary aided school,Secondary,Mixed,Closed,Non-selective,Church of England,519635.0,180375.0,101933,1677-09-21,1.0,2007-05-14,101933,137546;146318;101941,Twyford Church of England High School;Ark Acton Academy;The Ellen Wilkinson School for Girls,0;531;1082,1;4;1,1.0,C1: type Voluntary aided school; closed 2011-09-30,"C1: type Voluntary aided school; closed 2011-09-30 | C2 (GIAS): Non-selective, religious character Church of England | C3: grade 1 not better than comparator median 1.0",False
137546,Twyford Church of England High School,Ealing,Academy converter,Secondary,Mixed,Open,Non-selective,Church of England,519635.0,180375.0,137546 < 101933,1677-09-21,1.0,2012-05-22,137546,146318;101941;143129,Ark Acton Academy;The Ellen Wilkinson School for Girls;Phoenix Academy,531;1082;2778,4;1;2,2.0,"C2 (GIAS): Non-selective, religious character Church of England","C2 (GIAS): Non-selective, religious character Church of England",False
139725,William Perkin Church of England High School,Ealing,Free schools,Secondary,Mixed,Open,Non-selective,Church of England,514590.0,183346.0,139725,2013-09-01,1.0,2015-07-10,139725,101934;101939;101940,The Cardinal Wiseman Catholic School;Brentside High School;Greenford High School,1368;1373;1587,1;2;1,1.0,"C2 (GIAS): Non-selective, religious character Church of England","C2 (GIAS): Non-selective, religious character Church of England | C3: grade 1 not better than comparator median 1.0",False
147536,AIM Academy North London,Enfield,Academy sponsor led,Secondary,Mixed,Open,,None,535338.0,194480.0,147536 < 136157 < 102051,1677-09-21,4.0,2019-01-13,136157,135958;139599;143197,Oasis Academy Hadley;Heron Hall Academy;Edmonton County School,1215;1486;2229,2;2;2,2.0,C3: grade 4 not better than comparator median 2.0,C3: grade 4 not better than comparator median 2.0,False
102057,Albany School,Enfield,Foundation school,Secondary,Mixed,Closed,Non-selective,None,535819.0,198272.0,102057,1677-09-21,3.0,2008-10-23,102057,139815;134311;102058,Ark John Keats Academy;Oasis Academy Enfield;St Ignatius College,109;1211;1434,1;2;2,2.0,C1: closed 2009-08-31,C1: closed 2009-08-31 | C3: grade 3 not better than comparator median 2.0,False
102052,Bishop Stopford's School,Enfield,Voluntary aided school,Secondary,Mixed,Open,Non-selective,Church of England,534676.0,197189.0,102052,1677-09-21,2.0,2015-01-30,102052,136327;139599;139815,Kingsmead School;Heron Hall Academy;Ark John Keats Academy,858;1303;1558,2;2;1,2.0,C1: type Voluntary aided school,"C1: type Voluntary aided school | C2 (GIAS): Non-selective, religious character Church of England | C3: grade 2 not better than comparator median 2.0",False
102049,Chace Community School,Enfield,Community school,Secondary,Mixed,Open,Non-selective,Does not apply,533134.0,197520.0,102049,1677-09-21,3.0,2018-07-20,102049,102048;137094;136327,Enfield County School for Girls;Enfield Grammar School;Kingsmead School,874;970;1523,1;2;2,2.0,C3: grade 3 not better than comparator median 2.0,C3: grade 3 not better than comparator median 2.0,False
102043,Edmonton County School,Enfield,Community school,All-through,Mixed,Closed,Non-selective,Does not apply,533832.0,194710.0,102043,1677-09-21,2.0,2015-01-08,102043,143197;147536;139599,Edmonton County School;AIM Academy North London;Heron Hall Academy,777;1523;1648,2;4;2,2.0,C1: closed 2016-08-31,C1: closed 2016-08-31 | C3: grade 2 not better than comparator median 2.0,False
143197,Edmonton County School,Enfield,Academy converter,All-through,Mixed,Open,Non-selective,Does not apply,533110.0,194422.0,143197 < 102043,1677-09-21,2.0,2015-01-08,102043,102045;136147;147536,Winchmore School;Lift Aylward;AIM Academy North London,1098;1702;2229,2;2;4,2.0,C3: grade 2 not better than comparator median 2.0,C3: grade 2 not better than comparator median 2.0,False
102059,Enfield Grammar School,Enfield,Foundation school,Secondary,Boys,Closed,Non-selective,None,532700.0,196652.0,102059,1677-09-21,,,,137094;102048;102049,Enfield Grammar School;Enfield County School for Girls;Chace Community School,0;140;970,2;1;3,2.0,C1: closed 2011-07-31,C1: closed 2011-07-31 | C3: no grade in force on 2020-01-01,False
137094,Enfield Grammar School,Enfield,Academy converter,Secondary,Boys,Open,Non-selective,None,532700.0,196652.0,137094 < 102059,1677-09-21,2.0,2018-10-18,137094,102048;102049;136327,Enfield County School for Girls;Chace Community School;Kingsmead School,140;970;1538,1;3;2,2.0,C3: grade 2 not better than comparator median 2.0,C3: grade 2 not better than comparator median 2.0,False
139599,Heron Hall Academy,Enfield,Free schools,Secondary,Mixed,Open,Non-selective,Does not apply,534955.0,195916.0,139599,2013-09-02,2.0,2015-07-24,139599,136327;135958;102052,Kingsmead School;Oasis Academy Hadley;Bishop Stopford's School,909;965;1303,2;2;2,2.0,C3: grade 2 not better than comparator median 2.0,C3: grade 2 not better than comparator median 2.0,False
126892,Holy Family Covent RC School,Enfield,Voluntary aided school,Secondary,Girls,Closed,Non-selective,None,532954.0,196276.0,126892,1677-09-21,,,,137094;102048;102049,Enfield Grammar School;Enfield County School for Girls;Chace Community School,454;589;1257,2;1;3,2.0,C1: type Voluntary aided school; closed 1994-08-31,C1: type Voluntary aided school; closed 1994-08-31 | C3: no grade in force on 2020-01-01,False
102044,Kingsmead School,Enfield,Community school,Secondary,Mixed,Closed,Non-selective,Does not apply,534226.0,196459.0,102044,1677-09-21,1.0,2008-01-11,102044,136327;102052;139599,Kingsmead School;Bishop Stopford's School;Heron Hall Academy,0;858;909,2;2;2,2.0,C1: closed 2010-09-30,C1: closed 2010-09-30,False
136327,Kingsmead School,Enfield,Academy converter,Secondary,Mixed,Open,Non-selective,Does not apply,534226.0,196459.0,136327 < 102044,1677-09-21,2.0,2013-05-13,136327,102052;139599;102049,Bishop Stopford's School;Heron Hall Academy;Chace Community School,858;909;1523,2;2;3,2.0,C3: grade 2 not better than comparator median 2.0,C3: grade 2 not better than comparator median 2.0,False
102056,Laurel Park School,Enfield,Foundation school,Secondary,Mixed,Open,Non-selective,None,529904.0,192375.0,102056,1677-09-21,2.0,2015-06-15,102056,102053;139362;137531,St Anne's Catholic High School for Girls;St Thomas More Catholic School;Alexandra Park School,1196;1648;1676,1;1;1,1.0,C3: grade 2 not better than comparator median 1.0,C3: grade 2 not better than comparator median 1.0,False
102050,Lea Valley High School,Enfield,Community school,Secondary,Mixed,Closed,Non-selective,Does not apply,535460.0,199772.0,102050,1677-09-21,2.0,2013-09-09,102050,144084;102058;134311,The Lea Valley Academy;St Ignatius College;Oasis Academy Enfield,0;1255;1529,2;2;2,2.0,C1: closed 2018-04-30,C1: closed 2018-04-30 | C3: grade 2 not better than comparator median 2.0,False
136147,Lift Aylward,Enfield,Academy sponsor led,Secondary,Mixed,Open,Non-selective,Does not apply,532917.0,192731.0,136147 < 102046,1677-09-21,2.0,2013-04-11,136147,102045;143197;102053,Winchmore School;Edmonton County School;St Anne's Catholic High School for Girls,1393;1702;1838,2;2;1,2.0,C3: grade 2 not better than comparator median 2.0,C3: grade 2 not better than comparator median 2.0,False
136157,Nightingale Academy,Enfield,Academy sponsor led,Secondary,Mixed,Closed,Non-selective,Does not apply,535338.0,194582.0,136157 < 102051,1677-09-21,4.0,2019-01-13,136157,147536;135958;139599,AIM Academy North London;Oasis Academy Hadley;Heron Hall Academy,102;1124;1388,4;2;2,2.0,C1: closed 2019-08-31,C1: closed 2019-08-31 | C3: grade 4 not better than comparator median 2.0,False
134311,Oasis Academy Enfield,Enfield,Academy sponsor led,Secondary,Mixed,Open,Non-selective,None,536783.0,199005.0,134311,2007-09-01,2.0,2015-05-22,134311,139815;144084;102058,Ark John Keats Academy;The Lea Valley Academy;St Ignatius College,1225;1529;2246,1;2;2,2.0,C3: grade 2 not better than comparator median 2.0,C3: grade 2 not better than comparator median 2.0,False
135958,Oasis Academy Hadley,Enfield,Academy sponsor led,All-through,Mixed,Open,Non-selective,Does not apply,535859.0,195578.0,135958 < 102057,1677-09-21,2.0,2012-04-17,135958,139599;147536;136327,Heron Hall Academy;AIM Academy North London;Kingsmead School,965;1215;1855,2;4;2,2.0,C3: grade 2 not better than comparator median 2.0,C3: grade 2 not better than comparator median 2.0,False
102047,Southgate School,Enfield,Community school,Secondary,Mixed,Closed,Non-selective,Does not apply,528736.0,195890.0,102047,1677-09-21,1.0,2009-03-05,102047,142727;136658;136308,Southgate School;East Barnet School;Ashmole Academy,0;1041;1959,2;2;1,2.0,C1: closed 2016-03-31,C1: closed 2016-03-31,False
142727,Southgate School,Enfield,Academy converter,Secondary,Mixed,Open,Non-selective,Does not apply,528736.0,195890.0,142727 < 102047,1677-09-21,2.0,2019-11-18,142727,136658;136308;135747,East Barnet School;Ashmole Academy;JCoSS,1041;1959;2201,2;1;2,2.0,C3: grade 2 not better than comparator median 2.0,C3: grade 2 not better than comparator median 2.0,False
126893,St Angela's RC School for Girls,Enfield,Voluntary aided school,Secondary,Girls,Closed,Non-selective,None,531090.0,192526.0,126893,1677-09-21,,,,102053;102056;139362,St Anne's Catholic High School for Girls;Laurel Park School;St Thomas More Catholic School,0;1196;1317,1;2;1,1.0,C1: type Voluntary aided school; closed 1994-08-31,C1: type Voluntary aided school; closed 1994-08-31 | C3: no grade in force on 2020-01-01,False
102053,St Anne's Catholic High School for Girls,Enfield,Voluntary aided school,Secondary,Girls,Open,Non-selective,Roman Catholic,531090.0,192526.0,102053 < 126892 < 126893,1677-09-21,1.0,2017-01-20,102053,102056;139362;137745,Laurel Park School;St Thomas More Catholic School;Mulberry Academy Woodside,1196;1317;1505,2;1;1,1.0,C1: type Voluntary aided school,"C1: type Voluntary aided school | C2 (GIAS): Non-selective, religious character Roman Catholic | C3: grade 1 not better than comparator median 1.0",False
102058,St Ignatius College,Enfield,Voluntary aided school,Secondary,Boys,Open,Non-selective,Roman Catholic,534539.0,198919.0,102058,1677-09-21,2.0,2016-04-18,102058,144084;139815;102052,The Lea Valley Academy;Ark John Keats Academy;Bishop Stopford's School,1255;1529;1735,2;1;2,2.0,C1: type Voluntary aided school,"C1: type Voluntary aided school | C2 (GIAS): Non-selective, religious character Roman Catholic | C3: grade 2 not better than comparator median 2.0",False
102046,The Gladys Aylward School,Enfield,Community school,Secondary,Mixed,Closed,Non-selective,Does not apply,532917.0,192731.0,102046,1677-09-21,3.0,2009-02-11,102046,136147;102045;143197,Lift Aylward;Winchmore School;Edmonton County School,0;1393;1702,2;2;2,2.0,C1: closed 2010-08-31,C1: closed 2010-08-31 | C3: grade 3 not better than comparator median 2.0,False
102055,The Latymer School,Enfield,Voluntary aided school,Secondary,Mixed,Open,Selective,None,533405.0,193668.0,102055,1677-09-21,1.0,2008-02-13,102055,143197;136147;102045,Edmonton County School;Lift Aylward;Winchmore School,810;1056;1277,2;2;2,2.0,C1: type Voluntary aided school,"C1: type Voluntary aided school | C2 (GIAS): Selective, religious character None",False
144084,The Lea Valley Academy,Enfield,Academy converter,Secondary,Mixed,Open,Non-selective,Does not apply,535460.0,199772.0,144084 < 102050,1677-09-21,2.0,2013-09-09,102050,102058;134311;139815,St Ignatius College;Oasis Academy Enfield;Ark John Keats Academy,1255;1529;1646,2;2;1,2.0,C3: grade 2 not better than comparator median 2.0,C3: grade 2 not better than comparator median 2.0,False
102051,Turin Grove School,Enfield,Community school,Secondary,Mixed,Closed,Non-selective,Does not apply,535338.0,194582.0,102051,1677-09-21,,,,147536;135958;139599,AIM Academy North London;Oasis Academy Hadley;Heron Hall Academy,102;1124;1388,4;2;2,2.0,C1: closed 2010-08-31,C1: closed 2010-08-31 | C3: no grade in force on 2020-01-01,False
102045,Winchmore School,Enfield,Community school,Secondary,Mixed,Open,Non-selective,Does not apply,532148.0,193892.0,102045,1677-09-21,2.0,2013-10-24,102045,143197;136147;102053,Edmonton County School;Lift Aylward;St Anne's Catholic High School for Girls,1098;1393;1728,2;2;1,2.0,C3: grade 2 not better than comparator median 2.0,C3: grade 2 not better than comparator median 2.0,False
143924,Wren Academy Enfield,Enfield,Free schools,Secondary,Mixed,Open,Non-selective,Church of England,531485.0,198010.0,143924,2020-09-01,,,,102048;102049;137094,Enfield County School for Girls;Chace Community School;Enfield Grammar School,1697;1720;1822,1;3;2,2.0,C1: opened 2020-09-01,"C1: opened 2020-09-01 | C2 (GIAS): Non-selective, religious character Church of England | C3: no grade in force on 2020-01-01",False
100186,Abbey Wood School,Greenwich,Community school,Secondary,Mixed,Closed,Non-selective,Does not apply,546423.0,179244.0,100186,1677-09-21,,,,105135;141163;145140,St Paul's Academy;Woolwich Polytechnic School;Harris Garrard Academy,153;1153;1854,2;2;4,2.0,C1: closed 2009-08-31,C1: closed 2009-08-31 | C3: no grade in force on 2020-01-01,False
138245,Ark Greenwich Free School,Greenwich,Free schools,Secondary,Mixed,Open,Non-selective,None,542669.0,176775.0,138245,2012-09-01,2.0,2016-06-13,138245,145315;100190;100171,Leigh Academy Halley;Thomas Tallis School;Saint Mary Magdalene Church of England All Through School,866;2005;2224,3;2;2,2.0,C3: grade 2 not better than comparator median 2.0,C3: grade 2 not better than comparator median 2.0,False
100195,Blackheath Bluecoat Church of England School,Greenwich,Voluntary aided school,Secondary,Mixed,Closed,Non-selective,Church of England,540926.0,177226.0,100195,1677-09-21,,,,145315;100190;147439,Leigh Academy Halley;Thomas Tallis School;The John Roan School,1246;1309;1314,3;2;4,3.0,C1: type Voluntary aided school; closed 2014-08-31,"C1: type Voluntary aided school; closed 2014-08-31 | C2 (GIAS): Non-selective, religious character Church of England | C3: no grade in force on 2020-01-01",False
137473,Corelli College,Greenwich,Academy converter,Secondary,Mixed,Closed,Non-selective,Does not apply,542034.0,176480.0,137473 < 100185,1677-09-21,3.0,2016-06-13,137473,145315;138245;100190,Leigh Academy Halley;Ark Greenwich Free School;Thomas Tallis School,166;700;1305,3;2;2,2.0,C1: closed 2018-02-28,C1: closed 2018-02-28 | C3: grade 3 not better than comparator median 2.0,False
100189,Crown Woods College,Greenwich,Community school,Secondary,Mixed,Closed,Non-selective,Does not apply,544345.0,174937.0,100189,1677-09-21,2.0,2010-01-16,100189,141309;135677;141716,Leigh Stationers' Academy;Harris Academy Falconwood;St Thomas More Catholic Comprehensive School,301;904;1259,2;2;1,2.0,C1: closed 2014-08-31,C1: closed 2014-08-31 | C3: grade 2 not better than comparator median 2.0,False
100184,Eaglesfield School,Greenwich,Community school,Secondary,Boys,Closed,Non-selective,Does not apply,543268.0,176919.0,100184,1677-09-21,,,,138245;145315;100183,Ark Greenwich Free School;Leigh Academy Halley;Plumstead Manor School,616;1476;1933,2;3;2,2.0,C1: closed 2005-07-31,C1: closed 2005-07-31 | C3: no grade in force on 2020-01-01,False
100182,Eltham Hill School,Greenwich,Community school,Secondary,Girls,Open,Non-selective,Does not apply,542250.0,174421.0,100182,1677-09-21,2.0,2019-02-11,100182,138449;141716;145315,Harris Academy Greenwich;St Thomas More Catholic Comprehensive School;Leigh Academy Halley,446;1133;2035,1;1;3,1.0,C3: grade 2 not better than comparator median 1.0,C3: grade 2 not better than comparator median 1.0,False
142608,International Academy of Greenwich,Greenwich,Free schools,Secondary,Mixed,Closed,Non-selective,None,539902.0,175059.0,142608,2016-09-05,3.0,2019-09-15,142608,100749;135264;100190,"Trinity Church of England School, Lewisham;St Matthew Academy;Thomas Tallis School",403;1151;1284,2;2;2,2.0,C1: opened 2016-09-05; closed 2021-08-31,C1: opened 2016-09-05; closed 2021-08-31 | C3: grade 3 not better than comparator median 2.0,False
100185,Kidbrooke School,Greenwich,Community school,Secondary,Mixed,Closed,Non-selective,Does not apply,542034.0,176480.0,100185,1677-09-21,,,,145315;138245;100190,Leigh Academy Halley;Ark Greenwich Free School;Thomas Tallis School,166;700;1305,3;2;2,2.0,C1: closed 2011-08-31,C1: closed 2011-08-31 | C3: no grade in force on 2020-01-01,False
145315,Leigh Academy Halley,Greenwich,Academy sponsor led,Secondary,Mixed,Open,,None,541878.0,176422.0,145315 < 137473 < 100185,1677-09-21,3.0,2016-06-13,137473,138245;100190;138449,Ark Greenwich Free School;Thomas Tallis School;Harris Academy Greenwich,866;1139;1962,2;2;1,2.0,C3: grade 3 not better than comparator median 2.0,C3: grade 3 not better than comparator median 2.0,False
141309,Leigh Stationers' Academy,Greenwich,Academy converter,Secondary,Mixed,Open,Non-selective,Does not apply,544337.0,174636.0,141309 < 100189,1677-09-21,2.0,2010-01-16,100189,135677;141716;100182,Harris Academy Falconwood;St Thomas More Catholic Comprehensive School;Eltham Hill School,1060;1093;2098,2;1;2,2.0,C3: grade 2 not better than comparator median 2.0,C3: grade 2 not better than comparator median 2.0,False
100183,Plumstead Manor School,Greenwich,Community school,Secondary,Mixed,Open,Non-selective,Does not apply,544831.0,178057.0,100183,1677-09-21,2.0,2018-06-11,100183,105135;100171;138245,St Paul's Academy;Saint Mary Magdalene Church of England All Through School;Ark Greenwich Free School,1842;1858;2514,2;2;2,2.0,C3: grade 2 not better than comparator median 2.0,C3: grade 2 not better than comparator median 2.0,False
143927,Royal Greenwich Trust School,Greenwich,Free schools,Secondary,Mixed,Open,Non-selective,None,542041.0,179040.0,143927 < 139786,2013-09-01,3.0,2019-02-11,143927,100171;141082;145410,Saint Mary Magdalene Church of England All Through School;Oasis Academy Silvertown;Royal Docks Academy,1158;1852;2159,2;2;3,2.0,C3: grade 3 not better than comparator median 2.0,C3: grade 3 not better than comparator median 2.0,False
139786,Royal Greenwich Utc,Greenwich,University technical college,Secondary,Mixed,Closed,Non-selective,None,542041.0,179040.0,139786,2013-09-01,3.0,2016-04-19,139786,143927;100171;141082,Royal Greenwich Trust School;Saint Mary Magdalene Church of England All Through School;Oasis Academy Silvertown,0;1158;1852,3;2;2,2.0,C1: type University technical college; closed 2016-08-31,C1: type University technical college; closed 2016-08-31 | C3: grade 3 not better than comparator median 2.0,False
100171,Saint Mary Magdalene Church of England All Through School,Greenwich,Voluntary aided school,All-through,Mixed,Open,Non-selective,Church of England,543194.0,178936.0,100171,1677-09-21,2.0,2018-06-20,100171,143927;100183;138245,Royal Greenwich Trust School;Plumstead Manor School;Ark Greenwich Free School,1158;1858;2224,3;2;2,2.0,C1: type Voluntary aided school,"C1: type Voluntary aided school | C2 (GIAS): Non-selective, religious character Church of England | C3: grade 2 not better than comparator median 2.0",False
105135,St Paul's Academy,Greenwich,Academy sponsor led,Secondary,Mixed,Open,Non-selective,Roman Catholic,546278.0,179196.0,105135 < 100194,1677-09-21,2.0,2013-02-13,105135,141163;100183;145140,Woolwich Polytechnic School;Plumstead Manor School;Harris Garrard Academy,1211;1842;2006,2;2;4,2.0,"C2 (GIAS): Non-selective, religious character Roman Catholic","C2 (GIAS): Non-selective, religious character Roman Catholic | C3: grade 2 not better than comparator median 2.0",False
100194,St Paul's Catholic School,Greenwich,Voluntary aided school,Secondary,Mixed,Closed,Non-selective,Roman Catholic,546176.0,177800.0,100194,1677-09-21,,,,100183;105135;136720,Plumstead Manor School;St Paul's Academy;Welling School,1369;1400;1548,2;2;3,2.0,C1: type Voluntary aided school; closed 2005-08-31,"C1: type Voluntary aided school; closed 2005-08-31 | C2 (GIAS): Non-selective, religious character Roman Catholic | C3: no grade in force on 2020-01-01",False
141716,St Thomas More Catholic Comprehensive School,Greenwich,Academy converter,Secondary,Mixed,Open,Non-selective,Catholic,543353.0,174161.0,141716 < 100196,1677-09-21,1.0,2014-06-18,100196,141309;100182;138449,Leigh Stationers' Academy;Eltham Hill School;Harris Academy Greenwich,1093;1133;1576,2;2;1,2.0,"C2 (GIAS): Non-selective, religious character Catholic","C2 (GIAS): Non-selective, religious character Catholic",False
100196,St Thomas More Roman Catholic Comprehensive School,Greenwich,Voluntary aided school,Secondary,Mixed,Closed,Non-selective,Roman Catholic,543353.0,174161.0,100196,1677-09-21,1.0,2014-06-18,100196,141716;141309;100182,St Thomas More Catholic Comprehensive School;Leigh Stationers' Academy;Eltham Hill School,0;1093;1133,1;2;2,2.0,C1: type Voluntary aided school; closed 2015-01-31,"C1: type Voluntary aided school; closed 2015-01-31 | C2 (GIAS): Non-selective, religious character Roman Catholic",False
100193,St Ursula's Convent School,Greenwich,Voluntary aided school,Secondary,Girls,Open,Non-selective,Roman Catholic,538590.0,177088.0,100193,1677-09-21,1.0,2015-04-16,100193,147439;135264;100974,The John Roan School;St Matthew Academy;George Green's School,1098;1350;1379,4;2;2,2.0,C1: type Voluntary aided school,"C1: type Voluntary aided school | C2 (GIAS): Non-selective, religious character Roman Catholic",False
100188,The Eltham Foundation School,Greenwich,Foundation school,Secondary,Mixed,Closed,Non-selective,None,541806.0,174461.0,100188,1677-09-21,3.0,2012-03-22,100188,138449;100182;141716,Harris Academy Greenwich;Eltham Hill School;St Thomas More Catholic Comprehensive School,0;446;1576,1;2;1,1.0,C1: closed 2012-08-31,C1: closed 2012-08-31 | C3: grade 3 not better than comparator median 1.0,False
100192,The John Roan School,Greenwich,Voluntary controlled school,Secondary,Mixed,Closed,Non-selective,None,539630.0,177440.0,100192,1900-01-01,4.0,2018-08-07,100192,147439;100193;100974,The John Roan School;St Ursula's Convent School;George Green's School,0;1098;1576,4;1;2,2.0,C1: closed 2019-08-31,C1: closed 2019-08-31 | C3: grade 4 not better than comparator median 2.0,False
147439,The John Roan School,Greenwich,Academy sponsor led,Secondary,Mixed,Open,Non-selective,None,539630.0,177440.0,147439 < 100192,1900-01-01,4.0,2018-08-07,100192,100193;100974;135264,St Ursula's Convent School;George Green's School;St Matthew Academy,1098;1576;1734,1;2;2,2.0,C3: grade 4 not better than comparator median 2.0,C3: grade 4 not better than comparator median 2.0,False
100191,Waterfield School,Greenwich,Community school,Secondary,Mixed,Closed,Non-selective,Does not apply,546432.0,180397.0,100191,1677-09-21,,,,141163;105135;145140,Woolwich Polytechnic School;St Paul's Academy;Harris Garrard Academy,0;1211;1971,2;2;4,2.0,C1: closed 1996-08-31,C1: closed 1996-08-31 | C3: no grade in force on 2020-01-01,False
141163,Woolwich Polytechnic School,Greenwich,Academy converter,Secondary,Boys,Open,Non-selective,Does not apply,546432.0,180397.0,141163 < 100187,1677-09-21,2.0,2019-03-10,141163,105135;145140;139791,St Paul's Academy;Harris Garrard Academy;Riverside School,1211;1971;2126,2;4;2,2.0,C3: grade 2 not better than comparator median 2.0,C3: grade 2 not better than comparator median 2.0,False
100187,Woolwich Polytechnic School for Boys,Greenwich,Community school,Secondary,Boys,Closed,Non-selective,Does not apply,546432.0,180397.0,100187,1677-09-21,1.0,2011-11-07,100187,141163;105135;145140,Woolwich Polytechnic School;St Paul's Academy;Harris Garrard Academy,0;1211;1971,2;2;4,2.0,C1: closed 2014-07-31,C1: closed 2014-07-31,False
143686,Woolwich Polytechnic School for Girls,Greenwich,Free schools,Secondary,Girls,Open,Non-selective,None,546456.0,180360.0,143686,2019-09-02,,,,141163;105135;145140,Woolwich Polytechnic School;St Paul's Academy;Harris Garrard Academy,44;1178;1934,2;2;4,2.0,C1: opened 2019-09-02,C1: opened 2019-09-02 | C3: no grade in force on 2020-01-01,False
100282,All Saints Catholic High School,Hackney,Voluntary aided school,Secondary,Mixed,Open,Non-selective,Roman Catholic,533481.0,187911.0,100282,1677-09-21,2.0,2012-02-21,100282,145609;133599;102157,Lubavitch House School (Senior Girls);Yesodey Hatorah Senior Girls School;Gladesmore Community School,263;483;904,2;4;1,2.0,C1: type Voluntary aided school,"C1: type Voluntary aided school | C2 (GIAS): Non-selective, religious character Roman Catholic | C3: grade 2 not better than comparator median 2.0",False
100285,Cardinal Pole Catholic School,Hackney,Voluntary aided school,Secondary,Mixed,Closed,Non-selective,Roman Catholic,535492.0,184933.0,100285,1677-09-21,2.0,2017-03-15,100285,135835;100284;137442,"The City Academy, Hackney;The Urswick School - A Church of England Secondary School;Clapton Girls' Academy",200;537;913,1;2;1,1.0,C1: type Voluntary aided school; closed 2024-08-31,"C1: type Voluntary aided school; closed 2024-08-31 | C2 (GIAS): Non-selective, religious character Roman Catholic | C3: grade 2 not better than comparator median 1.0",False
150604,Cardinal Pole Catholic School,Hackney,Academy converter,Secondary,Mixed,Open,Non-selective,Roman Catholic,535492.0,184933.0,150604 < 100285,1677-09-21,2.0,2017-03-15,100285,135835;100284;137442,"The City Academy, Hackney;The Urswick School - A Church of England Secondary School;Clapton Girls' Academy",200;537;913,1;2;1,1.0,"C2 (GIAS): Non-selective, religious character Roman Catholic","C2 (GIAS): Non-selective, religious character Roman Catholic | C3: grade 2 not better than comparator median 1.0",False
143756,"City of London Academy, Shoreditch Park",Hackney,Free schools,Secondary,Mixed,Open,,None,534221.0,183383.0,143756,2017-09-01,,,,100277;131609;100972,Haggerston School;The Bridge Academy;Oaklands School,409;522;561,2;2;2,2.0,C1: opened 2017-09-01,C1: opened 2017-09-01 | C3: no grade in force on 2020-01-01,False
137442,Clapton Girls' Academy,Hackney,Academy converter,Secondary,Girls,Open,Non-selective,Does not apply,535150.0,185780.0,137442 < 100278,1677-09-21,1.0,2013-06-14,137442,135835;134693;100285,"The City Academy, Hackney;Mossbourne Community Academy;Cardinal Pole Catholic School",713;737;913,1;1;2,1.0,C3: grade 1 not better than comparator median 1.0,C3: grade 1 not better than comparator median 1.0,False
100278,Clapton Girls' Technology College,Hackney,Community school,Secondary,Girls,Closed,Non-selective,Does not apply,535150.0,185780.0,100278,1677-09-21,1.0,2008-06-12,100278,137442;135835;134693,"Clapton Girls' Academy;The City Academy, Hackney;Mossbourne Community Academy",0;713;737,1;1;1,1.0,C1: closed 2011-08-31,C1: closed 2011-08-31 | C3: grade 1 not better than comparator median 1.0,False
100276,Hackney Downs School,Hackney,Community school,Secondary,Boys,Closed,Non-selective,Does not apply,534629.0,185541.0,100276,1677-09-21,,,,134693;137442;131062,Mossbourne Community Academy;Clapton Girls' Academy;The Excelsior Academy,173;573;852,1;1;2,1.0,C1: closed 1995-12-21,C1: closed 1995-12-21 | C3: no grade in force on 2020-01-01,False
139595,Hackney New School,Hackney,Free schools,Secondary,Mixed,Closed,Non-selective,None,533462.0,183944.0,139595,2013-09-02,4.0,2019-09-08,139595,147653;131609;100277,Waterside Academy;The Bridge Academy;Haggerston School,0;440;771,4;2;2,2.0,C1: closed 2019-10-31,C1: closed 2019-10-31 | C3: grade 4 not better than comparator median 2.0,False
138265,Hackney University Technical College,Hackney,University technical college,Secondary,Mixed,Closed,Non-selective,None,533326.0,183062.0,138265,2012-08-02,,,,100277;131609;100458,Haggerston School;The Bridge Academy;Central Foundation Boys' School,543;696;760,2;2;1,2.0,C1: type University technical college; closed 2015-08-31,C1: type University technical college; closed 2015-08-31 | C3: no grade in force on 2020-01-01,False
100277,Haggerston School,Hackney,Community school,Secondary,Mixed,Closed,Non-selective,Does not apply,533829.0,183266.0,100277,1677-09-21,2.0,2017-11-06,100277,131609;137789;147653,The Bridge Academy;Mulberry Academy Shoreditch;Waterside Academy,355;586;771,2;1;4,2.0,C1: closed 2023-08-31,C1: closed 2023-08-31 | C3: grade 2 not better than comparator median 2.0,False
149901,Haggerston School,Hackney,Academy converter,Secondary,Mixed,Open,Non-selective,Does not apply,533829.0,183266.0,149901 < 100277,1677-09-21,2.0,2017-11-06,100277,131609;137789;147653,The Bridge Academy;Mulberry Academy Shoreditch;Waterside Academy,355;586;771,2;1;4,2.0,C3: grade 2 not better than comparator median 2.0,C3: grade 2 not better than comparator median 2.0,False
100280,Homerton College of Technology,Hackney,Community school,Secondary,Boys,Closed,Non-selective,Does not apply,535413.0,185117.0,100280,1677-09-21,,,,135835;100285;100284,"The City Academy, Hackney;Cardinal Pole Catholic School;The Urswick School - A Church of England Secondary School",0;200;607,1;2;2,2.0,C1: closed 2007-08-31,C1: closed 2007-08-31 | C3: no grade in force on 2020-01-01,False
100281,Kingsland School,Hackney,Community school,Secondary,Mixed,Closed,Non-selective,Does not apply,533913.0,185496.0,100281,1677-09-21,,,,131062;134693;100279,The Excelsior Academy;Mossbourne Community Academy;Stoke Newington School and Sixth Form,156;601;1184,2;1;2,2.0,C1: closed 2004-08-31,C1: closed 2004-08-31 | C3: no grade in force on 2020-01-01,False
138143,Lubavitch House School (Senior Girls),Hackney,Voluntary aided school,Secondary,Girls,Closed,Non-selective,Jewish,533621.0,187688.0,138143 < 133616,2002-03-01,2.0,2016-06-09,138143,145609;100282;133599,Lubavitch House School (Senior Girls);All Saints Catholic High School;Yesodey Hatorah Senior Girls School,0;263;371,2;2;4,2.0,C1: type Voluntary aided school; closed 2018-03-31,"C1: type Voluntary aided school; closed 2018-03-31 | C2 (GIAS): Non-selective, religious character Jewish | C3: grade 2 not better than comparator median 2.0",False
145609,Lubavitch House School (Senior Girls),Hackney,Academy converter,Secondary,Girls,Open,Non-selective,Jewish,533621.0,187688.0,145609 < 138143 < 133616,2002-03-01,2.0,2016-06-09,138143,100282;133599;102157,All Saints Catholic High School;Yesodey Hatorah Senior Girls School;Gladesmore Community School,263;371;1004,2;4;1,2.0,"C2 (GIAS): Non-selective, religious character Jewish","C2 (GIAS): Non-selective, religious character Jewish | C3: grade 2 not better than comparator median 2.0",False
140210,Mossbourne Victoria Park Academy,Hackney,Academy sponsor led,Secondary,Mixed,Open,Non-selective,None,535855.0,184061.0,140210,2014-09-01,2.0,2016-12-05,140210,100285;100284;135835,"Cardinal Pole Catholic School;The Urswick School - A Church of England Secondary School;The City Academy, Hackney",945;991;1145,2;2;1,2.0,C3: grade 2 not better than comparator median 2.0,C3: grade 2 not better than comparator median 2.0,False
136137,Skinners' Academy,Hackney,Academy sponsor led,Secondary,Mixed,Open,Non-selective,Does not apply,532255.0,187775.0,136137 < 100283,1677-09-21,2.0,2013-10-09,136137,100282;145609;131757,All Saints Catholic High School;Lubavitch House School (Senior Girls);Park View School,1234;1369;1550,2;2;2,2.0,C3: grade 2 not better than comparator median 2.0,C3: grade 2 not better than comparator median 2.0,False
100279,Stoke Newington School and Sixth Form,Hackney,Community school,Secondary,Mixed,Open,Non-selective,Does not apply,532879.0,186072.0,100279,1677-09-21,2.0,2013-11-18,100279,131062;144962;100455,The Excelsior Academy;City of London Academy Highbury Grove;Highbury Fields School,1129;1285;1302,2;4;1,2.0,C3: grade 2 not better than comparator median 2.0,C3: grade 2 not better than comparator median 2.0,False
131609,The Bridge Academy,Hackney,Academy sponsor led,Secondary,Mixed,Open,Non-selective,Does not apply,533752.0,183613.0,131609,2007-09-06,2.0,2013-02-27,131609,100277;147653;137789,Haggerston School;Waterside Academy;Mulberry Academy Shoreditch,355;440;941,2;4;1,2.0,C3: grade 2 not better than comparator median 2.0,C3: grade 2 not better than comparator median 2.0,False
131062,The Excelsior Academy,Hackney,Academy sponsor led,Secondary,Mixed,Open,Non-selective,Does not apply,533788.0,185403.0,131062,2006-09-01,2.0,2015-04-14,131062,134693;100279;137442,Mossbourne Community Academy;Stoke Newington School and Sixth Form;Clapton Girls' Academy,721;1129;1413,1;2;1,1.0,C3: grade 2 not better than comparator median 1.0,C3: grade 2 not better than comparator median 1.0,False
100283,The Skinners' Company's School for Girls,Hackney,Voluntary aided school,Secondary,Girls,Closed,Non-selective,None,533613.0,187732.0,100283,1677-09-21,2.0,2009-02-04,100283,145609;100282;133599,Lubavitch House School (Senior Girls);All Saints Catholic High School;Yesodey Hatorah Senior Girls School,45;222;362,2;2;4,2.0,C1: type Voluntary aided school; closed 2010-08-31,C1: type Voluntary aided school; closed 2010-08-31 | C3: grade 2 not better than comparator median 2.0,False
100284,The Urswick School - A Church of England Secondary School,Hackney,Voluntary aided school,Secondary,Mixed,Open,Non-selective,Church of England,535046.0,184634.0,100284,1677-09-21,2.0,2013-04-22,100284,100285;135835;134693,"Cardinal Pole Catholic School;The City Academy, Hackney;Mossbourne Community Academy",537;607;949,2;1;1,1.0,C1: type Voluntary aided school,"C1: type Voluntary aided school | C2 (GIAS): Non-selective, religious character Church of England | C3: grade 2 not better than comparator median 1.0",False
147653,Waterside Academy,Hackney,Free schools,Secondary,Mixed,Open,Non-selective,,533462.0,183944.0,147653 < 139595,2013-09-02,4.0,2019-09-08,139595,131609;100277;137789,The Bridge Academy;Haggerston School;Mulberry Academy Shoreditch,440;771;1351,2;2;1,2.0,C3: grade 4 not better than comparator median 2.0,C3: grade 4 not better than comparator median 2.0,False
133599,Yesodey Hatorah Senior Girls School,Hackney,Voluntary aided school,Secondary,Girls,Open,Non-selective,Jewish,533959.0,187840.0,133599,2005-09-01,4.0,2018-06-26,133599,145609;100282;102157,Lubavitch House School (Senior Girls);All Saints Catholic High School;Gladesmore Community School,371;483;745,2;2;1,2.0,C1: type Voluntary aided school,"C1: type Voluntary aided school | C2 (GIAS): Non-selective, religious character Jewish | C3: grade 4 not better than comparator median 2.0",False
131752,Ark Burlington Danes Academy,Hammersmith and Fulham,Academy sponsor led,Secondary,Mixed,Open,Non-selective,Church of England,522925.0,181489.0,131752 < 100362,1677-09-21,3.0,2018-11-08,131752,143129;100503;140212,Phoenix Academy;All Saints Catholic College;Kensington Aldridge Academy,862;1040;1115,2;2;1,2.0,"C2 (GIAS): Non-selective, religious character Church of England","C2 (GIAS): Non-selective, religious character Church of England | C3: grade 3 not better than comparator median 2.0",False
100362,Burlington Danes CofE School,Hammersmith and Fulham,Voluntary aided school,Secondary,Mixed,Closed,Non-selective,Church of England,522925.0,181489.0,100362,1677-09-21,,,,131752;143129;100503,Ark Burlington Danes Academy;Phoenix Academy;All Saints Catholic College,0;862;1040,3;2;2,2.0,C1: type Voluntary aided school; closed 2006-08-31,"C1: type Voluntary aided school; closed 2006-08-31 | C2 (GIAS): Non-selective, religious character Church of England | C3: no grade in force on 2020-01-01",False
100358,Fulham College Boys' School,Hammersmith and Fulham,Foundation school,Secondary,Mixed,Closed,Non-selective,Does not apply,524042.0,176935.0,100358,1677-09-21,2.0,2011-08-11,100358,139364;139365;141135,Fulham Cross Academy;Fulham Cross Girls' School and Language College;The Fulham Boys School,0;405;1079,2;1;2,2.0,C1: closed 2013-02-28,C1: closed 2013-02-28 | C3: grade 2 not better than comparator median 2.0,False
139364,Fulham Cross Academy,Hammersmith and Fulham,Academy converter,Secondary,Mixed,Open,Non-selective,Does not apply,524042.0,176935.0,139364 < 100358,1677-09-21,2.0,2015-02-13,139364,139365;141135;138607,Fulham Cross Girls' School and Language College;The Fulham Boys School;Lady Margaret School,405;1079;1154,1;2;1,1.0,C3: grade 2 not better than comparator median 1.0,C3: grade 2 not better than comparator median 1.0,False
100360,Fulham Cross Girls' School and Language College,Hammersmith and Fulham,Foundation school,Secondary,Girls,Closed,Non-selective,Does not apply,524106.0,177335.0,100360,1677-09-21,1.0,2010-03-05,100360,139365;139364;141135,Fulham Cross Girls' School and Language College;Fulham Cross Academy;The Fulham Boys School,0;405;1012,1;2;2,2.0,C1: closed 2013-02-28,C1: closed 2013-02-28,False
136172,Hammersmith Academy,Hammersmith and Fulham,Academy sponsor led,Secondary,Mixed,Open,Non-selective,Does not apply,522551.0,179595.0,136172,2011-09-01,2.0,2013-03-04,136172,136750;143129;137935,West London Free School;Phoenix Academy;Sacred Heart High School,1066;1240;1274,2;2;1,2.0,C3: grade 2 not better than comparator median 2.0,C3: grade 2 not better than comparator median 2.0,False
100361,Hurlingham and Chelsea Secondary School,Hammersmith and Fulham,Community school,Secondary,Mixed,Closed,Non-selective,Does not apply,525368.0,175859.0,100361,1677-09-21,4.0,2014-02-12,100361,141617;138607;141135,The Hurlingham Academy;Lady Margaret School;The Fulham Boys School,0;741;1314,2;1;2,2.0,C1: closed 2014-12-31,C1: closed 2014-12-31 | C3: grade 4 not better than comparator median 2.0,False
100364,Lady Margaret School,Hammersmith and Fulham,Voluntary aided school,Secondary,Girls,Closed,Non-selective,Church of England,525134.0,176562.0,100364,1677-09-21,1.0,2011-10-12,100364,138607;141135;141617,Lady Margaret School;The Fulham Boys School;The Hurlingham Academy,0;584;741,1;2;2,2.0,C1: type Voluntary aided school; closed 2012-08-31,"C1: type Voluntary aided school; closed 2012-08-31 | C2 (GIAS): Non-selective, religious character Church of England",False
138607,Lady Margaret School,Hammersmith and Fulham,Academy converter,Secondary,Girls,Open,Non-selective,Church of England,525134.0,176562.0,138607 < 100364,1677-09-21,1.0,2011-10-12,100364,141135;141617;137157,The Fulham Boys School;The Hurlingham Academy;The London Oratory School,584;741;950,2;2;1,2.0,"C2 (GIAS): Non-selective, religious character Church of England","C2 (GIAS): Non-selective, religious character Church of England",False
143129,Phoenix Academy,Hammersmith and Fulham,Academy sponsor led,Secondary,Mixed,Open,Non-selective,None,522377.0,180823.0,143129 < 100359,1677-09-21,2.0,2019-04-29,143129,131752;136172;140212,Ark Burlington Danes Academy;Hammersmith Academy;Kensington Aldridge Academy,862;1240;1552,3;2;1,2.0,C3: grade 2 not better than comparator median 2.0,C3: grade 2 not better than comparator median 2.0,False
100359,Phoenix High School,Hammersmith and Fulham,Foundation school,Secondary,Mixed,Closed,Non-selective,None,522377.0,180823.0,100359,1677-09-21,4.0,2016-06-28,100359,143129;131752;136172,Phoenix Academy;Ark Burlington Danes Academy;Hammersmith Academy,0;862;1240,2;3;2,2.0,C1: closed 2016-08-31,C1: closed 2016-08-31 | C3: grade 4 not better than comparator median 2.0,False
100363,Sacred Heart High School,Hammersmith and Fulham,Voluntary aided school,Secondary,Girls,Closed,Non-selective,Roman Catholic,523435.0,178678.0,100363,1677-09-21,1.0,2009-01-30,100363,137935;136750;136172,Sacred Heart High School;West London Free School;Hammersmith Academy,0;1013;1274,1;2;2,2.0,C1: type Voluntary aided school; closed 2012-02-29,"C1: type Voluntary aided school; closed 2012-02-29 | C2 (GIAS): Non-selective, religious character Roman Catholic",False
137935,Sacred Heart High School,Hammersmith and Fulham,Academy converter,Secondary,Girls,Open,Non-selective,Roman Catholic,523435.0,178678.0,137935 < 100363,1677-09-21,1.0,2017-10-31,137935,136750;136172;141931,West London Free School;Hammersmith Academy;The Cardinal Vaughan Memorial RC School,1013;1274;1402,2;2;1,2.0,"C2 (GIAS): Non-selective, religious character Roman Catholic","C2 (GIAS): Non-selective, religious character Roman Catholic",False
126622,St Edmund's School,Hammersmith and Fulham,Voluntary aided school,Secondary,Mixed,Closed,Non-selective,None,523862.0,178222.0,126622,1677-09-21,,,,137935;139365;139364,Sacred Heart High School;Fulham Cross Girls' School and Language College;Fulham Cross Academy,625;920;1300,1;1;2,1.0,C1: type Voluntary aided school; closed 1900-01-01,C1: type Voluntary aided school; closed 1900-01-01 | C3: no grade in force on 2020-01-01,False
126623,St Mark's CofE School,Hammersmith and Fulham,Voluntary aided school,Secondary,Mixed,Closed,Non-selective,None,524167.0,176390.0,126623,1677-09-21,,,,139364;139365;138607,Fulham Cross Academy;Fulham Cross Girls' School and Language College;Lady Margaret School,559;947;982,2;1;1,1.0,C1: type Voluntary aided school; closed 1995-08-31,C1: type Voluntary aided school; closed 1995-08-31 | C3: no grade in force on 2020-01-01,False
141135,The Fulham Boys School,Hammersmith and Fulham,Free schools,Secondary,Boys,Open,,Church of England,525100.0,177145.0,141135,2014-09-01,2.0,2017-06-09,141135,137157;138607;139365,The London Oratory School;Lady Margaret School;Fulham Cross Girls' School and Language College,505;584;1012,1;1;1,1.0,"C2 (GIAS): , religious character Church of England","C2 (GIAS): , religious character Church of England | C3: grade 2 not better than comparator median 1.0",False
141617,The Hurlingham Academy,Hammersmith and Fulham,Academy sponsor led,Secondary,Mixed,Open,Non-selective,Does not apply,525368.0,175859.0,141617 < 100361,1677-09-21,2.0,2017-11-15,141617,138607;141135;135531,Lady Margaret School;The Fulham Boys School;Chelsea Academy,741;1314;1469,1;2;1,1.0,C3: grade 2 not better than comparator median 1.0,C3: grade 2 not better than comparator median 1.0,False
137157,The London Oratory School,Hammersmith and Fulham,Academy converter,Secondary,Boys,Open,Non-selective,Roman Catholic,525516.0,177432.0,137157 < 100365,1677-09-21,1.0,2009-04-23,100365,141135;135531;138607,The Fulham Boys School;Chelsea Academy;Lady Margaret School,505;871;950,2;1;1,1.0,"C2 (GIAS): Non-selective, religious character Roman Catholic","C2 (GIAS): Non-selective, religious character Roman Catholic | C3: grade 1 not better than comparator median 1.0",False
136750,West London Free School,Hammersmith and Fulham,Free schools,Secondary,Mixed,Open,Non-selective,None,522432.0,178536.0,136750,2011-09-07,2.0,2013-07-26,136750,137935;136172;137907,Sacred Heart High School;Hammersmith Academy;Chiswick School,1013;1066;1930,1;2;3,2.0,C3: grade 2 not better than comparator median 2.0,C3: grade 2 not better than comparator median 2.0,False
131758,Alexandra Park School,Haringey,Community school,Secondary,Mixed,Closed,Non-selective,Does not apply,529125.0,190891.0,131758,1999-09-01,2.0,2007-05-22,131758,137531;139616;102156,Alexandra Park School;Heartlands High School;Fortismere School,0;1300;1412,1;2;1,1.0,C1: closed 2011-09-30,C1: closed 2011-09-30 | C3: grade 2 not better than comparator median 1.0,False
144900,Duke's Aldridge,Haringey,Academy converter,Secondary,Mixed,Open,Non-selective,Does not apply,534215.0,191340.0,144900 < 102155,1677-09-21,2.0,2012-02-09,102155,140935;140957;136147,"Harris Academy Tottenham;Eden Girls' School, Waltham Forest;Lift Aylward",1527;1881;1903,1;1;2,1.0,C3: grade 2 not better than comparator median 1.0,C3: grade 2 not better than comparator median 1.0,False
102156,Fortismere School,Haringey,Foundation school,Secondary,Mixed,Open,Non-selective,None,528180.0,189842.0,102156,1677-09-21,1.0,2011-12-09,102156,139594;137531;102154,The Archer Academy;Alexandra Park School;Highgate Wood Secondary School,1313;1412;1773,1;1;2,1.0,C3: grade 1 not better than comparator median 1.0,C3: grade 1 not better than comparator median 1.0,False
133386,Greig City Academy,Haringey,Academy sponsor led,Secondary,Mixed,Open,Non-selective,Church of England,530501.0,189293.0,133386 < 102160,1677-09-21,2.0,2016-01-12,133386,102153;139616;102154,Hornsey School for Girls;Heartlands High School;Highgate Wood Secondary School,644;1159;1258,2;2;2,2.0,"C2 (GIAS): Non-selective, religious character Church of England","C2 (GIAS): Non-selective, religious character Church of England | C3: grade 2 not better than comparator median 2.0",False
140935,Harris Academy Tottenham,Haringey,Free schools,All-through,Mixed,Open,,None,534470.0,189834.0,140935,2014-09-01,1.0,2017-07-18,140935,140957;102157;144900,"Eden Girls' School, Waltham Forest;Gladesmore Community School;Duke's Aldridge",1260;1316;1527,1;1;2,1.0,C3: grade 1 not better than comparator median 1.0,C3: grade 1 not better than comparator median 1.0,False
135844,Heartlands High School,Haringey,Community school,Secondary,Mixed,Closed,Non-selective,Does not apply,530345.0,190441.0,135844,2010-09-01,2.0,2012-03-29,135844,139616;139362;133386,Heartlands High School;St Thomas More Catholic School;Greig City Academy,0;1055;1159,2;1;2,2.0,C1: closed 2013-04-30,C1: closed 2013-04-30 | C3: grade 2 not better than comparator median 2.0,False
139616,Heartlands High School,Haringey,Academy converter,Secondary,Mixed,Open,Non-selective,Does not apply,530345.0,190441.0,139616 < 135844,2010-09-01,2.0,2016-04-28,139616,139362;133386;137531,St Thomas More Catholic School;Greig City Academy;Alexandra Park School,1055;1159;1300,1;2;1,1.0,C3: grade 2 not better than comparator median 1.0,C3: grade 2 not better than comparator median 1.0,False
102154,Highgate Wood Secondary School,Haringey,Community school,Secondary,Mixed,Open,Non-selective,Does not apply,529449.0,188604.0,102154,1677-09-21,2.0,2011-12-16,102154,133386;102153;100459,Greig City Academy;Hornsey School for Girls;St Aloysius RC College,1258;1263;1356,2;2;3,2.0,C3: grade 2 not better than comparator median 2.0,C3: grade 2 not better than comparator median 2.0,False
102153,Hornsey School for Girls,Haringey,Community school,Secondary,Girls,Open,Non-selective,Does not apply,530709.0,188684.0,102153,1677-09-21,2.0,2013-03-11,102153,133386;102154;131690,Greig City Academy;Highgate Wood Secondary School;Arts and Media School Islington,644;1263;1647,2;2;2,2.0,C3: grade 2 not better than comparator median 2.0,C3: grade 2 not better than comparator median 2.0,False
137745,Mulberry Academy Woodside,Haringey,Academy converter,Secondary,Mixed,Open,Non-selective,Does not apply,531614.0,191115.0,137745 < 102158,1677-09-21,1.0,2014-03-10,137745,139362;139616;102053,St Thomas More Catholic School;Heartlands High School;St Anne's Catholic High School for Girls,553;1437;1505,1;2;1,1.0,C3: grade 1 not better than comparator median 1.0,C3: grade 1 not better than comparator median 1.0,False
102155,Northumberland Park Community School,Haringey,Community school,Secondary,Mixed,Closed,Non-selective,Does not apply,534215.0,191340.0,102155,1677-09-21,2.0,2012-02-09,102155,144900;140935;140957,"Duke's Aldridge;Harris Academy Tottenham;Eden Girls' School, Waltham Forest",0;1527;1881,2;1;1,1.0,C1: closed 2017-08-31,C1: closed 2017-08-31 | C3: grade 2 not better than comparator median 1.0,False
131757,Park View School,Haringey,Community school,Secondary,Mixed,Open,Non-selective,Does not apply,532381.0,189320.0,131757 < 102159,1677-09-21,2.0,2013-04-13,131757,136137;100282;102153,Skinners' Academy;All Saints Catholic High School;Hornsey School for Girls,1550;1788;1789,2;2;2,2.0,C3: grade 2 not better than comparator median 2.0,C3: grade 2 not better than comparator median 2.0,False
126906,Somerset School,Haringey,Voluntary controlled school,Secondary,Boys,Closed,Non-selective,None,533160.0,191546.0,126906,1677-09-21,,,,144900;136147;137745,Duke's Aldridge;Lift Aylward;Mulberry Academy Woodside,1075;1210;1605,2;2;1,2.0,C1: closed 1988-08-31,C1: closed 1988-08-31 | C3: no grade in force on 2020-01-01,False
102160,St David and St Katharine CofE Secondary School,Haringey,Voluntary aided school,Secondary,Mixed,Closed,Non-selective,Church of England,530529.0,189219.0,102160,1677-09-21,,,,133386;102153;139616,Greig City Academy;Hornsey School for Girls;Heartlands High School,79;564;1236,2;2;2,2.0,C1: type Voluntary aided school; closed 2002-08-31,"C1: type Voluntary aided school; closed 2002-08-31 | C2 (GIAS): Non-selective, religious character Church of England | C3: no grade in force on 2020-01-01",False
102161,St Thomas More Catholic School,Haringey,Voluntary aided school,Secondary,Mixed,Closed,Non-selective,Roman Catholic,531069.0,191209.0,102161,1677-09-21,3.0,2010-03-05,102161,139362;137745;139616,St Thomas More Catholic School;Mulberry Academy Woodside;Heartlands High School,0;553;1055,1;1;2,1.0,C1: type Voluntary aided school; closed 2013-02-28,"C1: type Voluntary aided school; closed 2013-02-28 | C2 (GIAS): Non-selective, religious character Roman Catholic | C3: grade 3 not better than comparator median 1.0",False
139362,St Thomas More Catholic School,Haringey,Academy converter,Secondary,Mixed,Open,Non-selective,Roman Catholic,531069.0,191209.0,139362 < 102161,1677-09-21,1.0,2013-07-10,139362,137745;139616;102053,Mulberry Academy Woodside;Heartlands High School;St Anne's Catholic High School for Girls,553;1055;1317,1;2;1,1.0,"C2 (GIAS): Non-selective, religious character Roman Catholic","C2 (GIAS): Non-selective, religious character Roman Catholic | C3: grade 1 not better than comparator median 1.0",False
102167,The John Loughborough School,Haringey,Voluntary aided school,Secondary,Mixed,Closed,Non-selective,Seventh Day Adventist,533962.0,189998.0,102167,1998-09-01,,,,140935;144900;102157,Harris Academy Tottenham;Duke's Aldridge;Gladesmore Community School,534;1366;1432,1;2;1,1.0,C1: type Voluntary aided school; closed 2013-08-31,"C1: type Voluntary aided school; closed 2013-08-31 | C2 (GIAS): Non-selective, religious character Seventh Day Adventist | C3: no grade in force on 2020-01-01",False
102159,The Langham School,Haringey,Community school,Secondary,Mixed,Closed,Non-selective,Does not apply,532381.0,189320.0,102159,1677-09-21,,,,131757;136137;100282,Park View School;Skinners' Academy;All Saints Catholic High School,0;1550;1788,2;2;2,2.0,C1: closed 1999-08-31,C1: closed 1999-08-31 | C3: no grade in force on 2020-01-01,False
140968,Tottenham UTC,Haringey,University technical college,Secondary,Mixed,Closed,Non-selective,None,533908.0,191298.0,140968,2014-09-01,,,,144900;140935;136147,Duke's Aldridge;Harris Academy Tottenham;Lift Aylward,310;1568;1742,2;1;2,2.0,C1: type University technical college; closed 2017-08-31,C1: type University technical college; closed 2017-08-31 | C3: no grade in force on 2020-01-01,False
102158,"Woodside High School, A Business & Enterprise Specialist School",Haringey,Community school,Secondary,Mixed,Closed,Non-selective,Does not apply,531614.0,191115.0,102158,1677-09-21,1.0,2011-03-30,102158,137745;139362;139616,Mulberry Academy Woodside;St Thomas More Catholic School;Heartlands High School,0;553;1437,1;1;2,1.0,C1: closed 2011-11-30,C1: closed 2011-11-30 | C3: grade 1 not better than comparator median 1.0,False
138227,Avanti House School,Harrow,Free schools,Secondary,Mixed,Open,Non-selective,Hindu,517557.0,191303.0,138227,2012-09-01,2.0,2014-09-22,138227,137075;137199;134798,Park High School;Canons High School;London Academy,942;1494;1989,1;3;2,2.0,"C2 (GIAS): Non-selective, religious character Hindu","C2 (GIAS): Non-selective, religious character Hindu | C3: grade 2 not better than comparator median 2.0",False
102241,Bentley Wood High School,Harrow,Community school,Secondary,Girls,Closed,Non-selective,Does not apply,515553.0,192260.0,102241,1677-09-21,2.0,2007-05-24,102241,137178;138458;146245,Bentley Wood High School;Salvatorian Roman Catholic College;The Sacred Heart Language College,0;1985;1999,1;2;1,1.0,C1: closed 2011-07-31,C1: closed 2011-07-31 | C3: grade 2 not better than comparator median 1.0,False
102237,Canons High School,Harrow,Community school,Secondary,Mixed,Closed,Non-selective,Does not apply,518709.0,190352.0,102237,1677-09-21,,,,137199;137075;137685,Canons High School;Park High School;Kingsbury High School,0;1024;1405,3;1;2,2.0,C1: closed 2011-07-31,C1: closed 2011-07-31 | C3: no grade in force on 2020-01-01,False
137199,Canons High School,Harrow,Academy converter,Secondary,Mixed,Open,Non-selective,Does not apply,518709.0,190352.0,137199 < 102237,1677-09-21,3.0,2019-05-02,137199,137075;137685;138227,Park High School;Kingsbury High School;Avanti House School,1024;1405;1494,1;2;2,2.0,C3: grade 3 not better than comparator median 2.0,C3: grade 3 not better than comparator median 2.0,False
137177,Harrow High School,Harrow,Academy converter,Secondary,Mixed,Open,Non-selective,Does not apply,515974.0,188106.0,137177 < 102242,1677-09-21,2.0,2014-04-04,137177,142560;102239;141071,St Gregory's Catholic Science College;Whitmore High School;Whitefriars School,1643;1920;2194,1;1;1,1.0,C3: grade 2 not better than comparator median 1.0,C3: grade 2 not better than comparator median 1.0,False
102242,Harrow High School and Sports College,Harrow,Community school,Secondary,Mixed,Closed,Non-selective,Does not apply,515974.0,188106.0,102242,1677-09-21,2.0,2011-07-21,102242,137177;142560;102239,Harrow High School;St Gregory's Catholic Science College;Whitmore High School,0;1643;1920,2;1;1,1.0,C1: closed 2011-07-31,C1: closed 2011-07-31 | C3: grade 2 not better than comparator median 1.0,False
102235,Hatch End High School,Harrow,Community school,Secondary,Mixed,Closed,Non-selective,Does not apply,513935.0,190977.0,102235,1677-09-21,2.0,2009-03-02,102235,137204;138458;141071,Hatch End High School;Salvatorian Roman Catholic College;Whitefriars School,0;1361;1411,2;2;1,2.0,C1: closed 2011-07-31,C1: closed 2011-07-31 | C3: grade 2 not better than comparator median 2.0,False
137204,Hatch End High School,Harrow,Academy converter,Secondary,Mixed,Open,Non-selective,Does not apply,513935.0,190977.0,137204 < 102235,1677-09-21,2.0,2013-11-30,137204,138458;141071;146245,Salvatorian Roman Catholic College;Whitefriars School;The Sacred Heart Language College,1361;1411;1565,2;1;1,1.0,C3: grade 2 not better than comparator median 1.0,C3: grade 2 not better than comparator median 1.0,False
102238,Nower Hill High School,Harrow,Community school,Secondary,Mixed,Closed,Non-selective,Does not apply,513351.0,189250.0,102238,1677-09-21,2.0,2007-05-23,102238,137028;137204;141071,Nower Hill High School;Hatch End High School;Whitefriars School,0;1823;1876,1;2;1,1.0,C1: closed 2011-07-31,C1: closed 2011-07-31 | C3: grade 2 not better than comparator median 1.0,False
137028,Nower Hill High School,Harrow,Academy converter,Secondary,Mixed,Open,Non-selective,Does not apply,513351.0,189250.0,137028 < 102238,1677-09-21,1.0,2012-06-01,137028,137204;141071;142864,Hatch End High School;Whitefriars School;Pinner High School,1823;1876;2034,2;1;1,1.0,C3: grade 1 not better than comparator median 1.0,C3: grade 1 not better than comparator median 1.0,False
102236,Park High School,Harrow,Community school,Secondary,Mixed,Closed,Non-selective,Does not apply,517685.0,190370.0,102236,1677-09-21,1.0,2009-02-03,102236,137075;138227;137199,Park High School;Avanti House School;Canons High School,0;942;1024,1;2;3,2.0,C1: closed 2011-07-31,C1: closed 2011-07-31,False
142864,Pinner High School,Harrow,Free schools,Secondary,Mixed,Open,Non-selective,None,511811.0,187922.0,142864,2016-09-06,1.0,2019-06-19,142864,137407;137028;140748,Bishop Ramsey Church of England School;Nower Hill High School;Ruislip High School,1488;2034;2117,1;1;1,1.0,C1: opened 2016-09-06,C1: opened 2016-09-06 | C3: grade 1 not better than comparator median 1.0,False
102240,Rooks Heath High School,Harrow,Community school,Secondary,Mixed,Closed,Non-selective,Does not apply,512955.0,186076.0,102240,1677-09-21,,,,137198;101943;136711,Rooks Heath School;Islip Manor High School;Queensmead School,0;1134;1311,2;2;1,2.0,C1: closed 2011-07-31,C1: closed 2011-07-31 | C3: no grade in force on 2020-01-01,False
137198,Rooks Heath School,Harrow,Academy converter,Secondary,Mixed,Open,Non-selective,Does not apply,512955.0,186076.0,137198 < 102240,1677-09-21,2.0,2019-05-06,137198,101943;136711;102239,Islip Manor High School;Queensmead School;Whitmore High School,1134;1311;1774,2;1;1,1.0,C3: grade 2 not better than comparator median 1.0,C3: grade 2 not better than comparator median 1.0,False
102244,Salvatorian Roman Catholic College,Harrow,Voluntary aided school,Secondary,Boys,Closed,Non-selective,Roman Catholic,515128.0,190321.0,102244,1677-09-21,,,,138458;146245;141071,Salvatorian Roman Catholic College;The Sacred Heart Language College;Whitefriars School,0;211;254,2;1;1,1.0,C1: type Voluntary aided school; closed 2012-07-31,"C1: type Voluntary aided school; closed 2012-07-31 | C2 (GIAS): Non-selective, religious character Roman Catholic | C3: no grade in force on 2020-01-01",False
138458,Salvatorian Roman Catholic College,Harrow,Academy converter,Secondary,Boys,Open,Non-selective,Roman Catholic,515128.0,190321.0,138458 < 102244,1677-09-21,2.0,2017-02-27,138458,146245;141071;137204,The Sacred Heart Language College;Whitefriars School;Hatch End High School,211;254;1361,1;1;2,1.0,"C2 (GIAS): Non-selective, religious character Roman Catholic","C2 (GIAS): Non-selective, religious character Roman Catholic | C3: grade 2 not better than comparator median 1.0",False
126915,St Dominic's Sixth Form College,Harrow,Voluntary aided school,Secondary,,Closed,,None,,,126915,1677-09-21,,,,,,,,,C1: type Voluntary aided school; closed 1993-03-31; no coordinates,C1: type Voluntary aided school; closed 1993-03-31; no coordinates,False
102243,The Sacred Heart Language College,Harrow,Voluntary aided school,Secondary,Girls,Closed,Non-selective,Roman Catholic,515333.0,190273.0,102243,1677-09-21,1.0,2014-03-28,102243,146245;138458;141071,The Sacred Heart Language College;Salvatorian Roman Catholic College;Whitefriars School,0;211;356,1;2;1,1.0,C1: type Voluntary aided school; closed 2019-04-30,"C1: type Voluntary aided school; closed 2019-04-30 | C2 (GIAS): Non-selective, religious character Roman Catholic | C3: grade 1 not better than comparator median 1.0",False
146245,The Sacred Heart Language College,Harrow,Academy converter,Secondary,Girls,Open,Non-selective,Roman Catholic,515333.0,190273.0,146245 < 102243,1677-09-21,1.0,2014-03-28,102243,138458;141071;137204,Salvatorian Roman Catholic College;Whitefriars School;Hatch End High School,211;356;1565,2;1;2,2.0,"C2 (GIAS): Non-selective, religious character Roman Catholic","C2 (GIAS): Non-selective, religious character Roman Catholic",False
136663,Abbs Cross Academy and Arts College,Havering,Academy converter,Secondary,Mixed,Open,Non-selective,None,553190.0,186128.0,136663 < 102352,1677-09-21,2.0,2017-10-17,136663,146309;143946;138326,Sanders Draper;Hornchurch High School;The Frances Bardsley Academy for Girls,599;805;2306,3;2;2,2.0,C3: grade 2 not better than comparator median 2.0,C3: grade 2 not better than comparator median 2.0,False
102352,Abbs Cross School and Arts College,Havering,Foundation school,Secondary,Mixed,Closed,Non-selective,None,553190.0,186128.0,102352,1677-09-21,,,,136663;146309;143946,Abbs Cross Academy and Arts College;Sanders Draper;Hornchurch High School,0;599;805,2;3;2,2.0,C1: closed 2011-03-31,C1: closed 2011-03-31 | C3: no grade in force on 2020-01-01,False
139307,Bower Park Academy,Havering,Academy converter,Secondary,Mixed,Open,Non-selective,Does not apply,551141.0,191853.0,139307 < 102348,1677-09-21,2.0,2018-05-04,139307,144094;143877;138326,Marshalls Park Academy;The Royal Liberty School;The Frances Bardsley Academy for Girls,1687;2967;3777,3;2;2,2.0,C3: grade 2 not better than comparator median 2.0,C3: grade 2 not better than comparator median 2.0,False
102348,Bower Park School,Havering,Community school,Secondary,Mixed,Closed,Non-selective,Does not apply,551141.0,191853.0,102348,1677-09-21,,,,139307;144094;143877,Bower Park Academy;Marshalls Park Academy;The Royal Liberty School,0;1687;2967,2;3;2,2.0,C1: closed 2013-01-31,C1: closed 2013-01-31 | C3: no grade in force on 2020-01-01,False
102339,Brittons School and Technology College,Havering,Foundation school,Secondary,Mixed,Closed,Non-selective,None,551859.0,184206.0,102339,1677-09-21,,,,136576;136028;136663,The Brittons Academy;Dagenham Park CofE School;Abbs Cross Academy and Arts College,0;2253;2338,4;2;2,2.0,C1: closed 2011-03-31,C1: closed 2011-03-31 | C3: no grade in force on 2020-01-01,False
126926,Chase Cross School,Havering,Community school,Secondary,Mixed,Closed,Non-selective,Does not apply,551141.0,191853.0,126926,1677-09-21,,,,139307;144094;143877,Bower Park Academy;Marshalls Park Academy;The Royal Liberty School,0;1687;2967,2;3;2,2.0,C1: closed 1990-08-31,C1: closed 1990-08-31 | C3: no grade in force on 2020-01-01,False
136090,Drapers' Academy,Havering,Academy sponsor led,Secondary,Mixed,Open,Non-selective,Does not apply,555206.0,192457.0,136090 < 102347,1677-09-21,3.0,2017-12-07,136090,137396;137040;143877,Redden Court School;The Campion School;The Royal Liberty School,2628;3100;3379,2;2;2,2.0,C3: grade 3 not better than comparator median 2.0,C3: grade 3 not better than comparator median 2.0,False
126924,Dury Falls School,Havering,Community school,Secondary,Mixed,Closed,Non-selective,Does not apply,554857.0,186979.0,126924,1677-09-21,,,,137233;137414;146309,Sacred Heart of Mary Girls' School;Emerson Park Academy;Sanders Draper,856;1250;1703,1;2;3,2.0,C1: closed 1989-08-31,C1: closed 1989-08-31 | C3: no grade in force on 2020-01-01,False
137414,Emerson Park Academy,Havering,Academy converter,Secondary,Mixed,Open,Non-selective,Does not apply,555559.0,188013.0,137414 < 102340,1677-09-21,2.0,2011-11-29,137414,137233;137197;137040,Sacred Heart of Mary Girls' School;Hall Mead School;The Campion School,1411;1419;1613,1;1;2,1.0,C3: grade 2 not better than comparator median 1.0,C3: grade 2 not better than comparator median 1.0,False
102340,Emerson Park School,Havering,Community school,Secondary,Mixed,Closed,Non-selective,Does not apply,555559.0,188013.0,102340,1677-09-21,3.0,2009-06-24,102340,137414;137233;137197,Emerson Park Academy;Sacred Heart of Mary Girls' School;Hall Mead School,0;1411;1419,2;1;1,1.0,C1: closed 2011-08-31,C1: closed 2011-08-31 | C3: grade 3 not better than comparator median 1.0,False
126925,Forest Lodge School,Havering,Community school,Secondary,Mixed,Closed,Non-selective,Does not apply,549289.0,191781.0,126925,1677-09-21,,,,139307;144094;137692,Bower Park Academy;Marshalls Park Academy;Forest Academy,1853;2652;2755,2;3;2,2.0,C1: closed 1990-08-31,C1: closed 1990-08-31 | C3: no grade in force on 2020-01-01,False
102344,Gaynes School,Havering,Community school,Secondary,Mixed,Closed,Non-selective,Does not apply,556274.0,185453.0,102344,1677-09-21,4.0,2018-04-23,102344,144095;136600;137233,Gaynes School;The Coopers' Company and Coborn School;Sacred Heart of Mary Girls' School,0;1233;1320,4;2;1,2.0,C1: closed 2018-06-30,C1: closed 2018-06-30 | C3: grade 4 not better than comparator median 2.0,False
144095,Gaynes School,Havering,Academy sponsor led,Secondary,Mixed,Open,Non-selective,Does not apply,556274.0,185453.0,144095 < 102344,1677-09-21,4.0,2018-04-23,102344,136600;137233;137197,The Coopers' Company and Coborn School;Sacred Heart of Mary Girls' School;Hall Mead School,1233;1320;2091,2;1;1,1.0,C3: grade 4 not better than comparator median 1.0,C3: grade 4 not better than comparator median 1.0,False
102337,Hall Mead School,Havering,Foundation school,Secondary,Mixed,Closed,Non-selective,None,556865.0,187459.0,102337,1677-09-21,2.0,2008-04-17,102337,137197;136600;137414,Hall Mead School;The Coopers' Company and Coborn School;Emerson Park Academy,0;888;1419,1;2;2,2.0,C1: closed 2011-07-31,C1: closed 2011-07-31 | C3: grade 2 not better than comparator median 2.0,False
126927,Havering Sixth Form College,Havering,Voluntary aided school,Secondary,,Closed,,None,,,126927,1677-09-21,,,,,,,,,C1: type Voluntary aided school; closed 1993-03-31; no coordinates,C1: type Voluntary aided school; closed 1993-03-31; no coordinates,False
143946,Hornchurch High School,Havering,Academy converter,Secondary,Mixed,Open,,None,552646.0,186721.0,143946 < 137189 < 102346,1677-09-21,2.0,2019-03-04,143946,136663;146309;138326,Abbs Cross Academy and Arts College;Sanders Draper;The Frances Bardsley Academy for Girls,805;1399;1611,2;3;2,2.0,C3: grade 2 not better than comparator median 2.0,C3: grade 2 not better than comparator median 2.0,False
102347,King's Wood School,Havering,Community school,Secondary,Mixed,Closed,Non-selective,Does not apply,555153.0,192680.0,102347,1677-09-21,,,,136090;137396;137040,Drapers' Academy;Redden Court School;The Campion School,229;2839;3314,3;2;2,2.0,C1: closed 2010-08-31,C1: closed 2010-08-31 | C3: no grade in force on 2020-01-01,False
144094,Marshalls Park Academy,Havering,Academy converter,Secondary,Mixed,Open,Non-selective,Does not apply,551408.0,190187.0,144094 < 102345,1677-09-21,3.0,2016-04-28,102345,139307;143877;138326,Bower Park Academy;The Royal Liberty School;The Frances Bardsley Academy for Girls,1687;1861;2154,2;2;2,2.0,C3: grade 3 not better than comparator median 2.0,C3: grade 3 not better than comparator median 2.0,False
102345,Marshalls Park School,Havering,Foundation school,Secondary,Mixed,Closed,Non-selective,Does not apply,551408.0,190187.0,102345,1677-09-21,3.0,2016-04-28,102345,144094;139307;143877,Marshalls Park Academy;Bower Park Academy;The Royal Liberty School,0;1687;1861,3;2;2,2.0,C1: closed 2017-03-31,C1: closed 2017-03-31 | C3: grade 3 not better than comparator median 2.0,False
102338,Redden Court School,Havering,Community school,Secondary,Mixed,Closed,Non-selective,Does not apply,554725.0,189873.0,102338,1677-09-21,3.0,2009-02-02,102338,137396;137040;143877,Redden Court School;The Campion School;The Royal Liberty School,0;479;1520,2;2;2,2.0,C1: closed 2011-08-31,C1: closed 2011-08-31 | C3: grade 3 not better than comparator median 2.0,False
137396,Redden Court School,Havering,Academy converter,Secondary,Mixed,Open,Non-selective,Does not apply,554725.0,189873.0,137396 < 102338,1677-09-21,2.0,2011-11-29,137396,137040;143877;137414,The Campion School;The Royal Liberty School;Emerson Park Academy,479;1520;2038,2;2;2,2.0,C3: grade 2 not better than comparator median 2.0,C3: grade 2 not better than comparator median 2.0,False
102354,Sacred Heart of Mary Girls' School,Havering,Voluntary aided school,Secondary,Girls,Closed,Non-selective,Roman Catholic,555627.0,186604.0,102354,1677-09-21,1.0,2009-05-21,102354,137233;136600;144095,Sacred Heart of Mary Girls' School;The Coopers' Company and Coborn School;Gaynes School,0;1159;1320,1;2;4,2.0,C1: type Voluntary aided school; closed 2011-07-31,"C1: type Voluntary aided school; closed 2011-07-31 | C2 (GIAS): Non-selective, religious character Roman Catholic",False
137233,Sacred Heart of Mary Girls' School,Havering,Academy converter,Secondary,Girls,Open,Non-selective,Roman Catholic,555627.0,186604.0,137233 < 102354,1677-09-21,1.0,2013-12-13,137233,136600;144095;137414,The Coopers' Company and Coborn School;Gaynes School;Emerson Park Academy,1159;1320;1411,2;4;2,2.0,"C2 (GIAS): Non-selective, religious character Roman Catholic","C2 (GIAS): Non-selective, religious character Roman Catholic",False
146309,Sanders Draper,Havering,Academy sponsor led,Secondary,Mixed,Open,Non-selective,None,553665.0,185763.0,146309 < 102341,1900-01-01,3.0,2017-04-20,102341,136663;143946;137233,Abbs Cross Academy and Arts College;Hornchurch High School;Sacred Heart of Mary Girls' School,599;1399;2135,2;2;1,2.0,C3: grade 3 not better than comparator median 2.0,C3: grade 3 not better than comparator median 2.0,False
102341,Sanders School,Havering,Foundation school,Secondary,Mixed,Closed,Non-selective,None,553667.0,185762.0,102341,1900-01-01,3.0,2017-04-20,102341,146309;136663;143946,Sanders Draper;Abbs Cross Academy and Arts College;Hornchurch High School,2;601;1401,3;2;2,2.0,C1: closed 2018-08-31,C1: closed 2018-08-31 | C3: grade 3 not better than comparator median 2.0,False
128911,St Cedd's RC School,Havering,Voluntary aided school,Secondary,Boys,Closed,Non-selective,None,557971.0,180776.0,128911,1677-09-21,,,,147537;135960;137549,Harris Academy Ockendon;Ormiston Park Academy;Harris Academy Chafford Hundred,1106;1403;2727,4;2;1,2.0,C1: type Voluntary aided school; closed 1989-08-31,C1: type Voluntary aided school; closed 1989-08-31 | C3: no grade in force on 2020-01-01,False
145944,St Edward's Church of England Academy,Havering,Academy sponsor led,Secondary,Mixed,Open,,Church of England,549392.0,188178.0,145944 < 137145 < 102349,1677-09-21,4.0,2018-04-24,137145,141178;101245;101247,The Warren School;Robert Clack School;All Saints Catholic School and Technology College,1015;1113;1128,2;2;2,2.0,"C2 (GIAS): , religious character Church of England","C2 (GIAS): , religious character Church of England | C3: grade 4 not better than comparator median 2.0",False
102349,St Edward's Church of England School & Sixth Form College,Havering,Voluntary aided school,Secondary,Mixed,Closed,Non-selective,Church of England,549396.0,188164.0,102349,1677-09-21,,,,145944;141178;101245,St Edward's Church of England Academy;The Warren School;Robert Clack School,15;1025;1099,4;2;2,2.0,C1: type Voluntary aided school; closed 2011-07-31,"C1: type Voluntary aided school; closed 2011-07-31 | C2 (GIAS): Non-selective, religious character Church of England | C3: no grade in force on 2020-01-01",False
137145,St Edward's Church of England School & Sixth Form College,Havering,Academy converter,Secondary,Mixed,Closed,Non-selective,Church of England,549396.0,188164.0,137145 < 102349,1677-09-21,4.0,2018-04-24,137145,145944;141178;101245,St Edward's Church of England Academy;The Warren School;Robert Clack School,15;1025;1099,4;2;2,2.0,C1: closed 2018-03-31,"C1: closed 2018-03-31 | C2 (GIAS): Non-selective, religious character Church of England | C3: grade 4 not better than comparator median 2.0",False
137189,The Albany School,Havering,Academy converter,Secondary,Mixed,Closed,Non-selective,None,552646.0,186721.0,137189 < 102346,1677-09-21,3.0,2015-03-18,137189,143946;136663;146309,Hornchurch High School;Abbs Cross Academy and Arts College;Sanders Draper,0;805;1399,2;2;3,2.0,C1: closed 2016-11-30,C1: closed 2016-11-30 | C3: grade 3 not better than comparator median 2.0,False
102346,"The Albany, A Business and Enterprise College",Havering,Foundation school,Secondary,Mixed,Closed,Non-selective,None,552646.0,186721.0,102346,1677-09-21,,,,143946;136663;146309,Hornchurch High School;Abbs Cross Academy and Arts College;Sanders Draper,0;805;1399,2;2;3,2.0,C1: closed 2011-07-31,C1: closed 2011-07-31 | C3: no grade in force on 2020-01-01,False
136576,The Brittons Academy,Havering,Academy converter,Secondary,Mixed,Open,Non-selective,None,551859.0,184206.0,136576 < 102339,1677-09-21,4.0,2019-11-03,136576,136028;136663;146309,Dagenham Park CofE School;Abbs Cross Academy and Arts College;Sanders Draper,2253;2338;2385,2;2;3,2.0,C3: grade 4 not better than comparator median 2.0,C3: grade 4 not better than comparator median 2.0,False
102350,The Campion School,Havering,Voluntary aided school,Secondary,Boys,Closed,Non-selective,Roman Catholic,554726.0,189394.0,102350,1677-09-21,2.0,2007-03-06,102350,137040;137396;143877,The Campion School;Redden Court School;The Royal Liberty School,0;479;1551,2;2;2,2.0,C1: type Voluntary aided school; closed 2011-07-31,"C1: type Voluntary aided school; closed 2011-07-31 | C2 (GIAS): Non-selective, religious character Roman Catholic | C3: grade 2 not better than comparator median 2.0",False
137040,The Campion School,Havering,Academy converter,Secondary,Boys,Open,Non-selective,Roman Catholic,554726.0,189394.0,137040 < 102350,1677-09-21,2.0,2012-06-18,137040,137396;143877;137414,Redden Court School;The Royal Liberty School;Emerson Park Academy,479;1551;1613,2;2;2,2.0,"C2 (GIAS): Non-selective, religious character Roman Catholic","C2 (GIAS): Non-selective, religious character Roman Catholic | C3: grade 2 not better than comparator median 2.0",False
102342,"The Chafford School, A Specialist Business and Enterprise College",Havering,Foundation school,Secondary,Mixed,Closed,Non-selective,None,553087.0,181922.0,102342,1677-09-21,,,,143428;136576;135960,Harris Academy Rainham;The Brittons Academy;Ormiston Park Academy,3;2593;3635,2;4;2,2.0,C1: closed 2013-10-31,C1: closed 2013-10-31 | C3: no grade in force on 2020-01-01,False
140300,"The Chafford School, A Specialist Business and Enterprise College",Havering,Academy converter,Secondary,Mixed,Closed,Non-selective,None,553087.0,181922.0,140300 < 102342,1677-09-21,3.0,2015-07-14,140300,143428;136576;135960,Harris Academy Rainham;The Brittons Academy;Ormiston Park Academy,3;2593;3635,2;4;2,2.0,C1: closed 2016-08-31,C1: closed 2016-08-31 | C3: grade 3 not better than comparator median 2.0,False
102353,The Coopers' Company and Coborn School,Havering,Voluntary aided school,Secondary,Mixed,Closed,Non-selective,Christian,556786.0,186575.0,102353,1677-09-21,2.0,2008-03-19,102353,136600;137197;137233,The Coopers' Company and Coborn School;Hall Mead School;Sacred Heart of Mary Girls' School,0;888;1159,2;1;1,1.0,C1: type Voluntary aided school; closed 2011-03-31,"C1: type Voluntary aided school; closed 2011-03-31 | C2 (GIAS): Non-selective, religious character Christian | C3: grade 2 not better than comparator median 1.0",False
136600,The Coopers' Company and Coborn School,Havering,Academy converter,Secondary,Mixed,Open,Non-selective,Christian,556786.0,186575.0,136600 < 102353,1677-09-21,2.0,2013-04-18,136600,137197;137233;144095,Hall Mead School;Sacred Heart of Mary Girls' School;Gaynes School,888;1159;1233,1;1;4,1.0,"C2 (GIAS): Non-selective, religious character Christian","C2 (GIAS): Non-selective, religious character Christian | C3: grade 2 not better than comparator median 1.0",False
138326,The Frances Bardsley Academy for Girls,Havering,Academy converter,Secondary,Girls,Open,Non-selective,None,552491.0,188325.0,138326 < 102351,1677-09-21,2.0,2011-11-07,102351,143877;143946;144094,The Royal Liberty School;Hornchurch High School;Marshalls Park Academy,1578;1611;2154,2;2;3,2.0,C3: grade 2 not better than comparator median 2.0,C3: grade 2 not better than comparator median 2.0,False
102351,The Frances Bardsley School for Girls,Havering,Foundation school,Secondary,Girls,Closed,Non-selective,None,552491.0,188325.0,102351,1677-09-21,2.0,2011-11-07,102351,138326;143877;143946,The Frances Bardsley Academy for Girls;The Royal Liberty School;Hornchurch High School,0;1578;1611,2;2;2,2.0,C1: closed 2012-06-30,C1: closed 2012-06-30 | C3: grade 2 not better than comparator median 2.0,False
102343,The Royal Liberty School,Havering,Foundation school,Secondary,Boys,Closed,Non-selective,None,553212.0,189729.0,102343,1677-09-21,2.0,2013-06-10,102343,143877;137396;137040,The Royal Liberty School;Redden Court School;The Campion School,0;1520;1551,2;2;2,2.0,C1: closed 2017-01-31,C1: closed 2017-01-31 | C3: grade 2 not better than comparator median 2.0,False
143877,The Royal Liberty School,Havering,Academy converter,Secondary,Boys,Open,Non-selective,None,553212.0,189729.0,143877 < 102343,1677-09-21,2.0,2013-06-10,102343,137396;137040;138326,Redden Court School;The Campion School;The Frances Bardsley Academy for Girls,1520;1551;1578,2;2;2,2.0,C3: grade 2 not better than comparator median 2.0,C3: grade 2 not better than comparator median 2.0,False
131639,Barnhill Community High School,Hillingdon,Foundation school,Secondary,Mixed,Closed,Non-selective,None,511160.0,182493.0,131639,1999-09-01,2.0,2008-10-07,131639,137844;134369;101940,Barnhill Community High School;Alec Reed Academy;Greenford High School,0;1847;2024,2;2;1,2.0,C1: closed 2012-01-31,C1: closed 2012-01-31 | C3: grade 2 not better than comparator median 2.0,False
137844,Barnhill Community High School,Hillingdon,Academy converter,Secondary,Mixed,Open,Non-selective,None,511160.0,182493.0,137844 < 131639,1999-09-01,2.0,2012-03-22,137844,134369;101940;137077,Alec Reed Academy;Greenford High School;Rosedale College,1847;2024;2401,2;1;2,2.0,C3: grade 2 not better than comparator median 2.0,C3: grade 2 not better than comparator median 2.0,False
126936,Barnhill School,Hillingdon,Community school,Secondary,Mixed,Closed,Non-selective,Does not apply,510732.0,182682.0,126936,1677-09-21,,,,137844;134369;137077,Barnhill Community High School;Alec Reed Academy;Rosedale College,468;2005;2159,2;2;2,2.0,C1: closed 1993-08-31,C1: closed 1993-08-31 | C3: no grade in force on 2020-01-01,False
137407,Bishop Ramsey Church of England School,Hillingdon,Academy converter,Secondary,Mixed,Open,Non-selective,Church of England,510324.0,187865.0,137407 < 102429,1677-09-21,1.0,2006-11-28,102429,142864;140748;136519,Pinner High School;Ruislip High School;Haydon School,1488;1568;1815,1;1;1,1.0,"C2 (GIAS): Non-selective, religious character Church of England","C2 (GIAS): Non-selective, religious character Church of England | C3: grade 1 not better than comparator median 1.0",False
102429,Bishop Ramsey CofE Voluntary Aided Secondary School,Hillingdon,Voluntary aided school,Secondary,Mixed,Closed,Non-selective,Church of England,510324.0,187865.0,102429,1677-09-21,1.0,2006-11-28,102429,137407;142864;140748,Bishop Ramsey Church of England School;Pinner High School;Ruislip High School,0;1488;1568,1;1;1,1.0,C1: type Voluntary aided school; closed 2011-08-31,"C1: type Voluntary aided school; closed 2011-08-31 | C2 (GIAS): Non-selective, religious character Church of England | C3: grade 1 not better than comparator median 1.0",False
102440,Bishopshalt School,Hillingdon,Foundation school,Secondary,Mixed,Closed,Non-selective,None,506940.0,182635.0,102440,1677-09-21,3.0,2009-02-25,102440,137633;102449;136768,Bishopshalt School;Oak Wood School;Uxbridge High School,0;1034;1039,2;3;2,2.0,C1: closed 2011-10-31,C1: closed 2011-10-31 | C3: grade 3 not better than comparator median 2.0,False
137633,Bishopshalt School,Hillingdon,Academy converter,Secondary,Mixed,Open,Non-selective,None,506940.0,182635.0,137633 < 102440,1677-09-21,2.0,2012-03-06,137633,102449;136768;136631,Oak Wood School;Uxbridge High School;Swakeleys School for Girls,1034;1039;1145,3;2;1,2.0,C3: grade 2 not better than comparator median 2.0,C3: grade 2 not better than comparator median 2.0,False
141035,De Salis Studio College,Hillingdon,Studio schools,Secondary,Mixed,Open,,Does not apply,508346.0,182206.0,141035,2014-09-01,2.0,2019-06-18,141035,137078;136631;102449,Hewens College;Swakeleys School for Girls;Oak Wood School,0;1065;1124,3;1;3,3.0,C1: type Studio schools,C1: type Studio schools,False
102427,Evelyns School,Hillingdon,Community school,Secondary,Mixed,Closed,Non-selective,Does not apply,506849.0,181375.0,102427,1677-09-21,,,,145121;137633;137078,Park Academy West London;Bishopshalt School;Hewens College,218;1263;1712,4;2;3,3.0,C1: closed 2004-08-31,C1: closed 2004-08-31 | C3: no grade in force on 2020-01-01,False
142887,Global Academy,Hillingdon,University technical college,Secondary,Mixed,Open,Non-selective,Does not apply,509263.0,179598.0,142887,2016-09-12,2.0,2019-06-10,142887,102451;137077;136329,Harlington School;Rosedale College;Guru Nanak Sikh Academy,1072;1700;2051,2;2;2,2.0,C1: type University technical college; opened 2016-09-12,C1: type University technical college; opened 2016-09-12 | C3: grade 2 not better than comparator median 2.0,False
136329,Guru Nanak Sikh Academy,Hillingdon,Academy converter,All-through,Mixed,Open,Non-selective,Sikh,511258.0,180073.0,136329 < 131928 < 131927 < 102459,1677-09-21,2.0,2014-07-02,136329,137729;101928;136522,Featherstone High School;Villiers High School;Cranford Community College,1298;1679;2409,1;1;1,1.0,"C2 (GIAS): Non-selective, religious character Sikh","C2 (GIAS): Non-selective, religious character Sikh | C3: grade 2 not better than comparator median 1.0",False
131928,Guru Nanak Sikh Voluntary Aided Secondary School,Hillingdon,Voluntary aided school,Secondary,Mixed,Closed,Non-selective,Sikh,511258.0,180073.0,131928 < 102459,1677-09-21,1.0,2008-04-23,131928,136329;137729;101928,Guru Nanak Sikh Academy;Featherstone High School;Villiers High School,0;1298;1679,2;1;1,1.0,C1: type Voluntary aided school; closed 2010-10-31,"C1: type Voluntary aided school; closed 2010-10-31 | C2 (GIAS): Non-selective, religious character Sikh | C3: grade 1 not better than comparator median 1.0",False
135004,Harefield School,Hillingdon,Academy sponsor led,Secondary,Mixed,Open,Non-selective,Does not apply,505830.0,190837.0,135004 < 102428,1677-09-21,3.0,2018-10-25,135004,139662;137914;136519,The Reach Free School;Saint Joan of Arc Catholic School;Haydon School,3676;3799;4301,2;2;1,2.0,C3: grade 3 not better than comparator median 2.0,C3: grade 3 not better than comparator median 2.0,False
102451,Harlington School,Hillingdon,Foundation school,Secondary,Mixed,Open,Non-selective,None,508630.0,178733.0,102451,1677-09-21,2.0,2015-02-23,102451,136522;137077;136329,Cranford Community College;Rosedale College;Guru Nanak Sikh Academy,2334;2595;2950,1;2;2,2.0,C3: grade 2 not better than comparator median 2.0,C3: grade 2 not better than comparator median 2.0,False
102441,Haydon School,Hillingdon,Foundation school,Secondary,Mixed,Closed,Non-selective,None,509962.0,189644.0,102441,1677-09-21,1.0,2007-06-26,102441,136519;137829;137407,Haydon School;Northwood School;Bishop Ramsey Church of England School,0;967;1815,1;1;1,1.0,C1: closed 2011-03-31,C1: closed 2011-03-31 | C3: grade 1 not better than comparator median 1.0,False
136519,Haydon School,Hillingdon,Academy converter,Secondary,Mixed,Open,Non-selective,None,509962.0,189644.0,136519 < 102441,1677-09-21,1.0,2007-06-26,102441,137829;137407;142864,Northwood School;Bishop Ramsey Church of England School;Pinner High School,967;1815;2527,1;1;1,1.0,C3: grade 1 not better than comparator median 1.0,C3: grade 1 not better than comparator median 1.0,False
140941,Heathrow Aviation Engineering UTC,Hillingdon,University technical college,Secondary,Mixed,Closed,Non-selective,None,510444.0,190562.0,140941,2014-09-01,3.0,2017-03-22,140941,137829;136519;137407,Northwood School;Haydon School;Bishop Ramsey Church of England School,70;1037;2700,1;1;1,1.0,C1: type University technical college; closed 2018-08-31,C1: type University technical college; closed 2018-08-31 | C3: grade 3 not better than comparator median 1.0,False
137078,Hewens College,Hillingdon,Academy converter,Secondary,Mixed,Open,Non-selective,None,508346.0,182206.0,137078 < 102447,1677-09-21,3.0,2019-05-08,137078,136631;102449;137077,Swakeleys School for Girls;Oak Wood School;Rosedale College,1065;1124;1177,1;3;2,2.0,C3: grade 3 not better than comparator median 2.0,C3: grade 3 not better than comparator median 2.0,False
102428,John Penrose School,Hillingdon,Community school,Secondary,Mixed,Closed,Non-selective,Does not apply,505694.0,190765.0,102428,1677-09-21,,,,135004;139662;137914,Harefield School;The Reach Free School;Saint Joan of Arc Catholic School,154;3655;3889,3;2;2,2.0,C1: closed 2005-08-31,C1: closed 2005-08-31 | C3: no grade in force on 2020-01-01,False
102447,Mellow Lane School,Hillingdon,Foundation school,Secondary,Mixed,Closed,Non-selective,None,508346.0,182206.0,102447,1677-09-21,,,,137078;136631;102449,Hewens College;Swakeleys School for Girls;Oak Wood School,0;1065;1124,3;1;3,3.0,C1: closed 2011-07-31,C1: closed 2011-07-31 | C3: no grade in force on 2020-01-01,False
102445,Northwood School,Hillingdon,Foundation school,Secondary,Mixed,Closed,Non-selective,None,510520.0,190656.0,102445,1677-09-21,,,,137829;136519;137407,Northwood School;Haydon School;Bishop Ramsey Church of England School,191;1156;2798,1;1;1,1.0,C1: closed 2012-01-31,C1: closed 2012-01-31 | C3: no grade in force on 2020-01-01,False
137829,Northwood School,Hillingdon,Academy converter,Secondary,Mixed,Open,Non-selective,None,510406.0,190503.0,137829 < 102445,1677-09-21,1.0,2018-11-05,137829,136519;137407;142864,Haydon School;Bishop Ramsey Church of England School;Pinner High School,967;2639;2939,1;1;1,1.0,C3: grade 1 not better than comparator median 1.0,C3: grade 1 not better than comparator median 1.0,False
102449,Oak Wood School,Hillingdon,Foundation school,Secondary,Mixed,Open,Non-selective,None,507810.0,183194.0,102449,1677-09-21,3.0,2018-12-13,102449,136631;137633;137078,Swakeleys School for Girls;Bishopshalt School;Hewens College,131;1034;1124,1;2;3,2.0,C3: grade 3 not better than comparator median 2.0,C3: grade 3 not better than comparator median 2.0,False
145121,Park Academy West London,Hillingdon,Academy sponsor led,Secondary,Mixed,Open,Non-selective,None,506879.0,181159.0,145121 < 134797 < 102427,1677-09-21,4.0,2015-09-07,134797,137633;137078;136768,Bishopshalt School;Hewens College;Uxbridge High School,1477;1802;2135,2;3;2,2.0,C3: grade 4 not better than comparator median 2.0,C3: grade 4 not better than comparator median 2.0,False
138368,Parkside Studio College,Hillingdon,Studio schools,Secondary,Mixed,Open,Non-selective,Does not apply,509087.0,181288.0,138368,2012-08-31,3.0,2019-11-26,138368,137077;137078;145121,Rosedale College;Hewens College;Park Academy West London,4;1180;2212,2;3;4,3.0,C1: type Studio schools,C1: type Studio schools | C3: grade 3 not better than comparator median 3.0,False
102443,Queensmead School,Hillingdon,Foundation school,Secondary,Mixed,Closed,Non-selective,None,511763.0,185530.0,102443,1677-09-21,1.0,2008-03-19,102443,136711;101943;137198,Queensmead School;Islip Manor High School;Rooks Heath School,0;1078;1311,1;2;2,2.0,C1: closed 2011-04-30,C1: closed 2011-04-30,False
102446,Rosedale College,Hillingdon,Foundation school,Secondary,Mixed,Closed,Non-selective,None,509083.0,181288.0,102446,1677-09-21,1.0,2010-09-15,102446,137077;137078;145121,Rosedale College;Hewens College;Park Academy West London,0;1177;2208,2;3;4,3.0,C1: closed 2011-07-31,C1: closed 2011-07-31,False
133625,Ruislip High School,Hillingdon,Community school,Secondary,Mixed,Closed,Non-selective,Does not apply,510448.0,186302.0,133625,2006-09-01,1.0,2011-07-14,133625,140748;136711;137407,Ruislip High School;Queensmead School;Bishop Ramsey Church of England School,0;1525;1568,1;1;1,1.0,C1: closed 2014-03-31,C1: closed 2014-03-31 | C3: grade 1 not better than comparator median 1.0,False
140748,Ruislip High School,Hillingdon,Academy converter,Secondary,Mixed,Open,Non-selective,Does not apply,510448.0,186302.0,140748 < 133625,2006-09-01,1.0,2011-07-14,133625,136711;137407;142864,Queensmead School;Bishop Ramsey Church of England School;Pinner High School,1525;1568;2117,1;1;1,1.0,C3: grade 1 not better than comparator median 1.0,C3: grade 1 not better than comparator median 1.0,False
134797,Stockley Academy,Hillingdon,Academy sponsor led,Secondary,Mixed,Closed,Non-selective,Does not apply,506879.0,181159.0,134797 < 102427,1677-09-21,4.0,2015-09-07,134797,145121;137633;137078,Park Academy West London;Bishopshalt School;Hewens College,0;1477;1802,4;2;3,3.0,C1: closed 2017-08-31,C1: closed 2017-08-31 | C3: grade 4 not better than comparator median 3.0,False
102450,Swakeleys School,Hillingdon,Foundation school,Secondary,Girls,Closed,Non-selective,None,507941.0,183191.0,102450,1677-09-21,2.0,2010-03-05,102450,136631;102449;137078,Swakeleys School for Girls;Oak Wood School;Hewens College,0;131;1065,1;3;3,3.0,C1: closed 2011-03-31,C1: closed 2011-03-31,False
102448,The Douay Martyrs Catholic School,Hillingdon,Voluntary aided school,Secondary,Mixed,Closed,Non-selective,Roman Catholic,507926.0,185611.0,102448,1677-09-21,,,,137925;137635;102449,The Douay Martyrs Catholic School;Vyners School;Oak Wood School,0;1218;2420,2;1;3,2.0,C1: type Voluntary aided school; closed 2012-02-29,"C1: type Voluntary aided school; closed 2012-02-29 | C2 (GIAS): Non-selective, religious character Roman Catholic | C3: no grade in force on 2020-01-01",False
137925,The Douay Martyrs Catholic School,Hillingdon,Academy converter,Secondary,Mixed,Open,Non-selective,Roman Catholic,507926.0,185611.0,137925 < 102448,1677-09-21,2.0,2018-11-11,137925,137635;102449;136631,Vyners School;Oak Wood School;Swakeleys School for Girls,1218;2420;2420,1;3;1,1.0,"C2 (GIAS): Non-selective, religious character Roman Catholic","C2 (GIAS): Non-selective, religious character Roman Catholic | C3: grade 2 not better than comparator median 1.0",False
126937,Townmead School,Hillingdon,Community school,Secondary,Mixed,Closed,Non-selective,Does not apply,505809.0,178877.0,126937,1677-09-21,,,,145121;102451;137633,Park Academy West London;Harlington School;Bishopshalt School,2520;2825;3925,4;2;2,2.0,C1: closed 1993-08-31,C1: closed 1993-08-31 | C3: no grade in force on 2020-01-01,False
146375,UTC Heathrow,Hillingdon,University technical college,Secondary,Mixed,Open,,Does not apply,510444.0,190562.0,146375 < 140941,2014-09-01,3.0,2017-03-22,140941,137829;136519;137407,Northwood School;Haydon School;Bishop Ramsey Church of England School,70;1037;2700,1;1;1,1.0,C1: type University technical college,C1: type University technical college | C3: grade 3 not better than comparator median 1.0,False
102444,Uxbridge High School,Hillingdon,Foundation school,Secondary,Mixed,Closed,Non-selective,None,506018.0,183113.0,102444,1677-09-21,,,,136768;137633;102449,Uxbridge High School;Bishopshalt School;Oak Wood School,0;1039;1794,2;2;3,2.0,C1: closed 2011-05-31,C1: closed 2011-05-31 | C3: no grade in force on 2020-01-01,False
136768,Uxbridge High School,Hillingdon,Academy converter,Secondary,Mixed,Open,Non-selective,None,506018.0,183113.0,136768 < 102444,1677-09-21,2.0,2018-03-28,136768,137633;102449;136631,Bishopshalt School;Oak Wood School;Swakeleys School for Girls,1039;1794;1925,2;3;1,2.0,C3: grade 2 not better than comparator median 2.0,C3: grade 2 not better than comparator median 2.0,False
102442,Vyners School,Hillingdon,Foundation school,Secondary,Mixed,Closed,Non-selective,None,506711.0,185521.0,102442,1677-09-21,,,,137635;137925;136768,Vyners School;The Douay Martyrs Catholic School;Uxbridge High School,0;1218;2506,1;2;2,2.0,C1: closed 2011-10-31,C1: closed 2011-10-31 | C3: no grade in force on 2020-01-01,False
102536,Brentford School for Girls,Hounslow,Community school,Secondary,Girls,Closed,Non-selective,Does not apply,517692.0,177626.0,102536,1677-09-21,2.0,2011-10-19,102536,139095;102545;142654,Brentford School for Girls;Gunnersbury Catholic School;Ealing Fields Church of England High School,0;1035;1307,2;1;2,2.0,C1: closed 2012-11-30,C1: closed 2012-11-30 | C3: grade 2 not better than comparator median 2.0,False
139095,Brentford School for Girls,Hounslow,Academy converter,Secondary,Girls,Open,Non-selective,Does not apply,517692.0,177626.0,139095 < 102536,1677-09-21,2.0,2011-10-19,102536,102545;142654;139989,Gunnersbury Catholic School;Ealing Fields Church of England High School;The Green School for Girls,1035;1307;1463,1;2;1,1.0,C3: grade 2 not better than comparator median 1.0,C3: grade 2 not better than comparator median 1.0,False
102532,Chiswick Community School,Hounslow,Foundation school,Secondary,Mixed,Closed,Non-selective,None,520934.0,177319.0,102532,1677-09-21,,,,137907;136750;136208,Chiswick School;West London Free School;Lift Richmond Park,0;1930;2174,3;2;2,2.0,C1: closed 2012-02-29,C1: closed 2012-02-29 | C3: no grade in force on 2020-01-01,False
137907,Chiswick School,Hounslow,Academy converter,Secondary,Mixed,Open,Non-selective,None,520934.0,177319.0,137907 < 102532,1677-09-21,3.0,2017-10-26,137907,136750;136208;136172,West London Free School;Lift Richmond Park;Hammersmith Academy,1930;2174;2792,2;2;2,2.0,C3: grade 3 not better than comparator median 2.0,C3: grade 3 not better than comparator median 2.0,False
102540,Cranford Community College,Hounslow,Foundation school,Secondary,Mixed,Closed,Non-selective,None,510734.0,177722.0,102540,1677-09-21,2.0,2008-04-22,102540,136522;137729;102451,Cranford Community College;Featherstone High School;Harlington School,0;1879;2334,1;1;2,1.0,C1: closed 2011-03-31,C1: closed 2011-03-31 | C3: grade 2 not better than comparator median 1.0,False
102535,Feltham Community College,Hounslow,Foundation school,Secondary,Mixed,Closed,Non-selective,None,511218.0,172870.0,102535,1677-09-21,2.0,2010-04-01,102535,137618;138266;137009,Springwest Academy;Reach Academy Feltham;Rivers Academy West London,0;737;1702,2;1;2,2.0,C1: closed 2011-10-31,C1: closed 2011-10-31 | C3: grade 2 not better than comparator median 2.0,False
102544,"Gumley House RC Convent School, FCJ",Hounslow,Voluntary aided school,Secondary,Girls,Closed,Non-selective,Roman Catholic,516073.0,175779.0,102544,1677-09-21,,,,137928;139989;137940,"Gumley House RC Convent School, FCJ;The Green School for Girls;Isleworth and Syon School for Boys",0;1176;1495,2;1;2,2.0,C1: type Voluntary aided school; closed 2012-02-29,"C1: type Voluntary aided school; closed 2012-02-29 | C2 (GIAS): Non-selective, religious character Roman Catholic | C3: no grade in force on 2020-01-01",False
137928,"Gumley House RC Convent School, FCJ",Hounslow,Academy converter,Secondary,Girls,Open,Non-selective,Roman Catholic,516073.0,175779.0,137928 < 102544,1677-09-21,2.0,2018-11-12,137928,139989;137940;139276,The Green School for Girls;Isleworth and Syon School for Boys;Lift Kingsley,1176;1495;1990,1;2;2,2.0,"C2 (GIAS): Non-selective, religious character Roman Catholic","C2 (GIAS): Non-selective, religious character Roman Catholic | C3: grade 2 not better than comparator median 2.0",False
102545,Gunnersbury Catholic School,Hounslow,Voluntary aided school,Secondary,Boys,Open,Non-selective,Roman Catholic,517147.0,178506.0,102545,1677-09-21,1.0,2009-06-02,102545,142654;139095;131310,Ealing Fields Church of England High School;Brentford School for Girls;Elthorne Park High School,367;1035;1313,2;2;1,2.0,C1: type Voluntary aided school,"C1: type Voluntary aided school | C2 (GIAS): Non-selective, religious character Roman Catholic",False
102537,Heston Community School,Hounslow,Foundation school,Secondary,Mixed,Closed,Non-selective,None,513320.0,177368.0,102537,1677-09-21,2.0,2012-05-11,102537,138924;136341;139276,Heston Community School;Lampton Academy;Lift Kingsley,0;753;1625,2;1;2,2.0,C1: closed 2012-10-31,C1: closed 2012-10-31 | C3: grade 2 not better than comparator median 2.0,False
138924,Heston Community School,Hounslow,Academy converter,Secondary,Mixed,Open,Non-selective,None,513320.0,177368.0,138924 < 102537,1677-09-21,2.0,2012-05-11,102537,136341;139276;137995,Lampton Academy;Lift Kingsley;St Mark's Catholic School,753;1625;1761,1;2;1,1.0,C3: grade 2 not better than comparator median 1.0,C3: grade 2 not better than comparator median 1.0,False
102533,Hounslow Manor School,Hounslow,Community school,Secondary,Mixed,Closed,Non-selective,Does not apply,514089.0,175937.0,102533,1677-09-21,,,,139276;136341;137995,Lift Kingsley;Lampton Academy;St Mark's Catholic School,0;946;1120,2;1;1,1.0,C1: closed 2013-03-31,C1: closed 2013-03-31 | C3: no grade in force on 2020-01-01,False
102541,Isleworth and Syon School for Boys,Hounslow,Voluntary controlled school,Secondary,Boys,Closed,Non-selective,None,515270.0,177040.0,102541,1677-09-21,2.0,2010-06-10,102541,137940;139720;139989,Isleworth and Syon School for Boys;Nishkam School West London;The Green School for Girls,0;781;1158,2;1;1,1.0,C1: closed 2012-02-29,C1: closed 2012-02-29 | C3: grade 2 not better than comparator median 1.0,False
137940,Isleworth and Syon School for Boys,Hounslow,Academy converter,Secondary,Boys,Open,Non-selective,None,515270.0,177040.0,137940 < 102541,1677-09-21,2.0,2013-05-24,137940,139720;139989;137928,"Nishkam School West London;The Green School for Girls;Gumley House RC Convent School, FCJ",781;1158;1495,1;1;2,1.0,C3: grade 2 not better than comparator median 1.0,C3: grade 2 not better than comparator median 1.0,False
102538,Lampton School,Hounslow,Foundation school,Secondary,Mixed,Closed,Non-selective,None,513439.0,176624.0,102538,1677-09-21,1.0,2008-06-13,102538,136341;138924;139276,Lampton Academy;Heston Community School;Lift Kingsley,0;753;946,1;2;2,2.0,C1: closed 2010-08-31,C1: closed 2010-08-31,False
139276,Lift Kingsley,Hounslow,Academy sponsor led,Secondary,Mixed,Open,Non-selective,Does not apply,514089.0,175937.0,139276 < 102533,1677-09-21,2.0,2019-11-13,139276,136341;137995;137940,Lampton Academy;St Mark's Catholic School;Isleworth and Syon School for Boys,946;1120;1616,1;1;2,1.0,C3: grade 2 not better than comparator median 1.0,C3: grade 2 not better than comparator median 1.0,False
142781,Logic Studio School,Hounslow,Studio schools,Secondary,Mixed,Open,Non-selective,Does not apply,511218.0,172870.0,142781,2016-09-01,2.0,2019-04-29,142781,137618;138266;137009,Springwest Academy;Reach Academy Feltham;Rivers Academy West London,0;737;1702,2;1;2,2.0,C1: type Studio schools; opened 2016-09-01,C1: type Studio schools; opened 2016-09-01 | C3: grade 2 not better than comparator median 2.0,False
102534,Longford Community School,Hounslow,Community school,Secondary,Mixed,Closed,Non-selective,Does not apply,509821.0,173842.0,102534,1677-09-21,,,,137009;138266;137618,Rivers Academy West London;Reach Academy Feltham;Springwest Academy,0;1262;1702,2;1;2,2.0,C1: closed 2011-07-31,C1: closed 2011-07-31 | C3: no grade in force on 2020-01-01,False
139720,Nishkam School West London,Hounslow,Free schools,All-through,Mixed,Open,Not applicable,Sikh,515605.0,177746.0,139720,2013-09-09,1.0,2016-10-14,139720,137940;139989;131310,Isleworth and Syon School for Boys;The Green School for Girls;Elthorne Park High School,781;1173;1533,2;1;1,1.0,"C2 (GIAS): Not applicable, religious character Sikh","C2 (GIAS): Not applicable, religious character Sikh | C3: grade 1 not better than comparator median 1.0",False
143730,Reach Academy Hanworth Park,Hounslow,Free schools,All-through,Mixed,Open,Non-selective,None,510515.0,172769.0,143730,2024-09-01,,,,138266;137618;137009,Reach Academy Feltham;Springwest Academy;Rivers Academy West London,27;710;1278,1;2;2,2.0,C1: opened 2024-09-01,C1: opened 2024-09-01 | C3: no grade in force on 2020-01-01,False
137009,Rivers Academy West London,Hounslow,Academy converter,Secondary,Mixed,Open,Non-selective,Does not apply,509821.0,173842.0,137009 < 102534,1677-09-21,2.0,2019-03-04,137009,138266;137618;102539,Reach Academy Feltham;Springwest Academy;The Heathland School,1262;1702;3151,1;2;1,1.0,C3: grade 2 not better than comparator median 1.0,C3: grade 2 not better than comparator median 1.0,False
142126,Space Studio West London,Hounslow,Studio schools,Secondary,Mixed,Open,Non-selective,None,509821.0,173842.0,142126,2015-09-01,2.0,2018-02-07,142126,137009;138266;137618,Rivers Academy West London;Reach Academy Feltham;Springwest Academy,0;1262;1702,2;1;2,2.0,C1: type Studio schools; opened 2015-09-01,C1: type Studio schools; opened 2015-09-01 | C3: grade 2 not better than comparator median 2.0,False
137618,Springwest Academy,Hounslow,Academy converter,Secondary,Mixed,Open,Non-selective,None,511218.0,172870.0,137618 < 102535,1677-09-21,2.0,2014-10-21,137618,138266;137009;102539,Reach Academy Feltham;Rivers Academy West London;The Heathland School,737;1702;2321,1;2;1,1.0,C3: grade 2 not better than comparator median 1.0,C3: grade 2 not better than comparator median 1.0,False
102543,St Mark's Catholic School,Hounslow,Voluntary aided school,Secondary,Mixed,Closed,Non-selective,Roman Catholic,513010.0,175635.0,102543,1677-09-21,1.0,2009-02-24,102543,137995;136341;139276,St Mark's Catholic School;Lampton Academy;Lift Kingsley,0;1078;1120,1;1;2,1.0,C1: type Voluntary aided school; closed 2012-03-31,"C1: type Voluntary aided school; closed 2012-03-31 | C2 (GIAS): Non-selective, religious character Roman Catholic | C3: grade 1 not better than comparator median 1.0",False
137995,St Mark's Catholic School,Hounslow,Academy converter,Secondary,Mixed,Open,Non-selective,Roman Catholic,513010.0,175635.0,137995 < 102543,1677-09-21,1.0,2009-02-24,102543,136341;139276;102539,Lampton Academy;Lift Kingsley;The Heathland School,1078;1120;1183,1;2;1,1.0,"C2 (GIAS): Non-selective, religious character Roman Catholic","C2 (GIAS): Non-selective, religious character Roman Catholic | C3: grade 1 not better than comparator median 1.0",False
102542,The Green School,Hounslow,Voluntary aided school,Secondary,Girls,Closed,Non-selective,Church of England,516420.0,176903.0,102542,1677-09-21,1.0,2011-10-19,102542,139989;137940;139720,The Green School for Girls;Isleworth and Syon School for Boys;Nishkam School West London,0;1158;1173,1;2;1,1.0,C1: type Voluntary aided school; closed 2013-07-31,"C1: type Voluntary aided school; closed 2013-07-31 | C2 (GIAS): Non-selective, religious character Church of England | C3: grade 1 not better than comparator median 1.0",False
144515,The Green School for Boys,Hounslow,Free schools,Secondary,Boys,Open,,Church of England,516545.0,176757.0,144515,2017-09-03,,,,139989;137928;137940,"The Green School for Girls;Gumley House RC Convent School, FCJ;Isleworth and Syon School for Boys",192;1086;1306,1;2;2,2.0,C1: opened 2017-09-03,"C1: opened 2017-09-03 | C2 (GIAS): , religious character Church of England | C3: no grade in force on 2020-01-01",False
139989,The Green School for Girls,Hounslow,Academy converter,Secondary,Girls,Open,Non-selective,Church of England,516420.0,176903.0,139989 < 102542,1677-09-21,1.0,2011-10-19,102542,137940;139720;137928,"Isleworth and Syon School for Boys;Nishkam School West London;Gumley House RC Convent School, FCJ",1158;1173;1176,2;1;2,2.0,"C2 (GIAS): Non-selective, religious character Church of England","C2 (GIAS): Non-selective, religious character Church of England",False
131690,Arts and Media School Islington,Islington,Foundation school,Secondary,Mixed,Open,Non-selective,None,530684.0,187037.0,131690 < 100456,1677-09-21,2.0,2017-12-07,131690,143659;100459;102153,"City of London Academy, Highgate Hill;St Aloysius RC College;Hornsey School for Girls",944;1615;1647,2;3;2,2.0,C3: grade 2 not better than comparator median 2.0,C3: grade 2 not better than comparator median 2.0,False
100453,Beacon High,Islington,Community school,Secondary,Mixed,Closed,Non-selective,Does not apply,529750.0,185518.0,100453,1677-09-21,3.0,2019-06-11,100453,100053;100054;100050,Acland Burghley School;The Camden School for Girls;Parliament Hill School,890;913;1469,2;1;2,2.0,C3: grade 3 not better than comparator median 2.0,C3: grade 3 not better than comparator median 2.0,False
100458,Central Foundation Boys' School,Islington,Voluntary aided school,Secondary,Boys,Open,Non-selective,None,532888.0,182441.0,100458,1677-09-21,1.0,2015-03-02,100458,137789;100277;131609,Mulberry Academy Shoreditch;Haggerston School;The Bridge Academy,1151;1251;1456,1;2;2,2.0,C1: type Voluntary aided school,C1: type Voluntary aided school,False
144962,City of London Academy Highbury Grove,Islington,Academy sponsor led,Secondary,Mixed,Open,Non-selective,Does not apply,531981.0,185153.0,144962 < 100452,1677-09-21,4.0,2017-03-31,100452,100455;134314;100279,Highbury Fields School;St Mary Magdalene Academy;Stoke Newington School and Sixth Form,415;872;1285,1;2;2,2.0,C3: grade 4 not better than comparator median 2.0,C3: grade 4 not better than comparator median 2.0,False
135587,City of London Academy Islington,Islington,Academy sponsor led,Secondary,Mixed,Open,Non-selective,Does not apply,532038.0,183639.0,135587 < 100454,1677-09-21,1.0,2019-04-04,135587,100457;147653;100458,Elizabeth Garrett Anderson School;Waterside Academy;Central Foundation Boys' School,1103;1456;1469,1;4;1,1.0,C3: grade 1 not better than comparator median 1.0,C3: grade 1 not better than comparator median 1.0,False
143659,"City of London Academy, Highgate Hill",Islington,Free schools,Secondary,Mixed,Open,Non-selective,None,529743.0,187113.0,143659 < 100460,1677-09-21,2.0,2014-04-29,100460,100459;131690;100053,St Aloysius RC College;Arts and Media School Islington;Acland Burghley School,678;944;1417,3;2;2,2.0,C3: grade 2 not better than comparator median 2.0,C3: grade 2 not better than comparator median 2.0,False
100456,George Orwell School,Islington,Community school,Secondary,Mixed,Closed,Non-selective,Does not apply,530684.0,187037.0,100456,1677-09-21,,,,131690;143659;100459,"Arts and Media School Islington;City of London Academy, Highgate Hill;St Aloysius RC College",0;944;1615,2;2;3,2.0,C1: closed 1999-08-31,C1: closed 1999-08-31 | C3: no grade in force on 2020-01-01,False
100452,Highbury Grove School,Islington,Community school,Secondary,Mixed,Closed,Non-selective,Does not apply,531981.0,185153.0,100452,1677-09-21,4.0,2017-03-31,100452,144962;100455;134314,City of London Academy Highbury Grove;Highbury Fields School;St Mary Magdalene Academy,0;415;872,4;1;2,2.0,C1: closed 2017-11-30,C1: closed 2017-11-30 | C3: grade 4 not better than comparator median 2.0,False
100454,Islington Green School,Islington,Community school,Secondary,Mixed,Closed,Non-selective,Does not apply,532038.0,183639.0,100454,1677-09-21,,,,135587;100457;147653,City of London Academy Islington;Elizabeth Garrett Anderson School;Waterside Academy,0;1103;1456,1;1;4,1.0,C1: closed 2008-08-31,C1: closed 2008-08-31 | C3: no grade in force on 2020-01-01,False
152337,Lift Beacon High,Islington,Academy converter,Secondary,Mixed,Open,Non-selective,Does not apply,529750.0,185518.0,152337 < 100453,1677-09-21,3.0,2019-06-11,100453,100053;100054;100050,Acland Burghley School;The Camden School for Girls;Parliament Hill School,890;913;1469,2;1;2,2.0,C3: grade 3 not better than comparator median 2.0,C3: grade 3 not better than comparator median 2.0,False
100460,Mount Carmel Catholic College for Girls,Islington,Voluntary aided school,Secondary,Girls,Closed,Non-selective,Roman Catholic,529728.0,187094.0,100460,1677-09-21,2.0,2014-04-29,100460,143659;100459;131690,"City of London Academy, Highgate Hill;St Aloysius RC College;Arts and Media School Islington",24;669;958,2;3;2,2.0,C1: type Voluntary aided school; closed 2017-08-31,"C1: type Voluntary aided school; closed 2017-08-31 | C2 (GIAS): Non-selective, religious character Roman Catholic | C3: grade 2 not better than comparator median 2.0",False
100459,St Aloysius RC College,Islington,Voluntary aided school,Secondary,Boys,Closed,Non-selective,Roman Catholic,529090.0,187296.0,100459,1677-09-21,3.0,2018-11-29,100459,143659;100059;102154,"City of London Academy, Highgate Hill;La Sainte Union Catholic Secondary School;Highgate Wood Secondary School",678;1314;1356,2;2;2,2.0,C1: type Voluntary aided school; closed 2025-08-31,"C1: type Voluntary aided school; closed 2025-08-31 | C2 (GIAS): Non-selective, religious character Roman Catholic | C3: grade 3 not better than comparator median 2.0",False
151990,St Aloysius' College,Islington,Academy converter,Secondary,Mixed,Open,Non-selective,Roman Catholic,529090.0,187296.0,151990 < 100459,1677-09-21,3.0,2018-11-29,100459,143659;100059;102154,"City of London Academy, Highgate Hill;La Sainte Union Catholic Secondary School;Highgate Wood Secondary School",678;1314;1356,2;2;2,2.0,"C2 (GIAS): Non-selective, religious character Roman Catholic","C2 (GIAS): Non-selective, religious character Roman Catholic | C3: grade 3 not better than comparator median 2.0",False
134314,St Mary Magdalene Academy,Islington,Academy sponsor led,All-through,Mixed,Open,Non-selective,Church of England,531162.0,184855.0,134314 < 100445,1677-09-21,2.0,2013-06-07,134314,100455;144962;135587,Highbury Fields School;City of London Academy Highbury Grove;City of London Academy Islington,836;872;1499,1;4;1,1.0,"C2 (GIAS): Non-selective, religious character Church of England","C2 (GIAS): Non-selective, religious character Church of England | C3: grade 2 not better than comparator median 1.0",False
100503,All Saints Catholic College,Kensington and Chelsea,Voluntary aided school,Secondary,Mixed,Open,Non-selective,Catholic,523952.0,181650.0,100503,1677-09-21,2.0,2013-05-13,100503,140212;131752;131262,Kensington Aldridge Academy;Ark Burlington Danes Academy;Westminster Academy,665;1040;1561,1;3;1,1.0,C1: type Voluntary aided school,"C1: type Voluntary aided school | C2 (GIAS): Non-selective, religious character Catholic | C3: grade 2 not better than comparator median 1.0",False
135531,Chelsea Academy,Kensington and Chelsea,Academy sponsor led,Secondary,Mixed,Open,Non-selective,Church of England,526279.0,177011.0,135531,2009-09-01,1.0,2012-06-18,135531,135762;137157;141135,Saint John Bosco College;The London Oratory School;The Fulham Boys School,836;871;1187,2;1;2,2.0,"C2 (GIAS): Non-selective, religious character Church of England","C2 (GIAS): Non-selective, religious character Church of England",False
100501,Holland Park School,Kensington and Chelsea,Community school,Secondary,Mixed,Closed,Non-selective,Does not apply,524948.0,179954.0,100501,1677-09-21,1.0,2011-06-16,100501,140134;141931;140212,Holland Park School;The Cardinal Vaughan Memorial RC School;Kensington Aldridge Academy,0;743;1457,1;1;1,1.0,C1: closed 2013-08-31,C1: closed 2013-08-31 | C3: grade 1 not better than comparator median 1.0,False
140134,Holland Park School,Kensington and Chelsea,Academy converter,Secondary,Mixed,Closed,Non-selective,Does not apply,524948.0,179954.0,140134 < 100501,1677-09-21,1.0,2014-12-04,140134,141931;140212;131262,The Cardinal Vaughan Memorial RC School;Kensington Aldridge Academy;Westminster Academy,743;1457;1897,1;1;1,1.0,C1: closed 2022-12-31,C1: closed 2022-12-31 | C3: grade 1 not better than comparator median 1.0,False
149632,Holland Park School,Kensington and Chelsea,Academy converter,Secondary,Mixed,Open,,None,524982.0,179974.0,149632 < 140134 < 100501,1677-09-21,1.0,2014-12-04,140134,141931;140212;131262,The Cardinal Vaughan Memorial RC School;Kensington Aldridge Academy;Westminster Academy,780;1467;1868,1;1;1,1.0,C3: grade 1 not better than comparator median 1.0,C3: grade 1 not better than comparator median 1.0,False
100502,Saint Thomas More Language College,Kensington and Chelsea,Voluntary aided school,Secondary,Mixed,Closed,Non-selective,Roman Catholic,527685.0,178707.0,100502,1677-09-21,1.0,2013-11-08,100502,138312;135676;138313,Westminster City School;Pimlico Academy;The Grey Coat Hospital,1698;1811;1950,2;1;1,1.0,C1: type Voluntary aided school; closed 2024-08-31,"C1: type Voluntary aided school; closed 2024-08-31 | C2 (GIAS): Non-selective, religious character Roman Catholic | C3: grade 1 not better than comparator median 1.0",False
126641,St Charle's RC Sixth Form College,Kensington and Chelsea,Voluntary aided school,Secondary,,Closed,,None,,,126641,1677-09-21,,,,,,,,,C1: type Voluntary aided school; closed 1993-03-31; no coordinates,C1: type Voluntary aided school; closed 1993-03-31; no coordinates,False
151008,St. Thomas More Language College,Kensington and Chelsea,Academy converter,Secondary,Mixed,Open,Non-selective,Roman Catholic,527685.0,178707.0,151008 < 100502,1677-09-21,1.0,2013-11-08,100502,138312;135676;138313,Westminster City School;Pimlico Academy;The Grey Coat Hospital,1698;1811;1950,2;1;1,1.0,"C2 (GIAS): Non-selective, religious character Roman Catholic","C2 (GIAS): Non-selective, religious character Roman Catholic | C3: grade 1 not better than comparator median 1.0",False
100506,The Cardinal Vaughan Memorial RC School,Kensington and Chelsea,Voluntary aided school,Secondary,Boys,Closed,Non-selective,Roman Catholic,524213.0,179844.0,100506,1677-09-21,1.0,2006-10-06,100506,141931;140134;140212,The Cardinal Vaughan Memorial RC School;Holland Park School;Kensington Aldridge Academy,0;743;1179,1;1;1,1.0,C1: type Voluntary aided school; closed 2015-03-31,"C1: type Voluntary aided school; closed 2015-03-31 | C2 (GIAS): Non-selective, religious character Roman Catholic | C3: grade 1 not better than comparator median 1.0",False
141931,The Cardinal Vaughan Memorial RC School,Kensington and Chelsea,Academy converter,Secondary,Boys,Open,Non-selective,Roman Catholic,524213.0,179844.0,141931 < 100506,1677-09-21,1.0,2006-10-06,100506,140134;140212;137935,Holland Park School;Kensington Aldridge Academy;Sacred Heart High School,743;1179;1402,1;1;1,1.0,"C2 (GIAS): Non-selective, religious character Roman Catholic","C2 (GIAS): Non-selective, religious character Roman Catholic | C3: grade 1 not better than comparator median 1.0",False
102599,Chessington School,Kingston upon Thames,Community school,Secondary,Mixed,Closed,Non-selective,Does not apply,517780.0,163323.0,102599,1677-09-21,2.0,2014-11-28,102599,137917;137060;137595,Southborough High School;Tolworth Girls' School and Sixth Form;Epsom and Ewell High School,2188;2219;2599,2;1;2,2.0,C1: closed 2021-03-31,C1: closed 2021-03-31 | C3: grade 2 not better than comparator median 2.0,False
148407,Chessington School,Kingston upon Thames,Academy converter,Secondary,Mixed,Open,Non-selective,Does not apply,517780.0,163323.0,148407 < 102599,1677-09-21,2.0,2014-11-28,102599,137917;137060;137595,Southborough High School;Tolworth Girls' School and Sixth Form;Epsom and Ewell High School,2188;2219;2599,2;1;2,2.0,C3: grade 2 not better than comparator median 2.0,C3: grade 2 not better than comparator median 2.0,False
102608,Coombe Boys' School,Kingston upon Thames,Foundation school,Secondary,Boys,Closed,Non-selective,None,522052.0,167718.0,102608,1677-09-21,,,,137859;102674;138459,Coombe Boys' School;Raynes Park High School;The Holy Cross School,0;1036;1058,2;2;1,2.0,C1: closed 2012-01-31,C1: closed 2012-01-31 | C3: no grade in force on 2020-01-01,False
137859,Coombe Boys' School,Kingston upon Thames,Academy converter,Secondary,Boys,Open,Non-selective,None,522052.0,167718.0,137859 < 102608,1677-09-21,2.0,2014-01-10,137859,102674;138459;137299,Raynes Park High School;The Holy Cross School;Richard Challoner School,1036;1058;1743,2;1;1,1.0,C3: grade 2 not better than comparator median 1.0,C3: grade 2 not better than comparator median 1.0,False
102598,Coombe Girls' School,Kingston upon Thames,Community school,Secondary,Girls,Closed,Non-selective,Does not apply,520889.0,169344.0,102598,1677-09-21,1.0,2007-12-18,102598,137848;138459;102674,Coombe Girls' School;The Holy Cross School;Raynes Park High School,0;1375;1843,1;1;2,1.0,C1: closed 2012-01-31,C1: closed 2012-01-31 | C3: grade 1 not better than comparator median 1.0,False
102606,Richard Challoner School,Kingston upon Thames,Voluntary aided school,Secondary,Boys,Closed,Non-selective,Roman Catholic,520779.0,166528.0,102606,1677-09-21,1.0,2007-07-02,102606,137299;138459;137859,Richard Challoner School;The Holy Cross School;Coombe Boys' School,0;1469;1743,1;1;2,1.0,C1: type Voluntary aided school; closed 2011-08-16,"C1: type Voluntary aided school; closed 2011-08-16 | C2 (GIAS): Non-selective, religious character Roman Catholic | C3: grade 1 not better than comparator median 1.0",False
137299,Richard Challoner School,Kingston upon Thames,Academy converter,Secondary,Boys,Open,Non-selective,Roman Catholic,520779.0,166528.0,137299 < 102606,1677-09-21,1.0,2007-07-02,102606,138459;137859;137060,The Holy Cross School;Coombe Boys' School;Tolworth Girls' School and Sixth Form,1469;1743;2383,1;2;1,1.0,"C2 (GIAS): Non-selective, religious character Roman Catholic","C2 (GIAS): Non-selective, religious character Roman Catholic | C3: grade 1 not better than comparator median 1.0",False
102601,Southborough High School,Kingston upon Thames,Foundation school,Secondary,Boys,Closed,Non-selective,Does not apply,518286.0,165452.0,102601,1677-09-21,2.0,2010-10-06,102601,137917;137060;137855,Southborough High School;Tolworth Girls' School and Sixth Form;Hinchley Wood School,0;446;2112,2;1;1,1.0,C1: closed 2012-02-29,C1: closed 2012-02-29 | C3: grade 2 not better than comparator median 1.0,False
137917,Southborough High School,Kingston upon Thames,Academy converter,Secondary,Boys,Open,Non-selective,Does not apply,518286.0,165452.0,137917 < 102601,1677-09-21,2.0,2014-01-08,137917,137060;137855;102599,Tolworth Girls' School and Sixth Form;Hinchley Wood School;Chessington School,446;2112;2188,1;1;2,1.0,C3: grade 2 not better than comparator median 1.0,C3: grade 2 not better than comparator median 1.0,False
102600,The Hollyfield School and Sixth Form Centre,Kingston upon Thames,Foundation school,Secondary,Mixed,Closed,Non-selective,None,518430.0,167792.0,102600,1677-09-21,,,,137678;137917;137060,The Hollyfield School and Sixth Form Centre;Southborough High School;Tolworth Girls' School and Sixth Form,0;2344;2474,2;2;1,2.0,C1: closed 2011-11-30,C1: closed 2011-11-30 | C3: no grade in force on 2020-01-01,False
137678,The Hollyfield School and Sixth Form Centre,Kingston upon Thames,Academy converter,Secondary,Mixed,Open,Non-selective,None,518430.0,167792.0,137678 < 102600,1677-09-21,2.0,2016-05-23,137678,137917;137060;138459,Southborough High School;Tolworth Girls' School and Sixth Form;The Holy Cross School,2344;2474;2603,2;1;1,1.0,C3: grade 2 not better than comparator median 1.0,C3: grade 2 not better than comparator median 1.0,False
102607,The Holy Cross School,Kingston upon Thames,Voluntary aided school,Secondary,Girls,Closed,Non-selective,Roman Catholic,521047.0,167983.0,102607,1677-09-21,1.0,2007-10-31,102607,138459;137859;137848,The Holy Cross School;Coombe Boys' School;Coombe Girls' School,22;1039;1370,1;2;1,1.0,C1: type Voluntary aided school; closed 2012-07-31,"C1: type Voluntary aided school; closed 2012-07-31 | C2 (GIAS): Non-selective, religious character Roman Catholic | C3: grade 1 not better than comparator median 1.0",False
138459,The Holy Cross School,Kingston upon Thames,Academy converter,Secondary,Girls,Open,Non-selective,Roman Catholic,521026.0,167976.0,138459 < 102607,1677-09-21,1.0,2007-10-31,102607,137859;137848;137299,Coombe Boys' School;Coombe Girls' School;Richard Challoner School,1058;1375;1469,2;1;1,1.0,"C2 (GIAS): Non-selective, religious character Roman Catholic","C2 (GIAS): Non-selective, religious character Roman Catholic | C3: grade 1 not better than comparator median 1.0",False
141862,The Kingston Academy,Kingston upon Thames,Free schools,Secondary,Mixed,Open,Non-selective,None,518161.0,170781.0,141862,2015-09-01,1.0,2018-07-03,141862,138460;138825;137678,Teddington School;Grey Court School;The Hollyfield School and Sixth Form Centre,728;1834;3001,3;1;2,2.0,C1: opened 2015-09-01,C1: opened 2015-09-01,False
102602,The Tiffin Girls' School,Kingston upon Thames,Foundation school,Secondary,Girls,Closed,Selective,None,518089.0,170985.0,102602,1677-09-21,1.0,2009-03-30,102602,141862;138460;138825,The Kingston Academy;Teddington School;Grey Court School,216;727;1618,1;3;1,1.0,C1: closed 2011-03-31,"C1: closed 2011-03-31 | C2 (GIAS): Selective, religious character None | C3: grade 1 not better than comparator median 1.0",False
136615,The Tiffin Girls' School,Kingston upon Thames,Academy converter,Secondary,Girls,Open,Selective,None,518089.0,170985.0,136615 < 102602,1677-09-21,1.0,2009-03-30,102602,141862;138460;138825,The Kingston Academy;Teddington School;Grey Court School,216;727;1618,1;3;1,1.0,"C2 (GIAS): Selective, religious character None","C2 (GIAS): Selective, religious character None | C3: grade 1 not better than comparator median 1.0",False
102605,Tiffin School,Kingston upon Thames,Voluntary aided school,Secondary,Boys,Closed,Selective,Church of England,518627.0,169465.0,102605,1677-09-21,1.0,2007-11-15,102605,141862;138460;137678,The Kingston Academy;Teddington School;The Hollyfield School and Sixth Form Centre,1396;1670;1685,1;3;2,2.0,C1: type Voluntary aided school; closed 2011-06-30,"C1: type Voluntary aided school; closed 2011-06-30 | C2 (GIAS): Selective, religious character Church of England",False
136910,Tiffin School,Kingston upon Thames,Academy converter,Secondary,Boys,Open,Selective,Christian,518627.0,169465.0,136910 < 102605,1677-09-21,1.0,2007-11-15,102605,141862;138460;137678,The Kingston Academy;Teddington School;The Hollyfield School and Sixth Form Centre,1396;1670;1685,1;3;2,2.0,"C2 (GIAS): Selective, religious character Christian","C2 (GIAS): Selective, religious character Christian",False
102603,Tolworth Girls' School and Centre for Continuing Education,Kingston upon Thames,Foundation school,Secondary,Girls,Closed,Non-selective,None,518681.0,165343.0,102603,1677-09-21,,,,137060;137917;137595,Tolworth Girls' School and Sixth Form;Southborough High School;Epsom and Ewell High School,36;410;2025,1;2;2,2.0,C1: closed 2011-07-31,C1: closed 2011-07-31 | C3: no grade in force on 2020-01-01,False
100640,Archbishop Tenison's School,Lambeth,Voluntary aided school,Secondary,Mixed,Closed,Non-selective,Church of England,530917.0,177632.0,100640,1900-01-01,4.0,2016-12-06,100640,145857;100625;136450,Archbishop Tenison's School;Lilian Baylis Technology School;Platanos College,1;423;1000,4;1;1,1.0,C1: type Voluntary aided school; closed 2018-12-31,"C1: type Voluntary aided school; closed 2018-12-31 | C2 (GIAS): Non-selective, religious character Church of England | C3: grade 4 not better than comparator median 1.0",False
145857,Archbishop Tenison's School,Lambeth,Academy sponsor led,Secondary,Mixed,Closed,Non-selective,Church of England,530917.0,177631.0,145857 < 100640,1900-01-01,4.0,2016-12-06,100640,100625;136450;139718,Lilian Baylis Technology School;Platanos College;Ark All Saints Academy,424;999;1176,1;1;2,1.0,C1: closed 2023-08-31,"C1: closed 2023-08-31 | C2 (GIAS): Non-selective, religious character Church of England | C3: grade 4 not better than comparator median 1.0",False
135389,Ark Evelyn Grace Academy,Lambeth,Academy sponsor led,Secondary,Mixed,Open,Non-selective,Does not apply,531808.0,175242.0,135389,2008-09-01,2.0,2014-04-01,135389,136298;140966;142178,The Charter School North Dulwich;Trinity Academy;The Charter School East Dulwich,1139;1178;1646,1;2;2,2.0,C3: grade 2 not better than comparator median 2.0,C3: grade 2 not better than comparator median 2.0,False
100638,Bishop Thomas Grant Catholic Secondary School,Lambeth,Voluntary aided school,Secondary,Mixed,Open,Non-selective,Roman Catholic,530893.0,171230.0,100638,1677-09-21,1.0,2015-02-11,100638,137093;138221;100624,Dunraven School;St Joseph's College;The Norwood School,879;929;1341,1;2;2,2.0,C1: type Voluntary aided school,"C1: type Voluntary aided school | C2 (GIAS): Non-selective, religious character Roman Catholic",False
137954,City Heights E-ACT Academy,Lambeth,Academy sponsor led,Secondary,Mixed,Open,Non-selective,Does not apply,531198.0,173161.0,137954,2013-09-01,2.0,2015-05-29,137954,137966;144309;137093,St Martin in the Fields High School for Girls;The Elmgreen School;Dunraven School,345;795;1120,2;2;1,2.0,C3: grade 2 not better than comparator median 2.0,C3: grade 2 not better than comparator median 2.0,False
126652,Dick Sheppard School,Lambeth,Community school,Secondary,Mixed,Closed,Non-selective,Does not apply,531253.0,174067.0,126652,1677-09-21,,,,137966;140966;137954,St Martin in the Fields High School for Girls;Trinity Academy;City Heights E-ACT Academy,720;838;908,2;2;2,2.0,C1: closed 1995-07-31,C1: closed 1995-07-31 | C3: no grade in force on 2020-01-01,False
100639,Dunraven School,Lambeth,Foundation school,Secondary,Mixed,Closed,Non-selective,None,530821.0,172106.0,100639,1677-09-21,2.0,2009-06-10,100639,137093;100638;137954,Dunraven School;Bishop Thomas Grant Catholic Secondary School;City Heights E-ACT Academy,0;879;1120,1;1;2,1.0,C1: closed 2011-07-31,C1: closed 2011-07-31 | C3: grade 2 not better than comparator median 1.0,False
136288,Durand Academy,Lambeth,Academy converter,All-through,Mixed,Closed,Not applicable,None,530946.0,176761.0,136288 < 100635,1677-09-21,4.0,2019-05-29,136288,136450;145857;100627,Platanos College;Archbishop Tenison's School;Saint Gabriel's College,298;870;950,1;4;2,2.0,C1: closed 2018-08-31,C1: closed 2018-08-31 | C3: grade 4 not better than comparator median 2.0,False
147543,Harris Academy Clapham,Lambeth,Free schools,Secondary,Mixed,Open,Non-selective,None,529881.0,174323.0,147543,2020-09-01,,,,134815;100637;140966,The Elms Academy;La Retraite Roman Catholic Girls' School;Trinity Academy,795;944;957,3;1;2,2.0,C1: opened 2020-09-01,C1: opened 2020-09-01 | C3: no grade in force on 2020-01-01,False
100637,La Retraite Roman Catholic Girls' School,Lambeth,Voluntary aided school,Secondary,Girls,Open,Non-selective,Roman Catholic,529156.0,173718.0,100637,1677-09-21,1.0,2013-05-14,100637,136883;134815;140966,Chestnut Grove Academy;The Elms Academy;Trinity Academy,946;1080;1886,2;3;2,2.0,C1: type Voluntary aided school,"C1: type Voluntary aided school | C2 (GIAS): Non-selective, religious character Roman Catholic",False
100625,Lilian Baylis Technology School,Lambeth,Community school,Secondary,Mixed,Open,Non-selective,Does not apply,530793.0,178036.0,100625,1677-09-21,1.0,2013-03-11,100625,145857;135676;136450,Archbishop Tenison's School;Pimlico Academy;Platanos College,424;1375;1377,4;1;1,1.0,C3: grade 1 not better than comparator median 1.0,C3: grade 1 not better than comparator median 1.0,False
100642,London Nautical School,Lambeth,Foundation school,Secondary,Boys,Closed,Non-selective,None,531386.0,180308.0,100642,1900-01-01,3.0,2019-09-03,100642,139659;100859;135584,Oasis Academy South Bank;Notre Dame Roman Catholic Girls' School;Ark Globe Academy,926;1063;1710,1;1;2,1.0,C1: closed 2024-12-31,C1: closed 2024-12-31 | C3: grade 3 not better than comparator median 1.0,False
150889,"London Nautical, City of London Academy",Lambeth,Academy sponsor led,Secondary,Boys,Open,Non-selective,None,531385.0,180308.0,150889 < 100642,1900-01-01,3.0,2019-09-03,100642,139659;100859;135584,Oasis Academy South Bank;Notre Dame Roman Catholic Girls' School;Ark Globe Academy,926;1063;1711,1;1;2,1.0,C3: grade 3 not better than comparator median 1.0,C3: grade 3 not better than comparator median 1.0,False
139659,Oasis Academy South Bank,Lambeth,Free schools,Secondary,Mixed,Open,Non-selective,None,531176.0,179406.0,139659,2013-09-01,1.0,2015-09-11,139659,100859;100642;100625,Notre Dame Roman Catholic Girls' School;London Nautical School;Lilian Baylis Technology School,413;926;1423,1;3;1,1.0,C3: grade 1 not better than comparator median 1.0,C3: grade 1 not better than comparator median 1.0,False
100627,Saint Gabriel's College,Lambeth,Voluntary aided school,Secondary,Mixed,Open,Non-selective,Church of England,531881.0,176931.0,100627,1677-09-21,2.0,2019-01-13,100627,139718;138960;145857,Ark All Saints Academy;Sacred Heart Catholic School;Archbishop Tenison's School,295;367;1191,2;1;4,2.0,C1: type Voluntary aided school,"C1: type Voluntary aided school | C2 (GIAS): Non-selective, religious character Church of England | C3: grade 2 not better than comparator median 2.0",False
142905,South Bank Utc,Lambeth,University technical college,Secondary,Mixed,Closed,,Does not apply,530745.0,174738.0,142905,2016-09-01,3.0,2019-02-27,142905,140966;135389;134815,Trinity Academy;Ark Evelyn Grace Academy;The Elms Academy,4;1176;1505,2;2;3,2.0,C1: type University technical college; opened 2016-09-01; closed 2023-08-31,C1: type University technical college; opened 2016-09-01; closed 2023-08-31 | C3: grade 3 not better than comparator median 2.0,False
100641,St Martin in the Fields High School for Girls,Lambeth,Voluntary aided school,Secondary,Girls,Closed,Non-selective,Church of England,531466.0,173379.0,100641,1677-09-21,1.0,2007-06-25,100641,137966;137954;144309,St Martin in the Fields High School for Girls;City Heights E-ACT Academy;The Elmgreen School,0;345;743,2;2;2,2.0,C1: type Voluntary aided school; closed 2012-03-31,"C1: type Voluntary aided school; closed 2012-03-31 | C2 (GIAS): Non-selective, religious character Church of England",False
137966,St Martin in the Fields High School for Girls,Lambeth,Academy converter,Secondary,Girls,Closed,Non-selective,Church of England,531466.0,173379.0,137966 < 100641,1677-09-21,2.0,2015-01-08,137966,137954;144309;137093,City Heights E-ACT Academy;The Elmgreen School;Dunraven School,345;743;1427,2;2;1,2.0,C1: closed 2024-08-31,"C1: closed 2024-08-31 | C2 (GIAS): Non-selective, religious character Church of England | C3: grade 2 not better than comparator median 2.0",False
100626,Stockwell Park School,Lambeth,Foundation school,Secondary,Mixed,Closed,Non-selective,None,530694.0,176630.0,100626,1677-09-21,1.0,2006-11-17,100626,136450;145857;100627,Platanos College;Archbishop Tenison's School;Saint Gabriel's College,46;1026;1225,1;4;2,2.0,C1: closed 2011-01-31,C1: closed 2011-01-31,False
129649,The Elmgreen School,Lambeth,Voluntary controlled school,Secondary,Mixed,Closed,Non-selective,None,531889.0,172768.0,129649,2007-09-01,2.0,2013-12-05,129649,144309;137966;137954,The Elmgreen School;St Martin in the Fields High School for Girls;City Heights E-ACT Academy,0;743;795,2;2;2,2.0,C1: closed 2017-04-30,C1: closed 2017-04-30 | C3: grade 2 not better than comparator median 2.0,False
144309,The Elmgreen School,Lambeth,Academy converter,Secondary,Mixed,Open,Non-selective,None,531889.0,172768.0,144309 < 129649,2007-09-01,2.0,2013-12-05,129649,137966;137954;137093,St Martin in the Fields High School for Girls;City Heights E-ACT Academy;Dunraven School,743;795;1257,2;2;1,2.0,C3: grade 2 not better than comparator median 2.0,C3: grade 2 not better than comparator median 2.0,False
134815,The Elms Academy,Lambeth,Academy sponsor led,Secondary,Mixed,Open,Non-selective,Christian,529241.0,174795.0,134815,2004-09-01,3.0,2017-11-29,134815,100637;140966;136883,La Retraite Roman Catholic Girls' School;Trinity Academy;Chestnut Grove Academy,1080;1505;1730,1;2;2,2.0,"C2 (GIAS): Non-selective, religious character Christian","C2 (GIAS): Non-selective, religious character Christian | C3: grade 3 not better than comparator median 2.0",False
100624,The Norwood School,Lambeth,Community school,Secondary,Mixed,Open,Non-selective,Does not apply,532224.0,171065.0,100624,1677-09-21,2.0,2014-10-24,100624,131280;138221;100638,Virgo Fidelis Convent Senior School;St Joseph's College;Bishop Thomas Grant Catholic Secondary School,404;614;1341,2;2;1,2.0,C3: grade 2 not better than comparator median 2.0,C3: grade 2 not better than comparator median 2.0,False
140966,Trinity Academy,Lambeth,Free schools,Secondary,Mixed,Open,,None,530745.0,174734.0,140966,2014-09-01,2.0,2017-06-19,140966,135389;134815;137966,Ark Evelyn Grace Academy;The Elms Academy;St Martin in the Fields High School for Girls,1178;1505;1535,2;3;2,2.0,C3: grade 2 not better than comparator median 2.0,C3: grade 2 not better than comparator median 2.0,False
100590,Woodmansterne School,Lambeth,Community school,All-through,Mixed,Open,Not applicable,Does not apply,529749.0,169828.0,100590,1677-09-21,2.0,2019-06-23,100590,131897;137754;134003,Harris Academy Merton;Norbury High School for Girls;St Mark's Church of England Academy,1206;1439;1475,1;2;2,2.0,C3: grade 2 not better than comparator median 2.0,C3: grade 2 not better than comparator median 2.0,False
100748,Addey and Stanhope School,Lewisham,Voluntary aided school,Secondary,Mixed,Open,Non-selective,None,537032.0,176920.0,100748,1677-09-21,2.0,2018-05-25,100748,100740;135073;135843,Deptford Green School;Haberdashers' Hatcham College;Prendergast Vale School,708;1300;1474,3;2;2,2.0,C1: type Voluntary aided school,C1: type Voluntary aided school | C3: grade 2 not better than comparator median 2.0,False
100752,Bonus Pastor Catholic College,Lewisham,Voluntary aided school,Secondary,Mixed,Closed,Non-selective,Roman Catholic,539024.0,171621.0,100752,1677-09-21,1.0,2017-10-03,100752,100742;135070;100743,Conisborough College;Haberdashers' Knights Academy;Sedgehill School,1028;1259;1545,3;2;3,3.0,C1: type Voluntary aided school; closed 2024-03-31,"C1: type Voluntary aided school; closed 2024-03-31 | C2 (GIAS): Non-selective, religious character Roman Catholic",False
150605,Bonus Pastor Catholic College,Lewisham,Academy converter,Secondary,Mixed,Open,Non-selective,Roman Catholic,539024.0,171621.0,150605 < 100752,1677-09-21,1.0,2017-10-03,100752,100742;135070;100743,Conisborough College;Haberdashers' Knights Academy;Sedgehill School,1028;1259;1545,3;2;3,3.0,"C2 (GIAS): Non-selective, religious character Roman Catholic","C2 (GIAS): Non-selective, religious character Roman Catholic",False
126660,Catford School,Lewisham,Community school,Secondary,Boys,Closed,,Does not apply,538500.0,173700.0,126660,1677-09-21,,,,100742;100747;100749,"Conisborough College;Prendergast Ladywell School;Trinity Church of England School, Lewisham",1300;1419;1555,3;2;2,2.0,C1: closed 1991-08-31,C1: closed 1991-08-31 | C3: no grade in force on 2020-01-01,False
100742,Conisborough College,Lewisham,Community school,Secondary,Mixed,Closed,Non-selective,Does not apply,538361.0,172407.0,100742,1900-01-01,3.0,2018-06-19,100742,100752;100743;135070,Bonus Pastor Catholic College;Sedgehill School;Haberdashers' Knights Academy,1028;1494;1992,1;3;2,2.0,C1: closed 2024-03-31,C1: closed 2024-03-31 | C3: grade 3 not better than comparator median 2.0,False
150691,Conisborough College,Lewisham,Academy sponsor led,Secondary,Mixed,Open,Non-selective,Does not apply,538311.0,172429.0,150691 < 100742,1900-01-01,3.0,2018-06-19,100742,100752;100743;135070,Bonus Pastor Catholic College;Sedgehill School;Haberdashers' Knights Academy,1078;1486;2046,1;3;2,2.0,C3: grade 3 not better than comparator median 2.0,C3: grade 3 not better than comparator median 2.0,False
100740,Deptford Green School,Lewisham,Community school,Secondary,Mixed,Open,Non-selective,Does not apply,536445.0,177315.0,100740,1677-09-21,3.0,2018-12-02,100740,100748;135073;100857,Addey and Stanhope School;Haberdashers' Hatcham College;The St Thomas the Apostle College,708;1263;1612,2;2;1,2.0,C3: grade 3 not better than comparator median 2.0,C3: grade 3 not better than comparator median 2.0,False
100745,Forest Hill School,Lewisham,Community school,Secondary,Boys,Open,Non-selective,Does not apply,535796.0,172139.0,100745,1677-09-21,3.0,2018-01-18,100745,100741;137379;100743,Sydenham School;Harris Girls Academy Bromley;Sedgehill School,823;1817;2015,2;1;3,2.0,C3: grade 3 not better than comparator median 2.0,C3: grade 3 not better than comparator median 2.0,False
126661,Haberdashers Askes School,Lewisham,Voluntary controlled school,Secondary,Not applicable,Closed,,None,535996.0,176135.0,126661,1677-09-21,,,,135073;100857;100740,Haberdashers' Hatcham College;The St Thomas the Apostle College;Deptford Green School,0;948;1263,2;1;3,2.0,C1: closed 1991-08-31,C1: closed 1991-08-31 | C3: no grade in force on 2020-01-01,False
126662,Haberdashers Askes School,Lewisham,Voluntary controlled school,Secondary,Not applicable,Closed,,None,536147.0,176753.0,126662,1677-09-21,,,,100740;135073;100748,Deptford Green School;Haberdashers' Hatcham College;Addey and Stanhope School,636;636;901,3;2;2,2.0,C1: closed 1991-08-31,C1: closed 1991-08-31 | C3: no grade in force on 2020-01-01,False
135073,Haberdashers' Hatcham College,Lewisham,Academy sponsor led,Secondary,Mixed,Open,Non-selective,Does not apply,535996.0,176135.0,135073 < 100759 < 100697,1677-09-21,2.0,2019-03-25,135073,100857;100740;100748,The St Thomas the Apostle College;Deptford Green School;Addey and Stanhope School,948;1263;1300,1;3;2,2.0,C3: grade 2 not better than comparator median 2.0,C3: grade 2 not better than comparator median 2.0,False
100746,Hatcham Wood School,Lewisham,Community school,Secondary,Mixed,Closed,Non-selective,Does not apply,536185.0,176113.0,100746,1677-09-21,,,,135073;100857;100748,Haberdashers' Hatcham College;The St Thomas the Apostle College;Addey and Stanhope School,190;1135;1170,2;1;2,2.0,C1: closed 1999-08-31,C1: closed 1999-08-31 | C3: no grade in force on 2020-01-01,False
100744,Malory School,Lewisham,Community school,Secondary,Mixed,Closed,Non-selective,Does not apply,540266.0,171826.0,100744,1677-09-21,,,,135070;100752;100742,Haberdashers' Knights Academy;Bonus Pastor Catholic College;Conisborough College,0;1259;1992,2;1;3,2.0,C1: closed 2005-09-01,C1: closed 2005-09-01 | C3: no grade in force on 2020-01-01,False
100747,Prendergast Ladywell School,Lewisham,Foundation school,All-through,Mixed,Closed,Non-selective,Does not apply,537154.0,174148.0,100747,1900-01-01,2.0,2019-03-24,100747,100750;135843;132711,Prendergast School;Prendergast Vale School;Harris Girls' Academy East Dulwich,1091;1753;2089,1;2;1,1.0,C1: closed 2023-12-31,C1: closed 2023-12-31 | C3: grade 2 not better than comparator median 1.0,False
150318,Prendergast Ladywell School,Lewisham,Academy converter,All-through,Mixed,Open,Non-selective,Does not apply,537154.0,174148.0,150318 < 100747,1900-01-01,2.0,2019-03-24,100747,100750;135843;132711,Prendergast School;Prendergast Vale School;Harris Girls' Academy East Dulwich,1091;1753;2089,1;2;1,1.0,C3: grade 2 not better than comparator median 1.0,C3: grade 2 not better than comparator median 1.0,False
100750,Prendergast School,Lewisham,Voluntary aided school,Secondary,Girls,Closed,Non-selective,None,537237.0,175236.0,100750,1900-01-01,1.0,2013-11-28,100750,135843;100747;135073,Prendergast Vale School;Prendergast Ladywell School;Haberdashers' Hatcham College,832;1091;1532,2;2;2,2.0,C1: type Voluntary aided school; closed 2023-12-31,C1: type Voluntary aided school; closed 2023-12-31,False
135843,Prendergast Vale School,Lewisham,Foundation school,All-through,Mixed,Closed,Non-selective,None,537905.0,175732.0,135843 < 100694,1677-09-21,2.0,2018-03-05,135843,100750;135264;100748,Prendergast School;St Matthew Academy;Addey and Stanhope School,832;1130;1474,1;2;2,2.0,C1: closed 2023-12-31,C1: closed 2023-12-31 | C3: grade 2 not better than comparator median 2.0,False
150351,Prendergast Vale School,Lewisham,Academy converter,All-through,Mixed,Open,Non-selective,None,537905.0,175732.0,150351 < 135843 < 100694,1677-09-21,2.0,2018-03-05,135843,100750;135264;100748,Prendergast School;St Matthew Academy;Addey and Stanhope School,832;1130;1474,1;2;2,2.0,C3: grade 2 not better than comparator median 2.0,C3: grade 2 not better than comparator median 2.0,False
148003,Sedgehill Academy,Lewisham,Academy sponsor led,Secondary,Mixed,Open,Non-selective,Does not apply,537708.0,171206.0,148003 < 100743,1900-01-01,3.0,2018-05-01,100743,100742;100752;137379,Conisborough College;Bonus Pastor Catholic College;Harris Girls Academy Bromley,1367;1380;1617,3;1;1,1.0,C3: grade 3 not better than comparator median 1.0,C3: grade 3 not better than comparator median 1.0,False
100743,Sedgehill School,Lewisham,Community school,Secondary,Mixed,Closed,Non-selective,Does not apply,537552.0,171151.0,100743,1900-01-01,3.0,2018-05-01,100743,137379;100742;100752,Harris Girls Academy Bromley;Conisborough College;Bonus Pastor Catholic College,1455;1494;1545,1;3;1,1.0,C1: closed 2020-08-31,C1: closed 2020-08-31 | C3: grade 3 not better than comparator median 1.0,False
100751,St Joseph's Academy,Lewisham,Voluntary aided school,Secondary,Boys,Closed,Non-selective,Roman Catholic,539174.0,175741.0,100751,1677-09-21,,,,135264;142608;100749,"St Matthew Academy;International Academy of Greenwich;Trinity Church of England School, Lewisham",159;998;1000,2;3;2,2.0,C1: type Voluntary aided school; closed 2007-08-31,"C1: type Voluntary aided school; closed 2007-08-31 | C2 (GIAS): Non-selective, religious character Roman Catholic | C3: no grade in force on 2020-01-01",False
135264,St Matthew Academy,Lewisham,Academy sponsor led,All-through,Mixed,Open,Non-selective,Roman Catholic,539032.0,175812.0,135264 < 100736 < 100751,1677-09-21,2.0,2019-11-27,135264,100749;135843;142608,"Trinity Church of England School, Lewisham;Prendergast Vale School;International Academy of Greenwich",1126;1130;1151,2;2;3,2.0,"C2 (GIAS): Non-selective, religious character Roman Catholic","C2 (GIAS): Non-selective, religious character Roman Catholic | C3: grade 2 not better than comparator median 2.0",False
126663,St Theresa's RC School,Lewisham,Voluntary aided school,Secondary,Mixed,Closed,,None,538912.0,175789.0,126663,1677-09-21,,,,135264;135843;100749,"St Matthew Academy;Prendergast Vale School;Trinity Church of England School, Lewisham",122;1009;1169,2;2;2,2.0,C1: type Voluntary aided school; closed 1992-08-31,C1: type Voluntary aided school; closed 1992-08-31 | C3: no grade in force on 2020-01-01,False
100741,Sydenham School,Lewisham,Community school,Secondary,Girls,Open,Non-selective,Does not apply,535005.0,172368.0,100741,1677-09-21,2.0,2013-05-13,100741,100745;136309;137379,Forest Hill School;Kingsdale Foundation School;Harris Girls Academy Bromley,823;1808;2364,3;1;1,1.0,C3: grade 2 not better than comparator median 1.0,C3: grade 2 not better than comparator median 1.0,False
131797,Telegraph Hill School,Lewisham,Community school,Secondary,Mixed,Closed,Non-selective,Does not apply,536185.0,176113.0,131797 < 100746,1677-09-21,,,,135073;100857;100748,Haberdashers' Hatcham College;The St Thomas the Apostle College;Addey and Stanhope School,190;1135;1170,2;1;2,2.0,C1: closed 2001-09-01,C1: closed 2001-09-01 | C3: no grade in force on 2020-01-01,False
100749,"Trinity Church of England School, Lewisham",Lewisham,Voluntary aided school,All-through,Mixed,Open,Non-selective,Church of England,539574.0,174825.0,100749,1677-09-21,2.0,2016-11-29,100749,142608;135264;100190,International Academy of Greenwich;St Matthew Academy;Thomas Tallis School,403;1126;1685,3;2;2,2.0,C1: type Voluntary aided school,"C1: type Voluntary aided school | C2 (GIAS): Non-selective, religious character Church of England | C3: grade 2 not better than comparator median 2.0",False
131786,Bishopsford Arts College,Merton,Foundation school,Secondary,Mixed,Closed,Non-selective,None,526709.0,167408.0,131786,1999-09-01,,,,138495;136799;136800,Harris Academy Morden;Carshalton Boys Sports College;Greenshaw High School,32;1591;1697,1;2;2,2.0,C1: closed 2013-02-28,C1: closed 2013-02-28 | C3: no grade in force on 2020-01-01,False
102676,Eastfields High School,Merton,Community school,Secondary,Boys,Closed,Non-selective,Does not apply,528471.0,169091.0,102676,1677-09-21,,,,134003;131897;100590,St Mark's Church of England Academy;Harris Academy Merton;Woodmansterne School,0;1470;1475,2;1;2,2.0,C1: closed 2002-08-31,C1: closed 2002-08-31 | C3: no grade in force on 2020-01-01,False
145860,Harris Academy Wimbledon,Merton,Free schools,Secondary,Mixed,Open,Non-selective,None,526156.0,169849.0,145860,2018-09-01,,,,102679;102673;134003,Rutlish School;Ricards Lodge High School;St Mark's Church of England Academy,1545;2107;2436,1;1;2,1.0,C1: opened 2018-09-01,C1: opened 2018-09-01 | C3: no grade in force on 2020-01-01,False
126967,Merton Sixth Form College,Merton,Community school,Secondary,,Closed,,Does not apply,,,126967,1677-09-21,,,,,,,,,C1: closed 1993-03-31; no coordinates,C1: closed 1993-03-31; no coordinates,False
132166,Mitcham Vale School,Merton,Community school,Secondary,Mixed,Closed,Non-selective,Does not apply,528639.0,169241.0,132166 < 102676 < 102677,1677-09-21,,,,134003;100590;131897,St Mark's Church of England Academy;Woodmansterne School;Harris Academy Merton,225;1256;1372,2;2;1,2.0,C1: closed 2006-08-31,C1: closed 2006-08-31 | C3: no grade in force on 2020-01-01,False
102674,Raynes Park High School,Merton,Community school,Secondary,Mixed,Open,Non-selective,Does not apply,522579.0,168610.0,102674,1900-01-01,2.0,2019-02-13,102674,137859;138459;102683,Coombe Boys' School;The Holy Cross School;Ursuline High School Wimbledon,1036;1677;1734,2;1;1,1.0,C3: grade 2 not better than comparator median 1.0,C3: grade 2 not better than comparator median 1.0,False
102677,Rowan High School,Merton,Community school,Secondary,Girls,Closed,Non-selective,Does not apply,529291.0,169438.0,102677,1677-09-21,,,,100590;134003;131897,Woodmansterne School;St Mark's Church of England Academy;Harris Academy Merton,602;890;993,2;2;1,2.0,C1: closed 2002-08-31,C1: closed 2002-08-31 | C3: no grade in force on 2020-01-01,False
134003,St Mark's Church of England Academy,Merton,Academy sponsor led,Secondary,Mixed,Open,Non-selective,Church of England,528471.0,169091.0,134003 < 132166 < 102676 < 102677,1677-09-21,2.0,2017-12-05,134003,131897;100590;137005,Harris Academy Merton;Woodmansterne School;Graveney School,1470;1475;1849,1;2;1,1.0,"C2 (GIAS): Non-selective, religious character Church of England","C2 (GIAS): Non-selective, religious character Church of England | C3: grade 2 not better than comparator median 1.0",False
102678,Tamworth Manor High School,Merton,Community school,Secondary,Mixed,Closed,Non-selective,Does not apply,529921.0,168828.0,102678,1677-09-21,,,,131897;100590;141210,Harris Academy Merton;Woodmansterne School;The Archbishop Lanfranc Academy,207;1015;1395,1;2;2,2.0,C1: closed 2006-08-31,C1: closed 2006-08-31 | C3: no grade in force on 2020-01-01,False
102683,Ursuline High School Wimbledon,Merton,Voluntary aided school,Secondary,Girls,Closed,Non-selective,Roman Catholic,523684.0,169946.0,102683,1677-09-21,1.0,2006-12-01,102683,102681;102679;102674,Wimbledon College;Rutlish School;Raynes Park High School,475;1282;1734,2;1;2,2.0,C1: type Voluntary aided school; closed 2025-01-31,"C1: type Voluntary aided school; closed 2025-01-31 | C2 (GIAS): Non-selective, religious character Roman Catholic",False
151350,Ursuline High School Wimbledon,Merton,Academy converter,Secondary,Girls,Open,Non-selective,Roman Catholic,523684.0,169946.0,151350 < 102683,1677-09-21,1.0,2006-12-01,102683,102681;102679;102674,Wimbledon College;Rutlish School;Raynes Park High School,475;1282;1734,2;1;2,2.0,"C2 (GIAS): Non-selective, religious character Roman Catholic","C2 (GIAS): Non-selective, religious character Roman Catholic",False
102675,Watermeads High School,Merton,Community school,Secondary,Mixed,Closed,Non-selective,Does not apply,526709.0,167408.0,102675,1677-09-21,,,,138495;136799;136800,Harris Academy Morden;Carshalton Boys Sports College;Greenshaw High School,32;1591;1697,1;2;2,2.0,C1: closed 1999-08-31,C1: closed 1999-08-31 | C3: no grade in force on 2020-01-01,False
102681,Wimbledon College,Merton,Voluntary aided school,Secondary,Boys,Open,Non-selective,Roman Catholic,523764.0,170414.0,102681,1677-09-21,2.0,2013-10-10,102681,102683;102673;102679,Ursuline High School Wimbledon;Ricards Lodge High School;Rutlish School,475;1516;1542,1;1;1,1.0,C1: type Voluntary aided school,"C1: type Voluntary aided school | C2 (GIAS): Non-selective, religious character Roman Catholic | C3: grade 2 not better than comparator median 1.0",False
144739,Bobby Moore Academy,Newham,Free schools,All-through,Mixed,Open,Non-selective,None,537841.0,183795.0,144739,2017-09-01,,,,139834;138196;100975,East London Science School;Oasis School 21;Central Foundation Girls' School,1169;1271;1412,2;1;2,2.0,C1: opened 2017-09-01,C1: opened 2017-09-01 | C3: no grade in force on 2020-01-01,False
102781,Brampton Manor School,Newham,Community school,Secondary,Mixed,Closed,Non-selective,Does not apply,541769.0,182383.0,102781,1677-09-21,,,,136669;145113;132058,Brampton Manor Academy;Cumberland Community School;Kingsford Community School,0;552;1309,1;3;2,2.0,C1: closed 2011-03-31,C1: closed 2011-03-31 | C3: no grade in force on 2020-01-01,False
145113,Cumberland Community School,Newham,Academy sponsor led,Secondary,Mixed,Open,Non-selective,Does not apply,541256.0,182179.0,145113 < 102783,1677-09-21,3.0,2016-09-08,102783,136669;145410;102777,Brampton Manor Academy;Royal Docks Academy;Rokeby School,552;1110;1336,1;3;2,2.0,C3: grade 3 not better than comparator median 2.0,C3: grade 3 not better than comparator median 2.0,False
139834,East London Science School,Newham,Free schools,Secondary,Mixed,Closed,Non-selective,None,538393.0,182765.0,139834,2013-09-02,2.0,2015-09-11,139834,100965;102784;100966,Bow School;Eastlea Community School;Langdon Park Community School,440;1138;1350,2;3;2,2.0,C1: closed 2022-08-31,C1: closed 2022-08-31 | C3: grade 2 not better than comparator median 2.0,False
102784,Eastlea Community School,Newham,Community school,Secondary,Mixed,Closed,Non-selective,Does not apply,539444.0,182328.0,102784,1900-01-01,3.0,2017-09-18,102784,102777;139834;100965,Rokeby School;East London Science School;Bow School,668;1138;1255,2;2;2,2.0,C1: closed 2020-12-31,C1: closed 2020-12-31 | C3: grade 3 not better than comparator median 2.0,False
148224,Eastlea Community School,Newham,Academy sponsor led,Secondary,Mixed,Open,Non-selective,Does not apply,539539.0,182365.0,148224 < 102784,1900-01-01,3.0,2017-09-18,102784,102777;139834;100965,Rokeby School;East London Science School;Bow School,627;1214;1349,2;2;2,2.0,C3: grade 3 not better than comparator median 2.0,C3: grade 3 not better than comparator median 2.0,False
102775,Forest Gate Community School,Newham,Community school,Secondary,Mixed,Closed,Non-selective,Does not apply,540379.0,185369.0,102775,1677-09-21,1.0,2016-03-18,102775,143274;102786;136978,Forest Gate Community School;St Angela's Ursuline School;Stratford School Academy,0;916;973,1;1;2,1.0,C1: closed 2016-09-30,C1: closed 2016-09-30 | C3: grade 1 not better than comparator median 1.0,False
149431,Harris Science Academy East London,Newham,Free schools,Secondary,Mixed,Open,,Does not apply,538337.0,182800.0,149431 < 139834,2013-09-02,2.0,2015-09-11,139834,100965;102784;100966,Bow School;Eastlea Community School;Langdon Park Community School,450;1203;1370,2;3;2,2.0,C3: grade 2 not better than comparator median 2.0,C3: grade 2 not better than comparator median 2.0,False
140373,Langdon Academy,Newham,Academy sponsor led,All-through,Mixed,Open,Non-selective,Does not apply,543611.0,183507.0,140373 < 102780,1677-09-21,2.0,2019-06-04,140373,142908;102782;102776,Greatfields School;Plashet School;Little Ilford School,1092;1577;1860,2;1;1,1.0,C3: grade 2 not better than comparator median 1.0,C3: grade 2 not better than comparator median 1.0,False
102778,Lister Community School,Newham,Foundation school,Secondary,Mixed,Closed,Non-selective,Does not apply,540718.0,183445.0,102778,1900-01-01,2.0,2013-12-17,102778,102787;136978;102786,St Bonaventure's RC School;Stratford School Academy;St Angela's Ursuline School,745;995;1098,1;2;1,1.0,C1: closed 2021-11-30,C1: closed 2021-11-30 | C3: grade 2 not better than comparator median 1.0,False
148902,Lister Community School,Newham,Academy converter,Secondary,Mixed,Open,Non-selective,Does not apply,540718.0,183445.0,148902 < 102778,1900-01-01,2.0,2013-12-17,102778,102787;136978;102786,St Bonaventure's RC School;Stratford School Academy;St Angela's Ursuline School,745;995;1098,1;2;1,1.0,C3: grade 2 not better than comparator median 1.0,C3: grade 2 not better than comparator median 1.0,False
142903,London Design and Engineering UTC,Newham,University technical college,Secondary,Mixed,Open,,Does not apply,543476.0,180777.0,142903,2016-09-05,3.0,2018-11-25,142903,132058;100171;145410,Kingsford Community School;Saint Mary Magdalene Church of England All Through School;Royal Docks Academy,1036;1862;2190,2;2;3,2.0,C1: type University technical college; opened 2016-09-05,C1: type University technical college; opened 2016-09-05 | C3: grade 3 not better than comparator median 2.0,False
127001,Newham Sixth Form College,Newham,Voluntary aided school,Secondary,,Closed,,None,,,127001,1677-09-21,,,,,,,,,C1: type Voluntary aided school; closed 1993-03-31; no coordinates,C1: type Voluntary aided school; closed 1993-03-31; no coordinates,False
102782,Plashet School,Newham,Community school,Secondary,Girls,Closed,Non-selective,Does not apply,542240.0,184286.0,102782,1677-09-21,1.0,2008-04-24,102782,102776;102786;140373,Little Ilford School;St Angela's Ursuline School;Langdon Academy,1022;1489;1577,1;1;2,1.0,C3: grade 1 not better than comparator median 1.0,C3: grade 1 not better than comparator median 1.0,False
152267,"Plashet, City of London Academy",Newham,Academy converter,Secondary,Girls,Open,Non-selective,Does not apply,542240.0,184286.0,152267 < 102782,1677-09-21,1.0,2008-04-24,102782,102776;102786;140373,Little Ilford School;St Angela's Ursuline School;Langdon Academy,1022;1489;1577,1;1;2,1.0,C3: grade 1 not better than comparator median 1.0,C3: grade 1 not better than comparator median 1.0,False
102777,Rokeby School,Newham,Foundation school,Secondary,Boys,Closed,Non-selective,Does not apply,539951.0,181893.0,102777,1900-01-01,2.0,2013-12-06,102777,102784;145113;145410,Eastlea Community School;Cumberland Community School;Royal Docks Academy,668;1336;1585,3;3;3,3.0,C1: closed 2021-11-30,C1: closed 2021-11-30,False
131929,Royal Docks Academy,Newham,Foundation school,Secondary,Mixed,Closed,Non-selective,None,541306.0,181070.0,131929,1999-09-01,3.0,2017-06-07,131929,145410;141082;145113,Royal Docks Academy;Oasis Academy Silvertown;Cumberland Community School,0;966;1110,3;2;3,3.0,C1: closed 2017-12-31,C1: closed 2017-12-31 | C3: grade 3 not better than comparator median 3.0,False
145410,Royal Docks Academy,Newham,Academy sponsor led,Secondary,Mixed,Open,Non-selective,None,541306.0,181070.0,145410 < 131929,1999-09-01,3.0,2017-06-07,131929,141082;145113;136669,Oasis Academy Silvertown;Cumberland Community School;Brampton Manor Academy,966;1110;1392,2;3;1,2.0,C3: grade 3 not better than comparator median 2.0,C3: grade 3 not better than comparator median 2.0,False
102785,Sarah Bonnell School,Newham,Community school,Secondary,Girls,Closed,Non-selective,Does not apply,539346.0,184654.0,102785,1677-09-21,2.0,2013-04-15,102785,142644;138196;136978,Sarah Bonnell School;Oasis School 21;Stratford School Academy,0;647;1111,2;1;2,2.0,C1: closed 2018-06-30,C1: closed 2018-06-30 | C3: grade 2 not better than comparator median 2.0,False
142644,Sarah Bonnell School,Newham,Academy converter,Secondary,Girls,Open,Non-selective,Does not apply,539346.0,184654.0,142644 < 102785,1677-09-21,2.0,2013-04-15,102785,138196;136978;139703,Oasis School 21;Stratford School Academy;Harris Academy Chobham,647;1111;1191,1;2;1,1.0,C3: grade 2 not better than comparator median 1.0,C3: grade 2 not better than comparator median 1.0,False
102786,St Angela's Ursuline School,Newham,Voluntary aided school,Secondary,Girls,Open,Non-selective,Roman Catholic,540773.0,184542.0,102786,1677-09-21,1.0,2009-04-27,102786,136978;102787;143274,Stratford School Academy;St Bonaventure's RC School;Forest Gate Community School,375;461;916,2;1;1,1.0,C1: type Voluntary aided school,"C1: type Voluntary aided school | C2 (GIAS): Non-selective, religious character Roman Catholic | C3: grade 1 not better than comparator median 1.0",False
102787,St Bonaventure's RC School,Newham,Voluntary aided school,Secondary,Boys,Open,Non-selective,Roman Catholic,540513.0,184161.0,102787,1677-09-21,1.0,2009-04-21,102787,136978;102786;102778,Stratford School Academy;St Angela's Ursuline School;Lister Community School,251;461;745,2;1;2,2.0,C1: type Voluntary aided school,"C1: type Voluntary aided school | C2 (GIAS): Non-selective, religious character Roman Catholic",False
127000,St John's Catholic School,Newham,Voluntary aided school,Secondary,Not applicable,Closed,,None,541402.0,183516.0,127000,1677-09-21,,,,102778;102787;102782,Lister Community School;St Bonaventure's RC School;Plashet School,688;1098;1138,2;1;1,1.0,C1: type Voluntary aided school; closed 1991-08-31,C1: type Voluntary aided school; closed 1991-08-31 | C3: no grade in force on 2020-01-01,False
102788,Stratford School,Newham,Foundation school,Secondary,Mixed,Closed,Non-selective,None,540427.0,184397.0,102788,1677-09-21,2.0,2011-06-16,102788,136978;102787;102786,Stratford School Academy;St Bonaventure's RC School;St Angela's Ursuline School,0;251;375,2;1;1,1.0,C1: closed 2011-07-31,C1: closed 2011-07-31 | C3: grade 2 not better than comparator median 1.0,False
136978,Stratford School Academy,Newham,Academy converter,Secondary,Mixed,Open,Non-selective,None,540427.0,184397.0,136978 < 102788,1677-09-21,2.0,2014-03-27,136978,102787;102786;143274,St Bonaventure's RC School;St Angela's Ursuline School;Forest Gate Community School,251;375;973,1;1;1,1.0,C3: grade 2 not better than comparator median 1.0,C3: grade 2 not better than comparator median 1.0,False
102783,The Cumberland School,Newham,Community school,Secondary,Mixed,Closed,Non-selective,Does not apply,541221.0,182249.0,102783,1677-09-21,3.0,2016-09-08,102783,145113;136669;145410,Cumberland Community School;Brampton Manor Academy;Royal Docks Academy,78;564;1182,3;1;3,3.0,C1: closed 2018-04-30,C1: closed 2018-04-30 | C3: grade 3 not better than comparator median 3.0,False
126999,Trinity School,Newham,Community school,Secondary,Boys,Closed,Non-selective,Does not apply,539914.0,181848.0,126999,1677-09-21,,,,102777;102784;145113,Rokeby School;Eastlea Community School;Cumberland Community School,58;672;1382,2;3;3,3.0,C1: closed 1989-08-31,C1: closed 1989-08-31 | C3: no grade in force on 2020-01-01,False
102779,Woodside Community School,Newham,Community school,Secondary,Mixed,Closed,Non-selective,Does not apply,541134.0,182259.0,102779,1677-09-21,,,,145113;136669;145410,Cumberland Community School;Brampton Manor Academy;Royal Docks Academy,146;647;1201,3;1;3,3.0,C1: closed 1999-08-31,C1: closed 1999-08-31 | C3: no grade in force on 2020-01-01,False
138518,Ark Isaac Newton Academy,Redbridge,Academy sponsor led,All-through,Mixed,Open,Non-selective,None,545110.0,186793.0,138518,2012-09-01,1.0,2018-11-04,138518,137088;102856;140475,The Palmer Catholic Academy;Seven Kings School;Loxford School,372;902;1356,2;1;1,1.0,C3: grade 1 not better than comparator median 1.0,C3: grade 1 not better than comparator median 1.0,False
142896,Atam Academy,Redbridge,Free schools,All-through,Mixed,Open,,Sikh,546784.0,188991.0,142896,2016-09-05,1.0,2019-06-23,142896,136267;141178;133405,Chadwell Heath Academy;The Warren School;Oaks Park High School,989;1733;1783,1;2;2,2.0,C1: opened 2016-09-05,"C1: opened 2016-09-05 | C2 (GIAS): , religious character Sikh",False
102855,Beal High School,Redbridge,Community school,Secondary,Mixed,Closed,Non-selective,Does not apply,542242.0,189440.0,102855,1677-09-21,1.0,2012-04-23,102855,140575;102849;102851,Beal High School;Caterham High School;Wanstead High School,0;1100;1558,1;3;2,2.0,C1: closed 2014-01-31,C1: closed 2014-01-31,False
102862,Canon Palmer Catholic School,Redbridge,Voluntary aided school,Secondary,Mixed,Closed,Non-selective,Roman Catholic,545277.0,187125.0,102862,1677-09-21,1.0,2007-06-15,102862,137088;138518;102856,The Palmer Catholic Academy;Ark Isaac Newton Academy;Seven Kings School,0;372;762,2;1;1,1.0,C1: type Voluntary aided school; closed 2011-07-31,"C1: type Voluntary aided school; closed 2011-07-31 | C2 (GIAS): Non-selective, religious character Roman Catholic | C3: grade 1 not better than comparator median 1.0",False
102849,Caterham High School,Redbridge,Community school,Secondary,Mixed,Open,Non-selective,Does not apply,542915.0,190310.0,102849,1677-09-21,3.0,2018-10-16,102849,140575;102861;136758,Beal High School;King Solomon High School;West Hatch High School,1100;1785;2111,1;2;2,2.0,C3: grade 3 not better than comparator median 2.0,C3: grade 3 not better than comparator median 2.0,False
137692,Forest Academy,Redbridge,Academy sponsor led,Secondary,Mixed,Open,Non-selective,None,546554.0,192112.0,137692 < 102859,1677-09-21,2.0,2013-10-09,137692,102861;142896;136758,King Solomon High School;Atam Academy;West Hatch High School,2545;3129;3632,2;1;2,2.0,C3: grade 2 not better than comparator median 2.0,C3: grade 2 not better than comparator median 2.0,False
102859,Hainault Forest High School,Redbridge,Community school,Secondary,Mixed,Closed,Non-selective,Does not apply,546554.0,192112.0,102859,1677-09-21,4.0,2010-07-13,102859,137692;102861;142896,Forest Academy;King Solomon High School;Atam Academy,0;2545;3129,2;2;1,2.0,C1: closed 2011-12-31,C1: closed 2011-12-31 | C3: grade 4 not better than comparator median 2.0,False
102850,Ilford County High School,Redbridge,Community school,Secondary,Boys,Open,Selective,Does not apply,543973.0,190161.0,102850,1677-09-21,1.0,2007-11-16,102850,102861;102849;133405,King Solomon High School;Caterham High School;Oaks Park High School,755;1068;1805,2;3;2,2.0,"C2 (GIAS): Selective, religious character Does not apply","C2 (GIAS): Selective, religious character Does not apply",False
132106,Ilford Ursuline High School,Redbridge,Voluntary aided school,Secondary,Girls,Closed,Non-selective,Roman Catholic,543549.0,186884.0,132106,1999-09-01,2.0,2006-11-04,132106,137418;102856;102857,The Ursuline Academy Ilford;Seven Kings School;Valentines High School,0;1313;1315,2;1;1,1.0,C1: type Voluntary aided school; closed 2011-08-31,"C1: type Voluntary aided school; closed 2011-08-31 | C2 (GIAS): Non-selective, religious character Roman Catholic | C3: grade 2 not better than comparator median 1.0",False
102861,King Solomon High School,Redbridge,Voluntary aided school,Secondary,Mixed,Open,Non-selective,Jewish,544699.0,190369.0,102861,1677-09-21,2.0,2016-06-13,102861,133405;102849;142896,Oaks Park High School;Caterham High School;Atam Academy,1706;1785;2499,2;3;1,2.0,C1: type Voluntary aided school,"C1: type Voluntary aided school | C2 (GIAS): Non-selective, religious character Jewish | C3: grade 2 not better than comparator median 2.0",False
102858,Mayfield School,Redbridge,Foundation school,Secondary,Mixed,Open,Non-selective,None,547083.0,187196.0,102858,1677-09-21,2.0,2018-11-26,102858,136267;137088;142896,Chadwell Heath Academy;The Palmer Catholic Academy;Atam Academy,835;1807;1820,1;2;1,1.0,C3: grade 2 not better than comparator median 1.0,C3: grade 2 not better than comparator median 1.0,False
133405,Oaks Park High School,Redbridge,Community school,Secondary,Mixed,Open,Non-selective,Does not apply,545026.0,188695.0,133405,2001-09-01,2.0,2019-12-02,133405,102856;137088;102861,Seven Kings School;The Palmer Catholic Academy;King Solomon High School,1175;1590;1706,1;2;2,2.0,C3: grade 2 not better than comparator median 2.0,C3: grade 2 not better than comparator median 2.0,False
102863,The Chadwell Heath Foundation School,Redbridge,Foundation school,Secondary,Mixed,Closed,Non-selective,None,546883.0,188007.0,102863,1677-09-21,1.0,2008-04-28,102863,136267;102858;142896,Chadwell Heath Academy;Mayfield School;Atam Academy,0;835;989,1;2;1,1.0,C1: closed 2010-08-31,C1: closed 2010-08-31 | C3: grade 1 not better than comparator median 1.0,False
137088,The Palmer Catholic Academy,Redbridge,Academy converter,Secondary,Mixed,Open,Non-selective,Roman Catholic,545277.0,187125.0,137088 < 102862,1677-09-21,2.0,2012-11-07,137088,138518;102856;133405,Ark Isaac Newton Academy;Seven Kings School;Oaks Park High School,372;762;1590,1;1;2,1.0,"C2 (GIAS): Non-selective, religious character Roman Catholic","C2 (GIAS): Non-selective, religious character Roman Catholic | C3: grade 2 not better than comparator median 1.0",False
137418,The Ursuline Academy Ilford,Redbridge,Academy converter,Secondary,Girls,Open,Non-selective,Roman Catholic,543549.0,186884.0,137418 < 132106,1999-09-01,2.0,2012-04-19,137418,102856;102857;138518,Seven Kings School;Valentines High School;Ark Isaac Newton Academy,1313;1315;1564,1;1;1,1.0,"C2 (GIAS): Non-selective, religious character Roman Catholic","C2 (GIAS): Non-selective, religious character Roman Catholic | C3: grade 2 not better than comparator median 1.0",False
102860,Trinity Catholic High School,Redbridge,Voluntary aided school,Secondary,Mixed,Open,Non-selective,Roman Catholic,540024.0,192805.0,102860,1677-09-21,1.0,2015-04-27,102860,103097;137558;102854,Heathcote School & Science College;Highams Park School;Woodbridge High School,1239;1553;1937,2;2;2,2.0,C1: type Voluntary aided school,"C1: type Voluntary aided school | C2 (GIAS): Non-selective, religious character Roman Catholic",False
102857,Valentines High School,Redbridge,Community school,Secondary,Mixed,Open,Non-selective,Does not apply,543321.0,188179.0,102857,1677-09-21,1.0,2006-11-03,102857,137418;102856;140575,The Ursuline Academy Ilford;Seven Kings School;Beal High School,1315;1472;1660,2;1;1,1.0,C3: grade 1 not better than comparator median 1.0,C3: grade 1 not better than comparator median 1.0,False
102851,Wanstead High School,Redbridge,Community school,Secondary,Mixed,Open,Non-selective,Does not apply,541203.0,188279.0,102851,1677-09-21,2.0,2015-11-19,102851,140575;103101;102857,Beal High School;Leytonstone School;Valentines High School,1558;2044;2120,1;2;1,1.0,C3: grade 2 not better than comparator median 1.0,C3: grade 2 not better than comparator median 1.0,False
102854,Woodbridge High School,Redbridge,Community school,Secondary,Mixed,Open,Non-selective,Does not apply,540912.0,191083.0,102854,1677-09-21,2.0,2012-02-22,102854,102860;140575;102849,Trinity Catholic High School;Beal High School;Caterham High School,1937;2114;2147,1;1;3,1.0,C3: grade 2 not better than comparator median 1.0,C3: grade 2 not better than comparator median 1.0,False
102852,Woodford County High School,Redbridge,Community school,Secondary,Girls,Open,Selective,Does not apply,539868.0,191750.0,102852,1677-09-21,1.0,2009-04-27,102852,102860;137558;102854,Trinity Catholic High School;Highams Park School;Woodbridge High School,1066;1081;1239,1;2;2,2.0,"C2 (GIAS): Selective, religious character Does not apply","C2 (GIAS): Selective, religious character Does not apply",False
102929,Christ's Church of England Comprehensive Secondary School,Richmond upon Thames,Voluntary aided school,Secondary,Mixed,Open,Non-selective,Church of England,519020.0,174697.0,102929,1677-09-21,2.0,2016-11-30,102929,136208;138651;138825,Lift Richmond Park;Orleans Park School;Grey Court School,2052;2453;2765,2;1;1,1.0,C1: type Voluntary aided school,"C1: type Voluntary aided school | C2 (GIAS): Non-selective, religious character Church of England | C3: grade 2 not better than comparator median 1.0",False
102922,Grey Court School,Richmond upon Thames,Community school,Secondary,Mixed,Closed,Non-selective,Does not apply,517406.0,172452.0,102922,1677-09-21,,,,138825;138651;138460,Grey Court School;Orleans Park School;Teddington School,0;1305;1806,1;1;3,1.0,C1: closed 2012-09-30,C1: closed 2012-09-30 | C3: no grade in force on 2020-01-01,False
138825,Grey Court School,Richmond upon Thames,Academy converter,Secondary,Mixed,Open,Non-selective,Does not apply,517406.0,172452.0,138825 < 102922,1677-09-21,1.0,2018-02-02,138825,138651;138460;139121,Orleans Park School;Teddington School;St Richard Reynolds Catholic High School,1305;1806;1822,1;3;1,1.0,C3: grade 1 not better than comparator median 1.0,C3: grade 1 not better than comparator median 1.0,False
136103,Hampton Academy,Richmond upon Thames,Academy sponsor led,Secondary,Mixed,Closed,Non-selective,Does not apply,513129.0,171293.0,136103 < 102924,1677-09-21,3.0,2015-07-09,136103,143419;143420;138461,Hampton High;Twickenham School;Waldegrave School,38;1826;1959,2;3;1,2.0,C1: closed 2016-10-31,C1: closed 2016-10-31 | C3: grade 3 not better than comparator median 2.0,False
102924,Hampton Community College,Richmond upon Thames,Community school,Secondary,Mixed,Closed,Non-selective,Does not apply,513129.0,171293.0,102924,1677-09-21,,,,143419;143420;138461,Hampton High;Twickenham School;Waldegrave School,38;1826;1959,2;3;1,2.0,C1: closed 2010-08-31,C1: closed 2010-08-31 | C3: no grade in force on 2020-01-01,False
143419,Hampton High,Richmond upon Thames,Academy sponsor led,Secondary,Mixed,Open,Non-selective,None,513136.0,171256.0,143419 < 136103 < 102924,1677-09-21,2.0,2019-04-24,143419,143420;138461;141963,Twickenham School;Waldegrave School;Turing House School,1857;1976;2428,3;1;2,2.0,C3: grade 2 not better than comparator median 2.0,C3: grade 2 not better than comparator median 2.0,False
136208,Lift Richmond Park,Richmond upon Thames,Academy sponsor led,Secondary,Mixed,Open,Non-selective,Does not apply,521022.0,175147.0,136208 < 102927,1677-09-21,2.0,2018-01-09,136208,102929;137907;138681,Christ's Church of England Comprehensive Secondary School;Chiswick School;Ark Putney Academy,2052;2174;2490,2;3;2,2.0,C3: grade 2 not better than comparator median 2.0,C3: grade 2 not better than comparator median 2.0,False
102923,Orleans Park School,Richmond upon Thames,Community school,Secondary,Mixed,Closed,Non-selective,Does not apply,516818.0,173617.0,102923,1677-09-21,1.0,2011-01-25,102923,138651;139121;138825,Orleans Park School;St Richard Reynolds Catholic High School;Grey Court School,0;988;1305,1;1;1,1.0,C1: closed 2012-08-31,C1: closed 2012-08-31 | C3: grade 1 not better than comparator median 1.0,False
138651,Orleans Park School,Richmond upon Thames,Academy converter,Secondary,Mixed,Open,Non-selective,Does not apply,516818.0,173617.0,138651 < 102923,1677-09-21,1.0,2018-01-10,138651,139121;138825;137928,"St Richard Reynolds Catholic High School;Grey Court School;Gumley House RC Convent School, FCJ",988;1305;2287,1;1;2,1.0,C3: grade 1 not better than comparator median 1.0,C3: grade 1 not better than comparator median 1.0,False
102927,Shene School,Richmond upon Thames,Community school,Secondary,Mixed,Closed,Non-selective,Does not apply,521022.0,175147.0,102927,1677-09-21,,,,136208;102929;137907,Lift Richmond Park;Christ's Church of England Comprehensive Secondary School;Chiswick School,0;2052;2174,2;2;3,2.0,C1: closed 2010-08-31,C1: closed 2010-08-31 | C3: no grade in force on 2020-01-01,False
139121,St Richard Reynolds Catholic High School,Richmond upon Thames,Voluntary aided school,Secondary,Mixed,Closed,Not applicable,Roman Catholic,515853.0,173404.0,139121,2013-09-01,1.0,2019-06-09,139121,138651;138461;138825,Orleans Park School;Waldegrave School;Grey Court School,988;1489;1822,1;1;1,1.0,C1: type Voluntary aided school; closed 2022-11-30,"C1: type Voluntary aided school; closed 2022-11-30 | C2 (GIAS): Not applicable, religious character Roman Catholic | C3: grade 1 not better than comparator median 1.0",False
149297,St Richard Reynolds Catholic High School,Richmond upon Thames,Academy converter,Secondary,Mixed,Open,Not applicable,Roman Catholic,515853.0,173404.0,149297 < 139121,2013-09-01,1.0,2019-06-09,139121,138651;138461;138825,Orleans Park School;Waldegrave School;Grey Court School,988;1489;1822,1;1;1,1.0,"C2 (GIAS): Not applicable, religious character Roman Catholic","C2 (GIAS): Not applicable, religious character Roman Catholic | C3: grade 1 not better than comparator median 1.0",False
102925,Teddington School,Richmond upon Thames,Community school,Secondary,Mixed,Closed,Non-selective,Does not apply,517446.0,170646.0,102925,1677-09-21,,,,138460;141862;138825,Teddington School;The Kingston Academy;Grey Court School,0;728;1806,3;1;1,1.0,C1: closed 2012-07-31,C1: closed 2012-07-31 | C3: no grade in force on 2020-01-01,False
138460,Teddington School,Richmond upon Thames,Academy converter,Secondary,Mixed,Open,Non-selective,Does not apply,517446.0,170646.0,138460 < 102925,1677-09-21,3.0,2018-03-05,138460,141862;138825;137678,The Kingston Academy;Grey Court School;The Hollyfield School and Sixth Form Centre,728;1806;3019,1;1;2,1.0,C3: grade 3 not better than comparator median 1.0,C3: grade 3 not better than comparator median 1.0,False
143022,The Richmond upon Thames School,Richmond upon Thames,Free schools,Secondary,Mixed,Open,,None,515378.0,173822.0,143022,2017-09-01,,,,139121;138651;138461,St Richard Reynolds Catholic High School;Orleans Park School;Waldegrave School,633;1455;1526,1;1;1,1.0,C1: opened 2017-09-01,C1: opened 2017-09-01 | C3: no grade in force on 2020-01-01,False
141963,Turing House School,Richmond upon Thames,Free schools,Secondary,Mixed,Open,Non-selective,None,513510.0,173655.0,141963,2015-09-01,2.0,2018-06-11,141963,143420;102539;138461,Twickenham School;The Heathland School;Waldegrave School,762;1000;1701,3;1;1,1.0,C1: opened 2015-09-01,C1: opened 2015-09-01 | C3: grade 2 not better than comparator median 1.0,False
136104,Twickenham Academy,Richmond upon Thames,Academy sponsor led,Secondary,Mixed,Closed,Non-selective,Does not apply,513851.0,172975.0,136104 < 102926,1677-09-21,4.0,2016-06-27,136104,143420;141963;138461,Twickenham School;Turing House School;Waldegrave School,5;761;1007,3;2;1,2.0,C1: closed 2016-10-31,C1: closed 2016-10-31 | C3: grade 4 not better than comparator median 2.0,False
143420,Twickenham School,Richmond upon Thames,Academy sponsor led,Secondary,Mixed,Open,,None,513847.0,172972.0,143420 < 136104 < 102926,1677-09-21,3.0,2018-06-19,143420,141963;138461;102539,Turing House School;Waldegrave School;The Heathland School,762;1009;1754,2;1;1,1.0,C3: grade 3 not better than comparator median 1.0,C3: grade 3 not better than comparator median 1.0,False
102928,Waldegrave School for Girls,Richmond upon Thames,Community school,Secondary,Girls,Closed,Non-selective,Does not apply,514710.0,172450.0,102928,1996-11-11,1.0,2007-02-02,102928,138461;143420;139121,Waldegrave School;Twickenham School;St Richard Reynolds Catholic High School,0;1009;1489,1;3;1,1.0,C1: closed 2012-07-31,C1: closed 2012-07-31 | C3: grade 1 not better than comparator median 1.0,False
102926,Whitton School,Richmond upon Thames,Community school,Secondary,Mixed,Closed,Non-selective,Does not apply,513851.0,172975.0,102926,1677-09-21,,,,143420;141963;138461,Twickenham School;Turing House School;Waldegrave School,5;761;1007,3;2;1,2.0,C1: closed 2010-08-31,C1: closed 2010-08-31 | C3: no grade in force on 2020-01-01,False
100850,Archbishop Michael Ramsey Technology College,Southwark,Voluntary aided school,Secondary,Mixed,Closed,Non-selective,Church of England,532010.0,177196.0,100850,1677-09-21,,,,139718;100627;138960,Ark All Saints Academy;Saint Gabriel's College;Sacred Heart Catholic School,0;295;417,2;2;1,2.0,C1: type Voluntary aided school; closed 2007-08-31,"C1: type Voluntary aided school; closed 2007-08-31 | C2 (GIAS): Non-selective, religious character Church of England | C3: no grade in force on 2020-01-01",False
139718,Ark All Saints Academy,Southwark,Academy sponsor led,Secondary,Mixed,Open,Non-selective,Church of England,532010.0,177196.0,139718 < 135375 < 100850,1677-09-21,2.0,2015-06-25,139718,100627;138960;145857,Saint Gabriel's College;Sacred Heart Catholic School;Archbishop Tenison's School,295;417;1176,2;1;4,2.0,"C2 (GIAS): Non-selective, religious character Church of England","C2 (GIAS): Non-selective, religious character Church of England | C3: grade 2 not better than comparator median 2.0",False
135584,Ark Globe Academy,Southwark,Academy sponsor led,All-through,Mixed,Open,Non-selective,Does not apply,532629.0,179134.0,135584 < 100799 < 100847,1677-09-21,2.0,2014-11-19,135584,100849;140221;100859,St Saviour's and St Olave's Church of England School;South Bank University Academy;Notre Dame Roman Catholic Girls' School,248;819;1074,1;2;1,1.0,C3: grade 2 not better than comparator median 1.0,C3: grade 2 not better than comparator median 1.0,False
135315,Ark Walworth Academy,Southwark,Academy sponsor led,Secondary,Mixed,Open,Non-selective,Does not apply,533441.0,178209.0,135315 < 100843,1677-09-21,2.0,2014-11-17,135315,140221;131747;134222,South Bank University Academy;Harris Academy Bermondsey;City of London Academy (Southwark),691;907;967,2;1;2,2.0,C3: grade 2 not better than comparator median 2.0,C3: grade 2 not better than comparator median 2.0,False
100842,Aylwin Girls' School,Southwark,Community school,Secondary,Girls,Closed,Non-selective,Does not apply,534017.0,178910.0,100842,1677-09-21,,,,131747;134222;139587,Harris Academy Bermondsey;City of London Academy (Southwark);The Charter School Bermondsey,0;591;691,1;2;2,2.0,C1: closed 2006-08-31,C1: closed 2006-08-31 | C3: no grade in force on 2020-01-01,False
135401,Bacon's College,Southwark,Academy sponsor led,Secondary,Mixed,Closed,Non-selective,Church of England,536060.0,179931.0,135401 < 100871,1991-11-15,4.0,2017-04-19,135401,145313;133289;100978,Bacon's College;Bishop Challoner Boys' School;Bishop Challoner Catholic School,94;1403;1449,4;2;1,2.0,C1: closed 2018-02-28,"C1: closed 2018-02-28 | C2 (GIAS): Non-selective, religious character Church of England | C3: grade 4 not better than comparator median 2.0",False
145313,Bacon's College,Southwark,Academy sponsor led,Secondary,Mixed,Open,Non-selective,Church of England,535977.0,179975.0,145313 < 135401 < 100871,1991-11-15,4.0,2017-04-19,135401,133289;100978;139587,Bishop Challoner Boys' School;Bishop Challoner Catholic School;The Charter School Bermondsey,1328;1370;1547,2;1;2,2.0,"C2 (GIAS): Non-selective, religious character Church of England","C2 (GIAS): Non-selective, religious character Church of England | C3: grade 4 not better than comparator median 2.0",False
126674,Bacons School,Southwark,Voluntary aided school,Secondary,,Closed,,None,,,126674,1677-09-21,,,,,,,,,C1: type Voluntary aided school; closed 1991-08-31; no coordinates,C1: type Voluntary aided school; closed 1991-08-31; no coordinates,False
134222,City of London Academy (Southwark),Southwark,Academy sponsor led,Secondary,Mixed,Open,Non-selective,Does not apply,534379.0,178443.0,134222,2003-09-01,2.0,2011-11-01,134222,131747;139587;135315,Harris Academy Bermondsey;The Charter School Bermondsey;Ark Walworth Academy,591;889;967,1;2;2,2.0,C3: grade 2 not better than comparator median 2.0,C3: grade 2 not better than comparator median 2.0,False
100845,Dulwich High School for Boys,Southwark,Community school,Secondary,Boys,Closed,Non-selective,Does not apply,532849.0,174779.0,100845,1677-09-21,,,,136298;142178;135389,The Charter School North Dulwich;The Charter School East Dulwich;Ark Evelyn Grace Academy,0;685;1139,1;2;2,2.0,C1: closed 1999-07-01,C1: closed 1999-07-01 | C3: no grade in force on 2020-01-01,False
100847,Geoffrey Chaucer Technology College,Southwark,Community school,Secondary,Mixed,Closed,Non-selective,Does not apply,532629.0,179134.0,100847,1677-09-21,,,,135584;100849;140221,Ark Globe Academy;St Saviour's and St Olave's Church of England School;South Bank University Academy,0;248;819,2;1;2,2.0,C1: closed 2008-08-31,C1: closed 2008-08-31 | C3: no grade in force on 2020-01-01,False
147073,Haberdashers' Borough Academy,Southwark,Free schools,Secondary,Mixed,Open,Non-selective,,532102.0,179829.0,147073,2019-09-02,,,,100859;100642;135584,Notre Dame Roman Catholic Girls' School;London Nautical School;Ark Globe Academy,784;861;872,1;3;2,2.0,C1: opened 2019-09-02,C1: opened 2019-09-02 | C3: no grade in force on 2020-01-01,False
134225,Harris Academy Peckham,Southwark,Academy sponsor led,Secondary,Mixed,Open,Non-selective,Does not apply,533853.0,176621.0,134225 < 100848,1677-09-21,2.0,2011-10-04,134225,100857;142178;138960,The St Thomas the Apostle College;The Charter School East Dulwich;Sacred Heart Catholic School,1257;1565;1631,1;2;1,1.0,C3: grade 2 not better than comparator median 1.0,C3: grade 2 not better than comparator median 1.0,False
135816,Harris Boys' Academy East Dulwich,Southwark,Academy sponsor led,Secondary,Boys,Open,Non-selective,Does not apply,534515.0,174895.0,135816,2009-09-01,1.0,2012-01-11,135816,132711;142178;100857,Harris Girls' Academy East Dulwich;The Charter School East Dulwich;The St Thomas the Apostle College,718;1087;1644,1;2;1,1.0,C3: grade 1 not better than comparator median 1.0,C3: grade 1 not better than comparator median 1.0,False
132711,Harris Girls' Academy East Dulwich,Southwark,Academy sponsor led,Secondary,Girls,Open,Non-selective,Does not apply,535230.0,174963.0,132711 < 100846,1677-09-21,1.0,2012-04-19,132711,135816;135073;100857,Harris Boys' Academy East Dulwich;Haberdashers' Hatcham College;The St Thomas the Apostle College,718;1400;1476,1;2;1,1.0,C3: grade 1 not better than comparator median 1.0,C3: grade 1 not better than comparator median 1.0,False
100844,Kingsdale Foundation School,Southwark,Foundation school,Secondary,Mixed,Closed,Non-selective,None,533216.0,172108.0,100844,1677-09-21,,,,136309;131280;100624,Kingsdale Foundation School;Virgo Fidelis Convent Senior School;The Norwood School,0;1371;1439,1;2;2,2.0,C1: closed 2010-10-31,C1: closed 2010-10-31 | C3: no grade in force on 2020-01-01,False
149369,Notre Dame Catholic Girls' School,Southwark,Academy converter,Secondary,Girls,Open,Non-selective,Roman Catholic,531562.0,179260.0,149369 < 100859,1677-09-21,1.0,2013-04-12,100859,139659;100642;135584,Oasis Academy South Bank;London Nautical School;Ark Globe Academy,413;1063;1074,1;3;2,2.0,"C2 (GIAS): Non-selective, religious character Roman Catholic","C2 (GIAS): Non-selective, religious character Roman Catholic",False
100859,Notre Dame Roman Catholic Girls' School,Southwark,Voluntary aided school,Secondary,Girls,Closed,Non-selective,Roman Catholic,531562.0,179260.0,100859,1677-09-21,1.0,2013-04-12,100859,139659;100642;135584,Oasis Academy South Bank;London Nautical School;Ark Globe Academy,413;1063;1074,1;3;2,2.0,C1: type Voluntary aided school; closed 2022-11-30,"C1: type Voluntary aided school; closed 2022-11-30 | C2 (GIAS): Non-selective, religious character Roman Catholic",False
138960,Sacred Heart Catholic School,Southwark,Academy converter,Secondary,Mixed,Open,Non-selective,Roman Catholic,532238.0,176847.0,138960 < 100860,1677-09-21,1.0,2013-01-14,138960,100627;139718;145857,Saint Gabriel's College;Ark All Saints Academy;Archbishop Tenison's School,367;417;1536,2;2;4,2.0,"C2 (GIAS): Non-selective, religious character Roman Catholic","C2 (GIAS): Non-selective, religious character Roman Catholic",False
100860,Sacred Heart Roman Catholic Secondary School,Southwark,Voluntary aided school,Secondary,Mixed,Closed,Non-selective,Roman Catholic,532238.0,176847.0,100860,1677-09-21,1.0,2007-02-26,100860,138960;100627;139718,Sacred Heart Catholic School;Saint Gabriel's College;Ark All Saints Academy,0;367;417,1;2;2,2.0,C1: type Voluntary aided school; closed 2012-11-01,"C1: type Voluntary aided school; closed 2012-11-01 | C2 (GIAS): Non-selective, religious character Roman Catholic",False
126673,Scott Lidgett School,Southwark,Community school,Secondary,Mixed,Closed,,Does not apply,534616.0,179274.0,126673,1677-09-21,,,,139587;138961;131747,The Charter School Bermondsey;St Michael's Catholic College;Harris Academy Bermondsey,49;603;701,2;1;1,1.0,C1: closed 1991-08-31,C1: closed 1991-08-31 | C3: no grade in force on 2020-01-01,False
140221,South Bank University Academy,Southwark,Academy sponsor led,Secondary,Mixed,Open,Not applicable,None,532760.0,178326.0,140221,2014-09-01,2.0,2017-07-11,140221,135315;100849;135584,Ark Walworth Academy;St Saviour's and St Olave's Church of England School;Ark Globe Academy,691;717;819,2;1;2,2.0,C3: grade 2 not better than comparator median 2.0,C3: grade 2 not better than comparator median 2.0,False
135375,St Michael and All Angels CofE Academy,Southwark,Academy sponsor led,Secondary,Mixed,Closed,Non-selective,Church of England,532010.0,177196.0,135375 < 100850,1677-09-21,2.0,2011-06-10,135375,139718;100627;138960,Ark All Saints Academy;Saint Gabriel's College;Sacred Heart Catholic School,0;295;417,2;2;1,2.0,C1: closed 2013-08-31,"C1: closed 2013-08-31 | C2 (GIAS): Non-selective, religious character Church of England | C3: grade 2 not better than comparator median 2.0",False
100858,St Michael's Catholic College,Southwark,Voluntary aided school,Secondary,Mixed,Closed,Non-selective,Roman Catholic,534205.0,179715.0,100858,1677-09-21,1.0,2011-04-05,100858,138961;139587;131747,St Michael's Catholic College;The Charter School Bermondsey;Harris Academy Bermondsey,0;553;827,1;2;1,1.0,C1: type Voluntary aided school; closed 2012-11-01,"C1: type Voluntary aided school; closed 2012-11-01 | C2 (GIAS): Non-selective, religious character Roman Catholic | C3: grade 1 not better than comparator median 1.0",False
138961,St Michael's Catholic College,Southwark,Academy converter,Secondary,Mixed,Closed,Non-selective,Roman Catholic,534205.0,179715.0,138961 < 100858,1677-09-21,1.0,2013-09-03,138961,139587;131747;134222,The Charter School Bermondsey;Harris Academy Bermondsey;City of London Academy (Southwark),553;827;1284,2;1;2,2.0,C1: closed 2024-03-31,"C1: closed 2024-03-31 | C2 (GIAS): Non-selective, religious character Roman Catholic",False
150937,St Michael's Catholic College,Southwark,Academy converter,Secondary,Mixed,Open,,Catholic,534237.0,179634.0,150937 < 138961 < 100858,1677-09-21,1.0,2013-09-03,138961,139587;131747;134222,The Charter School Bermondsey;Harris Academy Bermondsey;City of London Academy (Southwark),473;757;1199,2;1;2,2.0,"C2 (GIAS): , religious character Catholic","C2 (GIAS): , religious character Catholic",False
100849,St Saviour's and St Olave's Church of England School,Southwark,Voluntary aided school,Secondary,Girls,Open,Non-selective,Church of England,532857.0,179036.0,100849,1677-09-21,1.0,2009-03-17,100849,135584;140221;135315,Ark Globe Academy;South Bank University Academy;Ark Walworth Academy,248;717;1012,2;2;2,2.0,C1: type Voluntary aided school,"C1: type Voluntary aided school | C2 (GIAS): Non-selective, religious character Church of England",False
131812,The Charter School,Southwark,Foundation school,Secondary,Mixed,Closed,Non-selective,None,532849.0,174779.0,131812 < 100845,1677-09-21,1.0,2009-11-24,131812,136298;142178;135389,The Charter School North Dulwich;The Charter School East Dulwich;Ark Evelyn Grace Academy,0;685;1139,1;2;2,2.0,C1: closed 2010-08-31,C1: closed 2010-08-31,False
139587,The Charter School Bermondsey,Southwark,Free schools,Secondary,Mixed,Open,Non-selective,None,534581.0,179309.0,139587,2013-09-02,2.0,2017-06-12,139587,138961;131747;134222,St Michael's Catholic College;Harris Academy Bermondsey;City of London Academy (Southwark),553;691;889,1;1;2,1.0,C3: grade 2 not better than comparator median 1.0,C3: grade 2 not better than comparator median 1.0,False
142178,The Charter School East Dulwich,Southwark,Free schools,Secondary,Mixed,Open,Non-selective,None,533449.0,175109.0,142178,2016-09-12,2.0,2018-11-20,142178,136298;135816;134225,The Charter School North Dulwich;Harris Boys' Academy East Dulwich;Harris Academy Peckham,685;1087;1565,1;1;2,1.0,C1: opened 2016-09-12,C1: opened 2016-09-12 | C3: grade 2 not better than comparator median 1.0,False
100857,The St Thomas the Apostle College,Southwark,Voluntary aided school,Secondary,Boys,Open,Non-selective,Roman Catholic,535096.0,176433.0,100857,1677-09-21,1.0,2018-12-16,100857,135073;134225;132711,Haberdashers' Hatcham College;Harris Academy Peckham;Harris Girls' Academy East Dulwich,948;1257;1476,2;2;1,2.0,C1: type Voluntary aided school,"C1: type Voluntary aided school | C2 (GIAS): Non-selective, religious character Roman Catholic",False
100843,Walworth School,Southwark,Community school,Secondary,Mixed,Closed,Non-selective,Does not apply,533441.0,178209.0,100843,1677-09-21,,,,135315;140221;131747,Ark Walworth Academy;South Bank University Academy;Harris Academy Bermondsey,0;691;907,2;2;1,2.0,C1: closed 2007-08-31,C1: closed 2007-08-31 | C3: no grade in force on 2020-01-01,False
100848,Warwick Park School,Southwark,Community school,Secondary,Mixed,Closed,Non-selective,Does not apply,533853.0,176621.0,100848,1677-09-21,,,,134225;100857;142178,Harris Academy Peckham;The St Thomas the Apostle College;The Charter School East Dulwich,0;1257;1565,2;1;2,2.0,C1: closed 2003-08-31,C1: closed 2003-08-31 | C3: no grade in force on 2020-01-01,False
100846,Waverley School,Southwark,Community school,Secondary,Girls,Closed,Non-selective,Does not apply,535230.0,174963.0,100846,1677-09-21,,,,132711;135816;135073,Harris Girls' Academy East Dulwich;Harris Boys' Academy East Dulwich;Haberdashers' Hatcham College,0;718;1400,1;1;2,1.0,C1: closed 2006-08-31,C1: closed 2006-08-31 | C3: no grade in force on 2020-01-01,False
102998,Carshalton Boys Sports College,Sutton,Community school,Secondary,Boys,Closed,Non-selective,Does not apply,527120.0,165871.0,102998,1677-09-21,2.0,2008-10-15,102998,136799;136800;136797,Carshalton Boys Sports College;Greenshaw High School;Carshalton High School for Girls,0;592;975,2;2;2,2.0,C1: closed 2011-05-31,C1: closed 2011-05-31 | C3: grade 2 not better than comparator median 2.0,False
136799,Carshalton Boys Sports College,Sutton,Academy converter,Secondary,Boys,Open,Non-selective,Does not apply,527120.0,165871.0,136799 < 102998,1677-09-21,2.0,2013-07-03,136799,136800;136797;103013,Greenshaw High School;Carshalton High School for Girls;St Philomena's Catholic High School for Girls,592;975;1531,2;2;1,2.0,C3: grade 2 not better than comparator median 2.0,C3: grade 2 not better than comparator median 2.0,False
102999,Carshalton High School for Girls,Sutton,Community school,Secondary,Girls,Closed,Non-selective,Does not apply,527532.0,164987.0,102999,1677-09-21,,,,136797;103013;136799,Carshalton High School for Girls;St Philomena's Catholic High School for Girls;Carshalton Boys Sports College,0;595;975,2;1;2,2.0,C1: closed 2011-05-31,C1: closed 2011-05-31 | C3: no grade in force on 2020-01-01,False
136797,Carshalton High School for Girls,Sutton,Academy converter,Secondary,Girls,Open,Non-selective,Does not apply,527532.0,164987.0,136797 < 102999,1677-09-21,2.0,2017-11-29,136797,103013;136799;136800,St Philomena's Catholic High School for Girls;Carshalton Boys Sports College;Greenshaw High School,595;975;1226,1;2;2,2.0,C3: grade 2 not better than comparator median 2.0,C3: grade 2 not better than comparator median 2.0,False
103010,Cheam High School,Sutton,Foundation school,Secondary,Mixed,Closed,Non-selective,None,524151.0,164535.0,103010,1677-09-21,1.0,2010-06-15,103010,136785;136914;136756,Cheam High School;Glenthorne High School;Overton Grange School,0;2014;2183,1;1;2,1.0,C1: closed 2011-05-31,C1: closed 2011-05-31 | C3: grade 1 not better than comparator median 1.0,False
103002,Glenthorne High School,Sutton,Foundation school,Secondary,Mixed,Closed,Non-selective,None,525279.0,166203.0,103002,1677-09-21,2.0,2006-12-05,103002,136914;136800;136799,Glenthorne High School;Greenshaw High School;Carshalton Boys Sports College,0;1358;1871,1;2;2,2.0,C1: closed 2011-06-30,C1: closed 2011-06-30 | C3: grade 2 not better than comparator median 2.0,False
103000,Greenshaw High School,Sutton,Community school,Secondary,Mixed,Closed,Non-selective,Does not apply,526548.0,165719.0,103000,1677-09-21,2.0,2007-05-17,103000,136800;136799;136797,Greenshaw High School;Carshalton Boys Sports College;Carshalton High School for Girls,0;592;1226,2;2;2,2.0,C1: closed 2011-05-31,C1: closed 2011-05-31 | C3: grade 2 not better than comparator median 2.0,False
136800,Greenshaw High School,Sutton,Academy converter,Secondary,Mixed,Open,Non-selective,Does not apply,526548.0,165719.0,136800 < 103000,1677-09-21,2.0,2012-07-05,136800,136799;136797;136914,Carshalton Boys Sports College;Carshalton High School for Girls;Glenthorne High School,592;1226;1358,2;2;1,2.0,C3: grade 2 not better than comparator median 2.0,C3: grade 2 not better than comparator median 2.0,False
143706,Harris Academy Sutton,Sutton,Free schools,Secondary,Mixed,Open,Non-selective,None,525922.0,162448.0,143706,2018-09-01,,,,136756;147538;103013,Overton Grange School;Oaks Park High School;St Philomena's Catholic High School for Girls,598;1856;2513,2;4;1,2.0,C1: opened 2018-09-01,C1: opened 2018-09-01 | C3: no grade in force on 2020-01-01,False
103001,Highview High School,Sutton,Community school,Secondary,Mixed,Closed,Non-selective,Does not apply,530312.0,164261.0,103001,1677-09-21,,,,101813;135955;103009,St Andrew's CofE School;Harris Academy Purley;The John Fisher School,1583;1816;1912,4;1;2,2.0,C1: closed 1996-08-31,C1: closed 1996-08-31 | C3: no grade in force on 2020-01-01,False
103008,Nonsuch High School for Girls,Sutton,Foundation school,Secondary,Girls,Closed,Selective,None,523770.0,163313.0,103008,1677-09-21,2.0,2008-02-15,103008,136785;136756;136534,Cheam High School;Overton Grange School;Glyn School,1280;1964;2597,1;2;1,1.0,C1: closed 2011-05-31,"C1: closed 2011-05-31 | C2 (GIAS): Selective, religious character None | C3: grade 2 not better than comparator median 1.0",False
136795,Nonsuch High School for Girls,Sutton,Academy converter,Secondary,Girls,Open,Selective,None,523770.0,163313.0,136795 < 103008,1677-09-21,2.0,2013-10-01,136795,136785;136756;136534,Cheam High School;Overton Grange School;Glyn School,1280;1964;2597,1;2;1,1.0,"C2 (GIAS): Selective, religious character None","C2 (GIAS): Selective, religious character None | C3: grade 2 not better than comparator median 1.0",False
147538,Oaks Park High School,Sutton,Academy converter,Secondary,Mixed,Open,Non-selective,Does not apply,527777.0,162381.0,147538 < 143002 < 103003,1677-09-21,4.0,2019-04-23,143002,103013;136756;103009,St Philomena's Catholic High School for Girls;Overton Grange School;The John Fisher School,2028;2160;2290,1;2;2,2.0,C3: grade 4 not better than comparator median 2.0,C3: grade 4 not better than comparator median 2.0,False
131104,Overton Grange School,Sutton,Community school,Secondary,Mixed,Closed,Non-selective,Does not apply,525710.0,163007.0,131104,1997-09-01,,,,136756;147538;136785,Overton Grange School;Oaks Park High School;Cheam High School,0;2160;2183,2;4;1,2.0,C1: closed 2011-05-31,C1: closed 2011-05-31 | C3: no grade in force on 2020-01-01,False
136756,Overton Grange School,Sutton,Academy converter,Secondary,Mixed,Open,Non-selective,Does not apply,525710.0,163007.0,136756 < 131104,1997-09-01,2.0,2016-02-25,136756,147538;136785;103013,Oaks Park High School;Cheam High School;St Philomena's Catholic High School for Girls,2160;2183;2275,4;1;1,1.0,C3: grade 2 not better than comparator median 1.0,C3: grade 2 not better than comparator median 1.0,False
103013,St Philomena's Catholic High School for Girls,Sutton,Voluntary aided school,Secondary,Girls,Open,Non-selective,Roman Catholic,527515.0,164392.0,103013,1677-09-21,1.0,2008-03-31,103013,136797;136799;136800,Carshalton High School for Girls;Carshalton Boys Sports College;Greenshaw High School,595;1531;1642,2;2;2,2.0,C1: type Voluntary aided school,"C1: type Voluntary aided school | C2 (GIAS): Non-selective, religious character Roman Catholic",False
143002,Stanley Park High,Sutton,Academy converter,Secondary,Mixed,Closed,Non-selective,Does not apply,527831.0,162560.0,143002 < 103003,1677-09-21,4.0,2019-04-23,143002,147538;103013;136756,Oaks Park High School;St Philomena's Catholic High School for Girls;Overton Grange School,187;1859;2168,4;1;2,2.0,C1: closed 2019-08-31,C1: closed 2019-08-31 | C3: grade 4 not better than comparator median 2.0,False
103003,Stanley Park High School,Sutton,Community school,Secondary,Mixed,Closed,Non-selective,Does not apply,527831.0,162560.0,103003,1677-09-21,2.0,2015-11-25,103003,147538;103013;136756,Oaks Park High School;St Philomena's Catholic High School for Girls;Overton Grange School,187;1859;2168,4;1;2,2.0,C1: closed 2016-11-30,C1: closed 2016-11-30 | C3: grade 2 not better than comparator median 2.0,False
136787,Sutton Grammar School,Sutton,Academy converter,Secondary,Boys,Open,Selective,None,526120.0,164447.0,136787 < 103011,1677-09-21,1.0,2008-12-18,103011,136800;103013;136756,Greenshaw High School;St Philomena's Catholic High School for Girls;Overton Grange School,1342;1396;1497,2;1;2,2.0,"C2 (GIAS): Selective, religious character None","C2 (GIAS): Selective, religious character None",False
103011,Sutton Grammar School for Boys,Sutton,Foundation school,Secondary,Boys,Closed,Selective,None,526120.0,164447.0,103011,1677-09-21,1.0,2008-12-18,103011,136800;103013;136756,Greenshaw High School;St Philomena's Catholic High School for Girls;Overton Grange School,1342;1396;1497,2;1;2,2.0,C1: closed 2011-05-31,"C1: closed 2011-05-31 | C2 (GIAS): Selective, religious character None",False
103009,The John Fisher School,Sutton,Voluntary aided school,Secondary,Boys,Open,Non-selective,Roman Catholic,530067.0,162365.0,103009,1677-09-21,2.0,2013-11-18,103009,101821;138187;135955,Thomas More Catholic School;Woodcote High School;Harris Academy Purley,966;1729;1973,2;2;1,2.0,C1: type Voluntary aided school,"C1: type Voluntary aided school | C2 (GIAS): Non-selective, religious character Roman Catholic | C3: grade 2 not better than comparator median 2.0",False
103014,Wallington County Grammar School,Sutton,Foundation school,Secondary,Boys,Closed,Selective,None,528934.0,164954.0,103014,1677-09-21,,,,136797;103013;136799,Carshalton High School for Girls;St Philomena's Catholic High School for Girls;Carshalton Boys Sports College,1402;1526;2033,2;1;2,2.0,C1: closed 2011-05-31,"C1: closed 2011-05-31 | C2 (GIAS): Selective, religious character None | C3: no grade in force on 2020-01-01",False
136798,Wallington County Grammar School,Sutton,Academy converter,Secondary,Boys,Open,Selective,None,528934.0,164954.0,136798 < 103014,1677-09-21,1.0,2017-03-02,136798,136797;103013;136799,Carshalton High School for Girls;St Philomena's Catholic High School for Girls;Carshalton Boys Sports College,1402;1526;2033,2;1;2,2.0,"C2 (GIAS): Selective, religious character None","C2 (GIAS): Selective, religious character None",False
103012,Wallington High School for Girls,Sutton,Foundation school,Secondary,Girls,Closed,Selective,None,529016.0,162617.0,103012,1677-09-21,2.0,2011-02-03,103012,103009;147538;138187,The John Fisher School;Oaks Park High School;Woodcote High School,1081;1261;2017,2;4;2,2.0,C1: closed 2011-05-31,"C1: closed 2011-05-31 | C2 (GIAS): Selective, religious character None | C3: grade 2 not better than comparator median 2.0",False
136789,Wallington High School for Girls,Sutton,Academy converter,Secondary,Girls,Open,Selective,None,529016.0,162617.0,136789 < 103012,1677-09-21,2.0,2011-02-03,103012,103009;147538;138187,The John Fisher School;Oaks Park High School;Woodcote High School,1081;1261;2017,2;4;2,2.0,"C2 (GIAS): Selective, religious character None","C2 (GIAS): Selective, religious character None | C3: grade 2 not better than comparator median 2.0",False
103007,Wilson's School,Sutton,Voluntary aided school,Secondary,Boys,Closed,Selective,Church of England,530432.0,163861.0,103007,1677-09-21,1.0,2007-06-25,103007,135955;103009;101813,Harris Academy Purley;The John Fisher School;St Andrew's CofE School,1518;1540;1735,1;2;4,2.0,C1: type Voluntary aided school; closed 2011-03-31,"C1: type Voluntary aided school; closed 2011-03-31 | C2 (GIAS): Selective, religious character Church of England",False
136621,Wilson's School,Sutton,Academy converter,Secondary,Boys,Open,Selective,Church of England,530432.0,163861.0,136621 < 103007,1677-09-21,1.0,2007-06-25,103007,135955;103009;101813,Harris Academy Purley;The John Fisher School;St Andrew's CofE School,1518;1540;1735,1;2;4,2.0,"C2 (GIAS): Selective, religious character Church of England","C2 (GIAS): Selective, religious character Church of England",False
100971,Bethnal Green Technology College,Tower Hamlets,Community school,Secondary,Mixed,Closed,Non-selective,Does not apply,534008.0,182708.0,100971,1677-09-21,3.0,2010-03-05,100971,137789;100972;100277,Mulberry Academy Shoreditch;Oaklands School;Haggerston School,0;585;586,1;2;2,2.0,C1: closed 2011-12-31,C1: closed 2011-12-31 | C3: grade 3 not better than comparator median 2.0,False
133289,Bishop Challoner Boys' School,Tower Hamlets,Voluntary aided school,Secondary,Boys,Closed,Non-selective,Roman Catholic,535454.0,181196.0,133289 < 100976,1677-09-21,2.0,2018-02-05,133289,100978;100977;144700,Bishop Challoner Catholic School;Stepney All Saints Church of England Secondary School;Mulberry Stepney Green Mathematics and Computing College,127;495;712,1;1;2,1.0,C1: type Voluntary aided school; closed 2023-08-31,"C1: type Voluntary aided school; closed 2023-08-31 | C2 (GIAS): Non-selective, religious character Roman Catholic | C3: grade 2 not better than comparator median 1.0",False
100978,Bishop Challoner Catholic School,Tower Hamlets,Voluntary aided school,Secondary,Mixed,Closed,Non-selective,Roman Catholic,535328.0,181182.0,100978,1677-09-21,1.0,2014-05-09,100978,133289;143629;100977,Bishop Challoner Boys' School;Mulberry School for Girls;Stepney All Saints Church of England Secondary School,127;597;602,2;1;1,1.0,C1: type Voluntary aided school; closed 2024-08-31,"C1: type Voluntary aided school; closed 2024-08-31 | C2 (GIAS): Non-selective, religious character Roman Catholic | C3: grade 1 not better than comparator median 1.0",False
150606,Bishop Challoner Catholic School,Tower Hamlets,Academy converter,Secondary,Mixed,Open,Non-selective,Roman Catholic,535328.0,181182.0,150606 < 100978,1677-09-21,1.0,2014-05-09,100978,133289;143629;100977,Bishop Challoner Boys' School;Mulberry School for Girls;Stepney All Saints Church of England Secondary School,127;597;602,2;1;1,1.0,"C2 (GIAS): Non-selective, religious character Roman Catholic","C2 (GIAS): Non-selective, religious character Roman Catholic | C3: grade 1 not better than comparator median 1.0",False
100965,Bow School,Tower Hamlets,Community school,Secondary,Mixed,Open,Non-selective,Does not apply,538190.0,182375.0,100965,1677-09-21,2.0,2018-05-02,100965,139834;100966;143379,East London Science School;Langdon Park Community School;St Paul's Way Trust School,440;924;1182,2;2;1,2.0,C3: grade 2 not better than comparator median 2.0,C3: grade 2 not better than comparator median 2.0,False
142879,Canary Wharf College Crossharbour,Tower Hamlets,Free schools,Secondary,Mixed,Open,,Christian,537903.0,179152.0,142879,2016-09-01,2.0,2019-05-07,142879,100974;145313;100193,George Green's School;Bacon's College;St Ursula's Convent School,870;2094;2175,2;4;1,2.0,C1: opened 2016-09-01,"C1: opened 2016-09-01 | C2 (GIAS): , religious character Christian | C3: grade 2 not better than comparator median 2.0",False
100975,Central Foundation Girls' School,Tower Hamlets,Voluntary aided school,Secondary,Girls,Open,Non-selective,None,536855.0,182784.0,100975,1677-09-21,2.0,2016-12-01,100975,143379;100967;100965,St Paul's Way Trust School;Morpeth School;Bow School,1013;1332;1396,1;1;2,1.0,C1: type Voluntary aided school,C1: type Voluntary aided school | C3: grade 2 not better than comparator median 1.0,False
100974,George Green's School,Tower Hamlets,Voluntary controlled school,Secondary,Mixed,Open,Non-selective,None,538426.0,178457.0,100974,1677-09-21,2.0,2013-04-22,100974,142879;100193;147439,Canary Wharf College Crossharbour;St Ursula's Convent School;The John Roan School,870;1379;1576,2;1;4,2.0,C3: grade 2 not better than comparator median 2.0,C3: grade 2 not better than comparator median 2.0,False
100966,Langdon Park Community School,Tower Hamlets,Community school,Secondary,Mixed,Open,Non-selective,Does not apply,538021.0,181467.0,100966,1677-09-21,2.0,2016-09-09,100966,100965;143379;139834,Bow School;St Paul's Way Trust School;East London Science School,924;939;1350,2;1;2,2.0,C3: grade 2 not better than comparator median 2.0,C3: grade 2 not better than comparator median 2.0,False
141133,London Enterprise Academy,Tower Hamlets,Free schools,Secondary,Mixed,Open,,None,534393.0,181349.0,141133,2014-09-01,4.0,2019-07-31,141133,138202;143629;100973,Wapping High School;Mulberry School for Girls;Swanlea School,249;355;704,2;1;1,1.0,C3: grade 4 not better than comparator median 1.0,C3: grade 4 not better than comparator median 1.0,False
143716,Mulberry Academy London Dock,Tower Hamlets,Free schools,Secondary,Mixed,Open,Non-selective,None,534294.0,180672.0,143716,2024-09-01,,,,141133;143629;138202,London Enterprise Academy;Mulberry School for Girls;Wapping High School,684;735;756,4;1;2,2.0,C1: opened 2024-09-01,C1: opened 2024-09-01 | C3: no grade in force on 2020-01-01,False
100968,Mulberry School for Girls,Tower Hamlets,Community school,Secondary,Girls,Closed,Non-selective,Does not apply,534736.0,181259.0,100968,1677-09-21,1.0,2013-09-06,100968,143629;138202;141133,Mulberry School for Girls;Wapping High School;London Enterprise Academy,0;126;355,1;2;4,2.0,C1: closed 2017-04-30,C1: closed 2017-04-30,False
144700,Mulberry Stepney Green Mathematics and Computing College,Tower Hamlets,Academy converter,Secondary,Mixed,Open,Non-selective,Does not apply,535898.0,181752.0,144700 < 100969,1677-09-21,2.0,2014-05-09,100969,100977;133289;100978,Stepney All Saints Church of England Secondary School;Bishop Challoner Boys' School;Bishop Challoner Catholic School,237;712;806,1;2;1,1.0,C3: grade 2 not better than comparator median 1.0,C3: grade 2 not better than comparator median 1.0,False
144756,Mulberry UTC,Tower Hamlets,University technical college,Secondary,Mixed,Open,Non-selective,Does not apply,536909.0,183621.0,144756,2017-09-01,,,,100975;140210;100967,Central Foundation Girls' School;Mossbourne Victoria Park Academy;Morpeth School,839;1142;1685,2;2;1,2.0,C1: type University technical college; opened 2017-09-01,C1: type University technical college; opened 2017-09-01 | C3: no grade in force on 2020-01-01,False
100972,Oaklands School,Tower Hamlets,Community school,Secondary,Mixed,Open,Non-selective,Does not apply,534550.0,182928.0,100972,1677-09-21,2.0,2013-07-10,100972,100979;137789;100277,Raine's Foundation School;Mulberry Academy Shoreditch;Haggerston School,255;585;796,3;1;2,2.0,C3: grade 2 not better than comparator median 2.0,C3: grade 2 not better than comparator median 2.0,False
100979,Raine's Foundation School,Tower Hamlets,Voluntary aided school,Secondary,Mixed,Closed,Non-selective,Church of England,534791.0,183010.0,100979,1900-01-01,3.0,2019-08-07,100979,100972;100967;137789,Oaklands School;Morpeth School;Mulberry Academy Shoreditch,255;819;839,2;1;1,1.0,C1: type Voluntary aided school; closed 2020-08-31,"C1: type Voluntary aided school; closed 2020-08-31 | C2 (GIAS): Non-selective, religious character Church of England | C3: grade 3 not better than comparator median 1.0",False
126676,St Bernard's School,Tower Hamlets,Voluntary aided school,Secondary,Mixed,Closed,,None,534223.0,182408.0,126676,1677-09-21,,,,137789;100972;100973,Mulberry Academy Shoreditch;Oaklands School;Swanlea School,369;614;629,1;2;1,1.0,C1: type Voluntary aided school; closed 1991-08-31,C1: type Voluntary aided school; closed 1991-08-31 | C3: no grade in force on 2020-01-01,False
100970,St Paul's Way Trust School,Tower Hamlets,Foundation school,All-through,Mixed,Closed,Non-selective,None,537149.0,181815.0,100970,1677-09-21,1.0,2013-04-22,100970,143379;100966;100975,St Paul's Way Trust School;Langdon Park Community School;Central Foundation Girls' School,0;939;1013,1;2;2,2.0,C1: closed 2016-08-31,C1: closed 2016-08-31,False
126677,St Philip Howard School,Tower Hamlets,Community school,Secondary,Mixed,Closed,,Does not apply,537432.0,181208.0,126677,1677-09-21,,,,100966;143379;100965,Langdon Park Community School;St Paul's Way Trust School;Bow School,643;670;1392,2;1;2,2.0,C1: closed 1991-08-31,C1: closed 1991-08-31 | C3: no grade in force on 2020-01-01,False
100977,Stepney All Saints Church of England Secondary School,Tower Hamlets,Voluntary aided school,Secondary,Mixed,Open,Non-selective,Church of England,535821.0,181528.0,100977,1677-09-21,1.0,2015-12-10,100977,144700;133289;100978,Mulberry Stepney Green Mathematics and Computing College;Bishop Challoner Boys' School;Bishop Challoner Catholic School,237;495;602,2;2;1,2.0,C1: type Voluntary aided school,"C1: type Voluntary aided school | C2 (GIAS): Non-selective, religious character Church of England",False
100969,Stepney Green Mathematics and Computing College,Tower Hamlets,Community school,Secondary,Boys,Closed,Non-selective,Does not apply,535898.0,181752.0,100969,1677-09-21,2.0,2014-05-09,100969,144700;100977;133289,Mulberry Stepney Green Mathematics and Computing College;Stepney All Saints Church of England Secondary School;Bishop Challoner Boys' School,0;237;712,2;1;2,2.0,C1: closed 2018-02-28,C1: closed 2018-02-28 | C3: grade 2 not better than comparator median 2.0,False
100976,The Blessed John Roche Roman Catholic School,Tower Hamlets,Voluntary aided school,Secondary,Boys,Closed,Non-selective,Roman Catholic,537432.0,181208.0,100976,1677-09-21,,,,100966;143379;100965,Langdon Park Community School;St Paul's Way Trust School;Bow School,643;670;1392,2;1;2,2.0,C1: type Voluntary aided school; closed 2005-08-31,"C1: type Voluntary aided school; closed 2005-08-31 | C2 (GIAS): Non-selective, religious character Roman Catholic | C3: no grade in force on 2020-01-01",False
138202,Wapping High School,Tower Hamlets,Free schools,Secondary,Mixed,Open,Non-selective,None,534642.0,181343.0,138202,2012-09-01,2.0,2018-07-23,138202,143629;141133;100973,Mulberry School for Girls;London Enterprise Academy;Swanlea School,126;249;646,1;4;1,1.0,C3: grade 2 not better than comparator median 1.0,C3: grade 2 not better than comparator median 1.0,False
103080,Buxton School,Waltham Forest,Foundation school,All-through,Mixed,Open,Non-selective,None,539733.0,186151.0,103080 < 127032 < 127033 < 103093,1677-09-21,2.0,2017-12-12,103080,143274;139293;142644,Forest Gate Community School;Connaught School for Girls;Sarah Bonnell School,1014;1236;1546,1;2;2,2.0,C3: grade 2 not better than comparator median 2.0,C3: grade 2 not better than comparator median 2.0,False
127041,Cardinal Wiseman School,Waltham Forest,Voluntary aided school,Secondary,,Closed,,None,,,127041,1677-09-21,,,,,,,,,C1: type Voluntary aided school; closed 1988-08-31; no coordinates,C1: type Voluntary aided school; closed 1988-08-31; no coordinates,False
103108,Chingford Foundation School,Waltham Forest,Foundation school,Secondary,Mixed,Closed,Non-selective,None,538024.0,194236.0,103108,1677-09-21,2.0,2011-07-14,103108,138691;103097;102860,Chingford Foundation School;Heathcote School & Science College;Trinity Catholic High School,0;1397;2459,2;2;1,2.0,C1: closed 2012-08-31,C1: closed 2012-08-31 | C3: grade 2 not better than comparator median 2.0,False
138691,Chingford Foundation School,Waltham Forest,Academy converter,Secondary,Mixed,Open,Non-selective,None,538024.0,194236.0,138691 < 103108,1677-09-21,2.0,2014-12-04,138691,103097;102860;137558,Heathcote School & Science College;Trinity Catholic High School;Highams Park School,1397;2459;2498,2;1;2,2.0,C3: grade 2 not better than comparator median 2.0,C3: grade 2 not better than comparator median 2.0,False
103095,Connaught School for Girls,Waltham Forest,Community school,Secondary,Girls,Closed,Non-selective,Does not apply,539036.0,187172.0,103095,1677-09-21,2.0,2011-06-15,103095,139293;143385;103101,Connaught School for Girls;Norlington School and 6th Form;Leytonstone School,0;458;1065,2;2;2,2.0,C1: closed 2013-01-31,C1: closed 2013-01-31 | C3: grade 2 not better than comparator median 2.0,False
139293,Connaught School for Girls,Waltham Forest,Academy converter,Secondary,Girls,Open,Non-selective,Does not apply,539036.0,187172.0,139293 < 103095,1677-09-21,2.0,2011-06-15,103095,143385;103101;103080,Norlington School and 6th Form;Leytonstone School;Buxton School,458;1065;1236,2;2;2,2.0,C3: grade 2 not better than comparator median 2.0,C3: grade 2 not better than comparator median 2.0,False
127042,Corpus Christi High School,Waltham Forest,Voluntary aided school,Secondary,,Closed,,None,,,127042,1677-09-21,,,,,,,,,C1: type Voluntary aided school; closed 1988-08-31; no coordinates,C1: type Voluntary aided school; closed 1988-08-31; no coordinates,False
140957,"Eden Girls' School, Waltham Forest",Waltham Forest,Free schools,Secondary,Girls,Open,,Muslim,535685.0,190166.0,140957,2014-09-01,1.0,2017-06-22,140957,103100;140935;132727,Willowfield School;Harris Academy Tottenham;Walthamstow Academy,925;1260;1401,2;1;2,2.0,"C2 (GIAS): , religious character Muslim","C2 (GIAS): , religious character Muslim",False
103094,Frederick Bremer School,Waltham Forest,Community school,Secondary,Mixed,Open,Non-selective,Does not apply,538394.0,190293.0,103094 < 103099,1677-09-21,2.0,2016-01-11,103094,103106;103103;138859,Holy Family Catholic School;Walthamstow School for Girls;South Chingford Foundation School,604;1257;1283,2;1;2,2.0,C3: grade 2 not better than comparator median 2.0,C3: grade 2 not better than comparator median 2.0,False
103096,George Mitchell School,Waltham Forest,Community school,All-through,Mixed,Closed,Non-selective,Does not apply,537766.0,187341.0,103096,1900-01-01,2.0,2016-02-12,103096,145106;143385;145708,George Mitchell School;Norlington School and 6th Form;Lammas School,0;826;867,2;2;2,2.0,C1: closed 2018-12-31,C1: closed 2018-12-31 | C3: grade 2 not better than comparator median 2.0,False
145106,George Mitchell School,Waltham Forest,Academy converter,All-through,Mixed,Open,Non-selective,Does not apply,537766.0,187341.0,145106 < 103096,1900-01-01,2.0,2016-02-12,103096,143385;145708;139293,Norlington School and 6th Form;Lammas School;Connaught School for Girls,826;867;1281,2;2;2,2.0,C3: grade 2 not better than comparator median 2.0,C3: grade 2 not better than comparator median 2.0,False
103097,Heathcote School & Science College,Waltham Forest,Community school,Secondary,Mixed,Open,Non-selective,Does not apply,539369.0,193857.0,103097,1677-09-21,2.0,2018-10-25,103097,102860;138691;137558,Trinity Catholic High School;Chingford Foundation School;Highams Park School,1239;1397;2079,1;2;2,2.0,C3: grade 2 not better than comparator median 2.0,C3: grade 2 not better than comparator median 2.0,False
103107,Highams Park School,Waltham Forest,Voluntary aided school,Secondary,Mixed,Closed,Non-selective,None,538793.0,191859.0,103107,1677-09-21,1.0,2009-03-24,103107,137558;138859;102860,Highams Park School;South Chingford Foundation School;Trinity Catholic High School,0;1134;1553,2;2;1,2.0,C1: type Voluntary aided school; closed 2011-09-30,C1: type Voluntary aided school; closed 2011-09-30,False
137558,Highams Park School,Waltham Forest,Academy converter,Secondary,Mixed,Open,Non-selective,None,538793.0,191859.0,137558 < 103107,1677-09-21,2.0,2013-06-26,137558,138859;102860;103094,South Chingford Foundation School;Trinity Catholic High School;Frederick Bremer School,1134;1553;1616,2;1;2,2.0,C3: grade 2 not better than comparator median 2.0,C3: grade 2 not better than comparator median 2.0,False
103106,Holy Family Catholic School,Waltham Forest,Voluntary aided school,Secondary,Mixed,Open,Non-selective,Roman Catholic,538138.0,189746.0,103106,1677-09-21,2.0,2014-04-29,103106,103094;103103;132727,Frederick Bremer School;Walthamstow School for Girls;Walthamstow Academy,604;666;1611,2;1;2,2.0,C1: type Voluntary aided school,"C1: type Voluntary aided school | C2 (GIAS): Non-selective, religious character Roman Catholic | C3: grade 2 not better than comparator median 2.0",False
103105,Kelmscott School,Waltham Forest,Community school,Secondary,Mixed,Open,Non-selective,Does not apply,536724.0,188142.0,103105,1677-09-21,2.0,2016-07-11,103105,145708;145106;103100,Lammas School;George Mitchell School;Willowfield School,1094;1314;1393,2;2;2,2.0,C3: grade 2 not better than comparator median 2.0,C3: grade 2 not better than comparator median 2.0,False
145708,Lammas School,Waltham Forest,Academy converter,Secondary,Mixed,Open,Non-selective,Does not apply,536942.0,187070.0,145708 < 133287,2001-09-01,2.0,2017-06-29,133287,145106;103105;143385,George Mitchell School;Kelmscott School;Norlington School and 6th Form,867;1094;1659,2;2;2,2.0,C3: grade 2 not better than comparator median 2.0,C3: grade 2 not better than comparator median 2.0,False
133287,Lammas School and Sixth Form,Waltham Forest,Community school,Secondary,Mixed,Closed,Non-selective,Does not apply,536942.0,187070.0,133287,2001-09-01,2.0,2017-06-29,133287,145708;145106;103105,Lammas School;George Mitchell School;Kelmscott School,0;867;1094,2;2;2,2.0,C1: closed 2018-11-30,C1: closed 2018-11-30 | C3: grade 2 not better than comparator median 2.0,False
127036,Leyton Senior High School,Waltham Forest,Community school,Secondary,,Closed,,Does not apply,,,127036,1677-09-21,,,,,,,,,C1: closed 1988-08-31; no coordinates,C1: closed 1988-08-31; no coordinates,False
127039,Leyton Sixth Form College,Waltham Forest,Community school,Secondary,,Closed,,Does not apply,,,127039,1677-09-21,,,,,,,,,C1: closed 1993-03-31; no coordinates,C1: closed 1993-03-31; no coordinates,False
103101,Leytonstone School,Waltham Forest,Community school,Secondary,Mixed,Open,Non-selective,Does not apply,539160.0,188230.0,103101,1677-09-21,2.0,2016-07-08,103101,139293;143385;145106,Connaught School for Girls;Norlington School and 6th Form;George Mitchell School,1065;1116;1653,2;2;2,2.0,C3: grade 2 not better than comparator median 2.0,C3: grade 2 not better than comparator median 2.0,False
103098,Norlington School and 6th Form,Waltham Forest,Community school,Secondary,Boys,Closed,Non-selective,Does not apply,538589.0,187271.0,103098,1677-09-21,2.0,2013-10-04,103098,143385;139293;145106,Norlington School and 6th Form;Connaught School for Girls;George Mitchell School,0;458;826,2;2;2,2.0,C1: closed 2016-08-31,C1: closed 2016-08-31 | C3: grade 2 not better than comparator median 2.0,False
143385,Norlington School and 6th Form,Waltham Forest,Academy converter,Secondary,Boys,Open,Non-selective,Does not apply,538589.0,187271.0,143385 < 103098,1677-09-21,2.0,2013-10-04,103098,139293;145106;103101,Connaught School for Girls;George Mitchell School;Leytonstone School,458;826;1116,2;2;2,2.0,C3: grade 2 not better than comparator median 2.0,C3: grade 2 not better than comparator median 2.0,False
103104,Rush Croft Sports College,Waltham Forest,Community school,Secondary,Mixed,Closed,Non-selective,Does not apply,537754.0,191405.0,103104,1677-09-21,,,,138859;132727;137558,South Chingford Foundation School;Walthamstow Academy;Highams Park School,0;1017;1134,2;2;2,2.0,C1: closed 2012-09-30,C1: closed 2012-09-30 | C3: no grade in force on 2020-01-01,False
127037,Sir George Monoux School,Waltham Forest,Community school,Secondary,,Closed,,Does not apply,,,127037,1677-09-21,,,,,,,,,C1: closed 1988-08-31; no coordinates,C1: closed 1988-08-31; no coordinates,False
127040,Sir George Monoux Sixth Form College,Waltham Forest,Community school,Secondary,,Closed,,Does not apply,,,127040,1677-09-21,,,,,,,,,C1: closed 1993-03-31; no coordinates,C1: closed 1993-03-31; no coordinates,False
138859,South Chingford Foundation School,Waltham Forest,Academy sponsor led,Secondary,Mixed,Open,Non-selective,Does not apply,537754.0,191405.0,138859 < 103104,1677-09-21,2.0,2016-06-13,138859,132727;137558;103094,Walthamstow Academy;Highams Park School;Frederick Bremer School,1017;1134;1283,2;2;2,2.0,C3: grade 2 not better than comparator median 2.0,C3: grade 2 not better than comparator median 2.0,False
103102,The McEntee School,Waltham Forest,Community school,Secondary,Mixed,Closed,Non-selective,Does not apply,536954.0,190913.0,103102,1677-09-21,,,,132727;138859;140957,"Walthamstow Academy;South Chingford Foundation School;Eden Girls' School, Waltham Forest",106;939;1473,2;2;1,2.0,C1: closed 2006-08-31,C1: closed 2006-08-31 | C3: no grade in force on 2020-01-01,False
103093,Tom Hood Community Science College,Waltham Forest,Foundation school,Secondary,Mixed,Closed,Non-selective,None,539684.0,186311.0,103093,1677-09-21,,,,103080;139293;143274,Buxton School;Connaught School for Girls;Forest Gate Community School,167;1078;1171,2;2;1,2.0,C1: closed 2009-12-31,C1: closed 2009-12-31 | C3: no grade in force on 2020-01-01,False
132727,Walthamstow Academy,Waltham Forest,Academy sponsor led,Secondary,Mixed,Open,Non-selective,Christian,536929.0,190810.0,132727 < 103102,1677-09-21,2.0,2014-03-28,132727,138859;140957;103094,"South Chingford Foundation School;Eden Girls' School, Waltham Forest;Frederick Bremer School",1017;1401;1554,2;1;2,2.0,"C2 (GIAS): Non-selective, religious character Christian","C2 (GIAS): Non-selective, religious character Christian | C3: grade 2 not better than comparator median 2.0",False
103099,Warwick School for Boys,Waltham Forest,Community school,Secondary,Boys,Closed,Non-selective,Does not apply,538491.0,189249.0,103099,1677-09-21,,,,103106;103103;103094,Holy Family Catholic School;Walthamstow School for Girls;Frederick Bremer School,610;798;1048,2;1;2,2.0,C1: closed 2008-08-31,C1: closed 2008-08-31 | C3: no grade in force on 2020-01-01,False
127038,William Morris School,Waltham Forest,Community school,Secondary,,Closed,,Does not apply,,,127038,1677-09-21,,,,,,,,,C1: closed 1989-08-31; no coordinates,C1: closed 1989-08-31; no coordinates,False
103100,Willowfield School,Waltham Forest,Community school,Secondary,Mixed,Open,Non-selective,Does not apply,535903.0,189267.0,103100,1677-09-21,2.0,2012-02-02,103100,140957;103105;140935,"Eden Girls' School, Waltham Forest;Kelmscott School;Harris Academy Tottenham",925;1393;1541,1;2;1,1.0,C3: grade 2 not better than comparator median 1.0,C3: grade 2 not better than comparator median 1.0,False
138267,Ark Bolingbroke Academy,Wandsworth,Free schools,Secondary,Mixed,Open,Non-selective,None,527362.0,174607.0,138267,2012-09-01,2.0,2014-03-06,138267,136883;134815;140985,Chestnut Grove Academy;The Elms Academy;Harris Academy Battersea,1555;1888;2001,2;3;1,2.0,C3: grade 2 not better than comparator median 2.0,C3: grade 2 not better than comparator median 2.0,False
138681,Ark Putney Academy,Wandsworth,Academy converter,Secondary,Mixed,Open,Non-selective,None,523386.0,174365.0,138681 < 101060,1677-09-21,2.0,2013-03-28,138681,135316;141808;138682,Ashcroft Technology Academy;Saint Cecilia's Church of England School;Southfields Academy,1270;1475;2251,1;2;2,2.0,C3: grade 2 not better than comparator median 2.0,C3: grade 2 not better than comparator median 2.0,False
101055,Battersea Park School,Wandsworth,Foundation school,Secondary,Mixed,Closed,Non-selective,None,527924.0,176527.0,101055,1677-09-21,4.0,2013-07-23,101055,140985;135762;135531,Harris Academy Battersea;Saint John Bosco College;Chelsea Academy,0;894;1715,1;2;1,1.0,C1: closed 2014-08-31,C1: closed 2014-08-31 | C3: grade 4 not better than comparator median 1.0,False
101059,Burntwood School,Wandsworth,Foundation school,Secondary,Girls,Closed,Non-selective,None,526616.0,172577.0,101059,1677-09-21,2.0,2013-11-05,101059,139842;101053;138682,Burntwood School;Ernest Bevin College;Southfields Academy,0;816;1444,2;3;2,2.0,C1: closed 2013-06-30,C1: closed 2013-06-30 | C3: grade 2 not better than comparator median 2.0,False
139842,Burntwood School,Wandsworth,Academy converter,Secondary,Girls,Open,Non-selective,None,526616.0,172577.0,139842 < 101059,1677-09-21,2.0,2016-06-24,139842,101053;138682;136883,Ernest Bevin College;Southfields Academy;Chestnut Grove Academy,816;1444;1839,3;2;2,2.0,C3: grade 2 not better than comparator median 2.0,C3: grade 2 not better than comparator median 2.0,False
136883,Chestnut Grove Academy,Wandsworth,Academy converter,Secondary,Mixed,Open,Non-selective,None,528283.0,173354.0,136883 < 101054,1677-09-21,2.0,2019-03-04,136883,100637;101053;138267,La Retraite Roman Catholic Girls' School;Ernest Bevin College;Ark Bolingbroke Academy,946;1173;1555,1;3;2,2.0,C3: grade 2 not better than comparator median 2.0,C3: grade 2 not better than comparator median 2.0,False
101054,Chestnut Grove School,Wandsworth,Foundation school,Secondary,Mixed,Closed,Non-selective,None,528283.0,173354.0,101054,1677-09-21,1.0,2008-04-01,101054,136883;100637;101053,Chestnut Grove Academy;La Retraite Roman Catholic Girls' School;Ernest Bevin College,0;946;1173,2;1;3,2.0,C1: closed 2011-06-30,C1: closed 2011-06-30,False
101060,Elliott School,Wandsworth,Foundation school,Secondary,Mixed,Closed,Non-selective,None,523386.0,174365.0,101060,1677-09-21,3.0,2010-12-09,101060,138681;135316;141808,Ark Putney Academy;Ashcroft Technology Academy;Saint Cecilia's Church of England School,0;1270;1475,2;1;2,2.0,C1: closed 2012-08-31,C1: closed 2012-08-31 | C3: grade 3 not better than comparator median 2.0,False
149543,Ernest Bevin Academy,Wandsworth,Academy converter,Secondary,Boys,Open,Non-selective,Does not apply,527431.0,172548.0,149543 < 101053,1677-09-21,3.0,2018-12-04,101053,139842;136883;137005,Burntwood School;Chestnut Grove Academy;Graveney School,816;1173;1987,2;2;1,2.0,C3: grade 3 not better than comparator median 2.0,C3: grade 3 not better than comparator median 2.0,False
101053,Ernest Bevin College,Wandsworth,Community school,Secondary,Boys,Closed,Non-selective,Does not apply,527431.0,172548.0,101053,1677-09-21,3.0,2018-12-04,101053,139842;136883;137005,Burntwood School;Chestnut Grove Academy;Graveney School,816;1173;1987,2;2;1,2.0,C1: closed 2023-02-28,C1: closed 2023-02-28 | C3: grade 3 not better than comparator median 2.0,False
101058,Graveney School,Wandsworth,Foundation school,Secondary,Mixed,Closed,Non-selective,None,528592.0,170936.0,101058,1677-09-21,1.0,2011-06-09,101058,137005;100590;134003,Graveney School;Woodmansterne School;St Mark's Church of England Academy,0;1602;1849,1;2;2,2.0,C1: closed 2011-07-31,C1: closed 2011-07-31,False
126697,John Archer Boys' School,Wandsworth,Community school,Secondary,Boys,Closed,Non-selective,Does not apply,526900.0,174300.0,126697,1677-09-21,,,,138267;136883;139842,Ark Bolingbroke Academy;Chestnut Grove Academy;Burntwood School,555;1676;1746,2;2;2,2.0,C1: closed 1991-08-31,C1: closed 1991-08-31 | C3: no grade in force on 2020-01-01,False
101062,John Paul II School,Wandsworth,Voluntary aided school,Secondary,Mixed,Closed,Non-selective,Roman Catholic,523812.0,173613.0,101062,1677-09-21,,,,141808;138681;135316,Saint Cecilia's Church of England School;Ark Putney Academy;Ashcroft Technology Academy,784;864;1269,2;2;1,2.0,C1: type Voluntary aided school; closed 2011-08-31,"C1: type Voluntary aided school; closed 2011-08-31 | C2 (GIAS): Non-selective, religious character Roman Catholic | C3: no grade in force on 2020-01-01",False
141808,Saint Cecilia's Church of England School,Wandsworth,Academy converter,Secondary,Mixed,Open,Non-selective,Church of England,524589.0,173511.0,141808 < 132173,2003-09-01,2.0,2011-11-03,132173,138682;135316;138681,Southfields Academy;Ashcroft Technology Academy;Ark Putney Academy,820;1065;1475,2;1;2,2.0,"C2 (GIAS): Non-selective, religious character Church of England","C2 (GIAS): Non-selective, religious character Church of England | C3: grade 2 not better than comparator median 2.0",False
132173,"Saint Cecilia's, Wandsworth Church of England School",Wandsworth,Voluntary aided school,Secondary,Mixed,Closed,Non-selective,Church of England,524589.0,173511.0,132173,2003-09-01,2.0,2011-11-03,132173,141808;138682;135316,Saint Cecilia's Church of England School;Southfields Academy;Ashcroft Technology Academy,0;820;1065,2;2;1,2.0,C1: type Voluntary aided school; closed 2015-02-28,"C1: type Voluntary aided school; closed 2015-02-28 | C2 (GIAS): Non-selective, religious character Church of England | C3: grade 2 not better than comparator median 2.0",False
135762,Saint John Bosco College,Wandsworth,Voluntary aided school,Secondary,Mixed,Open,Non-selective,Roman Catholic,527041.0,176668.0,135762 < 101061 < 101062,1677-09-21,2.0,2013-03-21,135762,135531;140985;137157,Chelsea Academy;Harris Academy Battersea;The London Oratory School,836;894;1706,1;1;1,1.0,C1: type Voluntary aided school,"C1: type Voluntary aided school | C2 (GIAS): Non-selective, religious character Roman Catholic | C3: grade 2 not better than comparator median 1.0",False
101061,Salesian College,Wandsworth,Voluntary aided school,Secondary,Boys,Closed,Non-selective,Roman Catholic,527029.0,176645.0,101061,1677-09-21,,,,135762;135531;140985,Saint John Bosco College;Chelsea Academy;Harris Academy Battersea,26;835;903,2;1;1,1.0,C1: type Voluntary aided school; closed 2011-08-31,"C1: type Voluntary aided school; closed 2011-08-31 | C2 (GIAS): Non-selective, religious character Roman Catholic | C3: no grade in force on 2020-01-01",False
138682,Southfields Academy,Wandsworth,Academy converter,Secondary,Mixed,Open,Non-selective,None,525391.0,173342.0,138682 < 101063,1677-09-21,2.0,2013-07-19,138682,141808;135316;139842,Saint Cecilia's Church of England School;Ashcroft Technology Academy;Burntwood School,820;1444;1444,2;1;2,2.0,C3: grade 2 not better than comparator median 2.0,C3: grade 2 not better than comparator median 2.0,False
101063,Southfields Community College,Wandsworth,Foundation school,Secondary,Mixed,Closed,Non-selective,None,525391.0,173342.0,101063,1677-09-21,1.0,2007-02-08,101063,138682;141808;135316,Southfields Academy;Saint Cecilia's Church of England School;Ashcroft Technology Academy,0;820;1444,2;2;1,2.0,C1: closed 2012-08-31,C1: closed 2012-08-31,False
126698,St Francis Xavier Sixth Form College,Wandsworth,Voluntary aided school,Secondary,,Closed,,None,,,126698,1677-09-21,,,,,,,,,C1: type Voluntary aided school; closed 1993-03-31; no coordinates,C1: type Voluntary aided school; closed 1993-03-31; no coordinates,False
126696,Walsingham School,Wandsworth,Community school,Secondary,Girls,Closed,Non-selective,Does not apply,529883.0,174626.0,126696,1677-09-21,,,,134815;140966;100637,The Elms Academy;Trinity Academy;La Retraite Roman Catholic Girls' School,664;869;1163,3;2;1,2.0,C1: closed 1993-08-31,C1: closed 1993-08-31 | C3: no grade in force on 2020-01-01,False
135242,Ark King Solomon Academy,Westminster,Academy sponsor led,All-through,Mixed,Open,Non-selective,None,527112.0,181851.0,135242,2007-09-01,1.0,2013-06-05,135242,140884;137353;131262,Marylebone Academy;The St Marylebone CofE School;Westminster Academy,591;1191;1605,2;1;1,1.0,C3: grade 1 not better than comparator median 1.0,C3: grade 1 not better than comparator median 1.0,False
145126,Harris Academy St John's Wood,Westminster,Academy sponsor led,Secondary,Mixed,Open,,None,526552.0,183679.0,145126 < 137646 < 101149,1677-09-21,4.0,2017-04-25,137646,137181;139369;101154,The UCL Academy;St George's Catholic School;St Augustine's Federated Schools: CE High School,530;938;1163,2;1;1,1.0,C3: grade 4 not better than comparator median 1.0,C3: grade 4 not better than comparator median 1.0,False
140884,Marylebone Academy,Westminster,Free schools,Secondary,Boys,Open,Non-selective,None,526591.0,181571.0,140884,2014-09-01,2.0,2017-06-16,140884,135242;131262;130912,Ark King Solomon Academy;Westminster Academy;Paddington Academy,591;1099;1280,1;1;1,1.0,C3: grade 2 not better than comparator median 1.0,C3: grade 2 not better than comparator median 1.0,False
101150,North Westminster Community School,Westminster,Community school,Secondary,Mixed,Closed,Non-selective,Does not apply,527124.0,181914.0,101150,1677-09-21,,,,135242;140884;137353,Ark King Solomon Academy;Marylebone Academy;The St Marylebone CofE School,64;634;1174,1;2;1,1.0,C1: closed 2006-08-31,C1: closed 2006-08-31 | C3: no grade in force on 2020-01-01,False
130912,Paddington Academy,Westminster,Academy sponsor led,Secondary,Mixed,Open,Non-selective,Christian,525518.0,182268.0,130912 < 101150,1677-09-21,1.0,2011-11-10,130912,131262;139369;101154,Westminster Academy;St George's Catholic School;St Augustine's Federated Schools: CE High School,502;901;989,1;1;1,1.0,"C2 (GIAS): Non-selective, religious character Christian","C2 (GIAS): Non-selective, religious character Christian | C3: grade 1 not better than comparator median 1.0",False
135676,Pimlico Academy,Westminster,Academy sponsor led,Secondary,Mixed,Open,Non-selective,Does not apply,529431.0,178226.0,135676 < 101148,1677-09-21,1.0,2011-02-12,135676,138313;138312;100625,The Grey Coat Hospital;Westminster City School;Lilian Baylis Technology School,893;1097;1375,1;2;1,1.0,C3: grade 1 not better than comparator median 1.0,C3: grade 1 not better than comparator median 1.0,False
101148,Pimlico School,Westminster,Community school,Secondary,Mixed,Closed,Non-selective,Does not apply,529431.0,178226.0,101148,1677-09-21,3.0,2008-09-08,101148,135676;138313;138312,Pimlico Academy;The Grey Coat Hospital;Westminster City School,0;893;1097,1;1;2,1.0,C1: closed 2008-08-31,C1: closed 2008-08-31 | C3: grade 3 not better than comparator median 1.0,False
137646,Quintin Kynaston,Westminster,Academy converter,Secondary,Mixed,Closed,Non-selective,None,526552.0,183679.0,137646 < 101149,1677-09-21,4.0,2017-04-25,137646,145126;137181;139369,Harris Academy St John's Wood;The UCL Academy;St George's Catholic School,0;530;938,4;2;1,2.0,C1: closed 2017-08-31,C1: closed 2017-08-31 | C3: grade 4 not better than comparator median 2.0,False
101149,Quintin Kynaston School,Westminster,Foundation school,Secondary,Mixed,Closed,Non-selective,None,526552.0,183679.0,101149,1677-09-21,,,,145126;137181;139369,Harris Academy St John's Wood;The UCL Academy;St George's Catholic School,0;530;938,4;2;1,2.0,C1: closed 2011-10-31,C1: closed 2011-10-31 | C3: no grade in force on 2020-01-01,False
144819,Sir Simon Milton Westminster University Technical College,Westminster,University technical college,Secondary,Mixed,Closed,,Does not apply,528761.0,178298.0,144819,2017-09-01,,,,135676;138312;100502,Pimlico Academy;Westminster City School;Saint Thomas More Language College,674;1135;1151,1;2;1,1.0,C1: type University technical college; opened 2017-09-01; closed 2022-08-31,C1: type University technical college; opened 2017-09-01; closed 2022-08-31 | C3: no grade in force on 2020-01-01,False
101154,St Augustine's Federated Schools: CE High School,Westminster,Voluntary aided school,Secondary,Mixed,Open,Non-selective,Church of England,525469.0,183256.0,101154,1677-09-21,1.0,2013-10-10,101154,139369;130912;145126,St George's Catholic School;Paddington Academy;Harris Academy St John's Wood,351;989;1163,1;1;4,1.0,C1: type Voluntary aided school,"C1: type Voluntary aided school | C2 (GIAS): Non-selective, religious character Church of England | C3: grade 1 not better than comparator median 1.0",False
101155,St George's Catholic School,Westminster,Voluntary aided school,Secondary,Mixed,Closed,Non-selective,Roman Catholic,525795.0,183125.0,101155,2000-09-01,1.0,2010-07-15,101155,139369;101154;130912,St George's Catholic School;St Augustine's Federated Schools: CE High School;Paddington Academy,0;351;901,1;1;1,1.0,C1: type Voluntary aided school; closed 2013-02-28,"C1: type Voluntary aided school; closed 2013-02-28 | C2 (GIAS): Non-selective, religious character Roman Catholic | C3: grade 1 not better than comparator median 1.0",False
139369,St George's Catholic School,Westminster,Academy converter,Secondary,Mixed,Open,Non-selective,Roman Catholic,525795.0,183125.0,139369 < 101155,2000-09-01,1.0,2014-12-04,139369,101154;130912;145126,St Augustine's Federated Schools: CE High School;Paddington Academy;Harris Academy St John's Wood,351;901;938,1;1;4,1.0,"C2 (GIAS): Non-selective, religious character Roman Catholic","C2 (GIAS): Non-selective, religious character Roman Catholic | C3: grade 1 not better than comparator median 1.0",False
101151,The Grey Coat Hospital,Westminster,Voluntary aided school,Secondary,Girls,Closed,Non-selective,Church of England,529594.0,179104.0,101151,1677-09-21,1.0,2009-03-26,101151,138313;138312;135676,The Grey Coat Hospital;Westminster City School;Pimlico Academy,0;383;893,1;2;1,1.0,C1: type Voluntary aided school; closed 2012-06-30,"C1: type Voluntary aided school; closed 2012-06-30 | C2 (GIAS): Non-selective, religious character Church of England | C3: grade 1 not better than comparator median 1.0",False
138313,The Grey Coat Hospital,Westminster,Academy converter,Secondary,Girls,Open,Non-selective,Church of England,529594.0,179104.0,138313 < 101151,1677-09-21,1.0,2009-03-26,101151,138312;135676;100625,Westminster City School;Pimlico Academy;Lilian Baylis Technology School,383;893;1606,2;1;1,1.0,"C2 (GIAS): Non-selective, religious character Church of England","C2 (GIAS): Non-selective, religious character Church of England | C3: grade 1 not better than comparator median 1.0",False
101152,The St Marylebone CofE School,Westminster,Voluntary aided school,Secondary,Girls,Closed,Non-selective,Church of England,528296.0,181984.0,101152,1677-09-21,1.0,2007-11-26,101152,137353;135242;100055,The St Marylebone CofE School;Ark King Solomon Academy;Maria Fidelis Catholic School FCJ,0;1191;1613,1;1;2,1.0,C1: type Voluntary aided school; closed 2011-08-31,"C1: type Voluntary aided school; closed 2011-08-31 | C2 (GIAS): Non-selective, religious character Church of England | C3: grade 1 not better than comparator median 1.0",False
137353,The St Marylebone CofE School,Westminster,Academy converter,Secondary,Girls,Open,Non-selective,Church of England,528296.0,181984.0,137353 < 101152,1677-09-21,1.0,2014-05-22,137353,135242;100055;140884,Ark King Solomon Academy;Maria Fidelis Catholic School FCJ;Marylebone Academy,1191;1613;1754,1;2;2,2.0,"C2 (GIAS): Non-selective, religious character Church of England","C2 (GIAS): Non-selective, religious character Church of England",False
131262,Westminster Academy,Westminster,Academy sponsor led,Secondary,Mixed,Open,Non-selective,None,525509.0,181766.0,131262 < 101150,1677-09-21,1.0,2013-03-22,131262,130912;140884;139369,Paddington Academy;Marylebone Academy;St George's Catholic School,502;1099;1389,1;2;1,1.0,C3: grade 1 not better than comparator median 1.0,C3: grade 1 not better than comparator median 1.0,False
101153,Westminster City School,Westminster,Voluntary aided school,Secondary,Boys,Closed,Non-selective,Christian,529272.0,179311.0,101153,1677-09-21,3.0,2010-03-08,101153,138312;138313;135676,Westminster City School;The Grey Coat Hospital;Pimlico Academy,0;383;1097,2;1;1,1.0,C1: type Voluntary aided school; closed 2012-06-30,"C1: type Voluntary aided school; closed 2012-06-30 | C2 (GIAS): Non-selective, religious character Christian | C3: grade 3 not better than comparator median 1.0",False
138312,Westminster City School,Westminster,Academy converter,Secondary,Boys,Open,Non-selective,Christian,529272.0,179311.0,138312 < 101153,1677-09-21,2.0,2013-02-08,138312,138313;135676;100502,The Grey Coat Hospital;Pimlico Academy;Saint Thomas More Language College,383;1097;1698,1;1;1,1.0,"C2 (GIAS): Non-selective, religious character Christian","C2 (GIAS): Non-selective, religious character Christian | C3: grade 2 not better than comparator median 1.0",False
